region,Лёгкий,Опасный
altaiskii-krai,16553,9529
amurskaia-oblast,8170,3151
arkhangelskaia-oblast,6965,4612
astrakhanskaia-oblast,6224,4686
belgorodskaia-oblast,5761,5742
brianskaia-oblast,4269,5073
chechenskaia-respublika,489,1910
cheliabinskaia-oblast,18830,11929
chukotskii-avtonomnyi-okrug,95,128
chuvashskaia-respublika-chuvashiia,6693,4665
evreiskaia-avtonomnaia-oblast,1276,778
iamalo-nenetskii-avtonomnyi-okrug,2130,1825
iaroslavskaia-oblast,9926,6329
irkutskaia-oblast,16066,11689
ivanovskaia-oblast,8144,3648
kabardino-balkarskaia-respublika,1712,4285
kaliningradskaia-oblast,6346,4246
kaluzhskaia-oblast,8968,4639
kamchatskii-krai,2646,1810
karachaevo-cherkesskaia-respublika,1579,3100
kemerovskaia-oblast-kuzbass,14775,11187
khabarovskii-krai,10587,5795
khanty-mansiiskii-avtonomnyi-okrug-iugra,9167,5885
kirovskaia-oblast,11007,4247
kostromskaia-oblast,5063,2341
krasnodarskii-krai,22337,37807
krasnoiarskii-krai,20064,12482
kurganskaia-oblast,5043,4303
kurskaia-oblast,8570,5179
leningradskaia-oblast,12147,12543
lipetskaia-oblast,6367,7032
magadanskaia-oblast,1373,841
moskovskaia-oblast,19209,32753
moskva,59155,23159
murmanskaia-oblast,4910,2460
nenetskii-avtonomnyi-okrug,114,170
nizhegorodskaia-oblast,33304,13828
novgorodskaia-oblast,5836,3602
novosibirskaia-oblast,11864,10806
omskaia-oblast,18472,7295
orenburgskaia-oblast,8104,9545
orlovskaia-oblast,4863,2859
penzenskaia-oblast,9763,6792
permskii-krai,16663,10361
primorskii-krai,15342,10560
pskovskaia-oblast,5185,3610
respublika-adygeia-adygeia,2098,2464
respublika-altai,1520,1518
respublika-bashkortostan,23387,14865
respublika-buriatiia,6172,4688
respublika-dagestan,4550,10320
respublika-ingushetiia,482,1409
respublika-kalmykiia,2385,2134
respublika-kareliia,3317,2879
respublika-khakasiia,2667,2891
respublika-komi,5846,3495
respublika-krym,8279,8313
respublika-marii-el,4012,3239
respublika-mordoviia,4606,3690
respublika-sakha-iakutiia,4561,3552
respublika-severnaia-osetiia-alaniia,3384,4009
respublika-tatarstan-tatarstan,25953,13860
respublika-tyva,1745,2902
riazanskaia-oblast,10412,5369
rostovskaia-oblast,16665,16135
sakhalinskaia-oblast,2731,3038
samarskaia-oblast,18459,13844
sankt-peterburg,33999,19004
saratovskaia-oblast,12578,15493
sevastopol,4260,1203
smolenskaia-oblast,4810,4404
stavropolskii-krai,10199,16278
sverdlovskaia-oblast,13382,13816
tambovskaia-oblast,7157,5061
tiumenskaia-oblast,20364,4760
tomskaia-oblast,2288,3886
tulskaia-oblast,10559,8683
tverskaia-oblast,9267,6974
udmurtskaia-respublika,11086,5503
ulianovskaia-oblast,6669,5119
vladimirskaia-oblast,9751,7149
volgogradskaia-oblast,11527,11750
vologodskaia-oblast,9160,4540
voronezhskaia-oblast,13666,13399
zabaikalskii-krai,5432,5845
