weather,Лёгкий,Опасный
Дождь,32810,31184
"Дождь, Метель",3,6
"Дождь, Снегопад",194,219
"Дождь, Температура выше +30С",1,3
"Дождь, Температура ниже -30С",0,1
"Дождь, Туман",82,150
"Дождь, Ураганный ветер",22,27
Метель,1413,1629
"Метель, Температура ниже -30С",14,23
"Метель, Туман",1,0
"Метель, Ураганный ветер",41,38
Пасмурно,258248,181005
"Пасмурно, Дождь",4555,4806
"Пасмурно, Метель",227,298
"Пасмурно, Снегопад",5000,3915
"Пасмурно, Температура выше +30С",16,24
"Пасмурно, Температура ниже -30С",243,225
"Пасмурно, Туман",495,749
"Пасмурно, Ураганный ветер",61,90
Снегопад,29339,22137
"Снегопад, Метель",940,1128
"Снегопад, Температура ниже -30С",66,52
"Снегопад, Туман",19,20
"Снегопад, Ураганный ветер",9,18
Туман,1882,3149
"Туман, Температура ниже -30С",281,155
Ясно,482933,365243
"Ясно, Дождь",44,36
"Ясно, Метель",17,19
"Ясно, Температура выше +30С",1493,1364
"Ясно, Температура ниже -30С",993,901
"Ясно, Туман",43,50
"Ясно, Ураганный ветер",26,33
