lat_round,lon_round,region,Лёгкий,Опасный,total,danger_ratio,level
42.97,47.4,respublika-dagestan,0,1,1,1.0,Красный
43.19,43.94,respublika-severnaia-osetiia-alaniia,1,0,1,0.0,Зелёный
43.28,45.88,chechenskaia-respublika,0,1,1,1.0,Красный
43.29,45.71,chechenskaia-respublika,0,1,1,1.0,Красный
43.31,44.24,respublika-severnaia-osetiia-alaniia,0,1,1,1.0,Красный
43.51,40.0,krasnodarskii-krai,0,1,1,1.0,Красный
43.53,43.61,kabardino-balkarskaia-respublika,0,1,1,1.0,Красный
43.56,43.71,kabardino-balkarskaia-respublika,1,0,1,0.0,Зелёный
43.92,43.19,kabardino-balkarskaia-respublika,0,1,1,1.0,Красный
43.96,42.77,stavropolskii-krai,0,1,1,1.0,Красный
44.03,42.01,karachaevo-cherkesskaia-respublika,0,1,1,1.0,Красный
44.05,42.89,stavropolskii-krai,0,1,1,1.0,Красный
44.07,42.82,stavropolskii-krai,1,0,1,0.0,Зелёный
44.16,42.98,stavropolskii-krai,1,0,1,0.0,Зелёный
44.18,42.14,karachaevo-cherkesskaia-respublika,1,0,1,0.0,Зелёный
44.6,40.76,krasnodarskii-krai,0,1,1,1.0,Красный
44.78,44.14,stavropolskii-krai,1,0,1,0.0,Зелёный
44.78,44.17,stavropolskii-krai,0,1,1,1.0,Красный
44.87,34.99,respublika-krym,1,0,1,0.0,Зелёный
45.06,39.14,krasnodarskii-krai,1,0,1,0.0,Зелёный
45.12,35.04,respublika-krym,0,1,1,1.0,Красный
45.21,39.55,krasnodarskii-krai,2,0,2,0.0,Зелёный
45.22,39.6,krasnodarskii-krai,0,1,1,1.0,Красный
45.39,39.37,krasnodarskii-krai,0,1,1,1.0,Красный
45.45,41.97,stavropolskii-krai,1,0,1,0.0,Зелёный
45.8,45.64,respublika-kalmykiia,0,1,1,1.0,Красный
46.32,44.23,respublika-kalmykiia,1,0,1,0.0,Зелёный
47.15,42.48,rostovskaia-oblast,1,0,1,0.0,Зелёный
50.01,46.03,volgogradskaia-oblast,1,0,1,0.0,Зелёный
50.89,40.52,voronezhskaia-oblast,0,1,1,1.0,Красный
51.04,59.87,orenburgskaia-oblast,0,1,1,1.0,Красный
51.66,39.27,voronezhskaia-oblast,1,0,1,0.0,Зелёный
51.69,57.22,respublika-bashkortostan,0,1,1,1.0,Красный
51.77,36.22,kurskaia-oblast,1,0,1,0.0,Зелёный
51.84,55.13,orenburgskaia-oblast,0,1,1,1.0,Красный
51.87,37.71,kurskaia-oblast,0,1,1,1.0,Красный
51.89,55.07,orenburgskaia-oblast,0,1,1,1.0,Красный
51.97,81.79,altaiskii-krai,1,0,1,0.0,Зелёный
52.08,39.75,lipetskaia-oblast,1,0,1,0.0,Зелёный
52.16,46.96,saratovskaia-oblast,0,1,1,1.0,Красный
52.2,40.83,tambovskaia-oblast,1,0,1,0.0,Зелёный
52.2,43.74,saratovskaia-oblast,1,0,1,0.0,Зелёный
52.52,103.85,irkutskaia-oblast,0,1,1,1.0,Красный
52.61,41.34,tambovskaia-oblast,1,0,1,0.0,Зелёный
52.73,48.26,saratovskaia-oblast,0,1,1,1.0,Красный
53.21,50.21,samarskaia-oblast,0,1,1,1.0,Красный
53.44,49.48,samarskaia-oblast,0,1,1,1.0,Красный
53.48,49.48,samarskaia-oblast,0,1,1,1.0,Красный
53.66,49.43,samarskaia-oblast,0,1,1,1.0,Красный
54.18,45.13,respublika-mordoviia,1,0,1,0.0,Зелёный
54.22,45.17,respublika-mordoviia,0,1,1,1.0,Красный
54.58,39.73,riazanskaia-oblast,1,0,1,0.0,Зелёный
54.79,56.03,respublika-bashkortostan,1,0,1,0.0,Зелёный
54.99,73.46,omskaia-oblast,0,1,1,1.0,Красный
55.18,61.49,cheliabinskaia-oblast,1,0,1,0.0,Зелёный
55.21,47.57,chuvashskaia-respublika-chuvashiia,0,1,1,1.0,Красный
55.27,44.72,nizhegorodskaia-oblast,0,1,1,1.0,Красный
55.33,52.04,respublika-tatarstan-tatarstan,0,1,1,1.0,Красный
55.43,47.53,chuvashskaia-respublika-chuvashiia,1,0,1,0.0,Зелёный
55.58,37.61,moskva,0,1,1,1.0,Красный
55.68,37.83,moskva,1,0,1,0.0,Зелёный
55.7,37.81,moskva,0,1,1,1.0,Красный
55.77,49.12,respublika-tatarstan-tatarstan,1,0,1,0.0,Зелёный
55.83,37.4,moskva,1,0,1,0.0,Зелёный
55.84,49.11,respublika-tatarstan-tatarstan,0,1,1,1.0,Красный
55.84,49.35,respublika-tatarstan-tatarstan,1,0,1,0.0,Зелёный
55.86,37.4,moskva,0,1,1,1.0,Красный
56.33,43.97,nizhegorodskaia-oblast,1,0,1,0.0,Зелёный
56.51,34.93,tverskaia-oblast,0,1,1,1.0,Красный
56.57,85.32,tomskaia-oblast,0,1,1,1.0,Красный
56.65,43.08,nizhegorodskaia-oblast,1,0,1,0.0,Зелёный
56.81,44.47,nizhegorodskaia-oblast,0,1,1,1.0,Красный
56.83,53.26,udmurtskaia-respublika,1,0,1,0.0,Зелёный
56.84,59.83,sverdlovskaia-oblast,0,1,1,1.0,Красный
56.94,39.16,iaroslavskaia-oblast,0,1,1,1.0,Красный
56.94,53.16,udmurtskaia-respublika,0,1,1,1.0,Красный
57.2,65.45,tiumenskaia-oblast,1,0,1,0.0,Зелёный
57.54,71.2,omskaia-oblast,0,1,1,1.0,Красный
57.69,41.09,kostromskaia-oblast,1,0,1,0.0,Зелёный
57.76,40.95,kostromskaia-oblast,1,0,1,0.0,Зелёный
58.02,56.29,permskii-krai,0,1,1,1.0,Красный
58.33,57.66,permskii-krai,0,1,1,1.0,Красный
58.36,97.01,krasnoiarskii-krai,0,1,1,1.0,Красный
63.5,120.63,respublika-sakha-iakutiia,0,1,1,1.0,Красный
66.07,76.62,iamalo-nenetskii-avtonomnyi-okrug,0,1,1,1.0,Красный
66.07,76.67,iamalo-nenetskii-avtonomnyi-okrug,1,0,1,0.0,Зелёный
