lat_round,lon_round,region,Лёгкий,Опасный,total,danger_ratio,level
39.0,47.0,rostovskaia-oblast,1,0,1,0.0,Зелёный
42.13,48.24,respublika-dagestan,1,0,1,0.0,Зелёный
42.43,47.13,respublika-dagestan,1,0,1,0.0,Зелёный
42.47,47.4,respublika-dagestan,1,0,1,0.0,Зелёный
42.7,47.57,respublika-dagestan,0,1,1,1.0,Красный
42.81,132.86,primorskii-krai,1,0,1,0.0,Зелёный
42.96,47.5,respublika-dagestan,0,1,1,1.0,Красный
42.98,47.49,respublika-dagestan,1,0,1,0.0,Зелёный
43.03,131.9,primorskii-krai,1,0,1,0.0,Зелёный
43.08,44.81,respublika-severnaia-osetiia-alaniia,1,0,1,0.0,Зелёный
43.14,133.14,primorskii-krai,1,0,1,0.0,Зелёный
43.22,46.2,chechenskaia-respublika,1,0,1,0.0,Зелёный
43.25,39.56,krasnodarskii-krai,1,0,1,0.0,Зелёный
43.27,45.7,chechenskaia-respublika,1,0,1,0.0,Зелёный
43.3,132.06,primorskii-krai,0,1,1,1.0,Красный
43.33,131.89,primorskii-krai,0,1,1,1.0,Красный
43.44,44.78,respublika-ingushetiia,1,0,1,0.0,Зелёный
43.48,43.83,kabardino-balkarskaia-respublika,0,1,1,1.0,Красный
43.53,43.6,kabardino-balkarskaia-respublika,1,0,1,0.0,Зелёный
43.56,43.44,kabardino-balkarskaia-respublika,0,1,1,1.0,Красный
43.57,39.76,krasnodarskii-krai,0,1,1,1.0,Красный
43.6,46.77,respublika-dagestan,1,0,1,0.0,Зелёный
43.64,39.7,krasnodarskii-krai,0,1,1,1.0,Красный
43.69,44.15,kabardino-balkarskaia-respublika,1,0,1,0.0,Зелёный
43.74,44.63,respublika-severnaia-osetiia-alaniia,1,0,1,0.0,Зелёный
43.75,44.63,respublika-severnaia-osetiia-alaniia,0,1,1,1.0,Красный
43.9,131.95,primorskii-krai,1,0,1,0.0,Зелёный
43.94,44.85,stavropolskii-krai,1,0,1,0.0,Зелёный
43.97,43.62,stavropolskii-krai,1,0,1,0.0,Зелёный
44.05,42.99,stavropolskii-krai,1,0,1,0.0,Зелёный
44.15,133.29,primorskii-krai,0,1,1,1.0,Красный
44.17,41.63,karachaevo-cherkesskaia-respublika,0,1,1,1.0,Красный
44.21,131.66,primorskii-krai,1,0,1,0.0,Зелёный
44.32,131.13,primorskii-krai,1,0,1,0.0,Зелёный
44.37,43.59,stavropolskii-krai,1,0,1,0.0,Зелёный
44.51,34.17,respublika-krym,1,0,1,0.0,Зелёный
44.54,46.22,respublika-dagestan,0,1,1,1.0,Красный
44.55,34.31,respublika-krym,1,0,1,0.0,Зелёный
44.56,33.51,sevastopol,1,0,1,0.0,Зелёный
44.58,34.1,respublika-krym,0,1,1,1.0,Красный
44.61,33.52,sevastopol,1,0,1,0.0,Зелёный
44.61,33.87,respublika-krym,0,1,1,1.0,Красный
44.63,41.95,stavropolskii-krai,1,0,1,0.0,Зелёный
44.68,41.8,stavropolskii-krai,0,1,1,1.0,Красный
44.69,45.94,respublika-dagestan,0,1,1,1.0,Красный
44.72,39.7,krasnodarskii-krai,1,0,1,0.0,Зелёный
44.75,33.88,respublika-krym,0,1,1,1.0,Красный
44.75,45.0,stavropolskii-krai,0,1,1,1.0,Красный
44.76,44.98,stavropolskii-krai,1,0,1,0.0,Зелёный
44.87,37.33,krasnodarskii-krai,1,0,1,0.0,Зелёный
44.87,40.07,respublika-adygeia-adygeia,1,0,1,0.0,Зелёный
44.92,53.17,penzenskaia-oblast,1,0,1,0.0,Зелёный
45.0,34.06,respublika-krym,1,0,1,0.0,Зелёный
45.0,39.0,krasnodarskii-krai,1,0,1,0.0,Зелёный
45.03,35.36,respublika-krym,0,1,1,1.0,Красный
45.04,38.97,krasnodarskii-krai,0,2,2,1.0,Красный
45.06,35.8,respublika-krym,0,1,1,1.0,Красный
45.07,35.39,respublika-krym,0,1,1,1.0,Красный
45.12,38.97,krasnodarskii-krai,1,0,1,0.0,Зелёный
45.13,33.71,respublika-krym,1,0,1,0.0,Зелёный
45.19,39.29,krasnodarskii-krai,1,0,1,0.0,Зелёный
45.2,33.37,respublika-krym,1,0,1,0.0,Зелёный
45.2,34.27,respublika-krym,0,1,1,1.0,Красный
45.24,39.2,krasnodarskii-krai,0,1,1,1.0,Красный
45.28,36.18,respublika-krym,1,0,1,0.0,Зелёный
45.3,36.43,respublika-krym,1,0,1,0.0,Зелёный
45.33,39.94,krasnodarskii-krai,1,0,1,0.0,Зелёный
45.36,36.43,respublika-krym,0,1,1,1.0,Красный
45.43,42.54,stavropolskii-krai,1,0,1,0.0,Зелёный
45.92,43.35,stavropolskii-krai,0,1,1,1.0,Красный
46.0,39.98,krasnodarskii-krai,1,0,1,0.0,Зелёный
46.0,142.0,sakhalinskaia-oblast,2,0,2,0.0,Зелёный
46.18,41.09,rostovskaia-oblast,1,0,1,0.0,Зелёный
46.3,44.27,respublika-kalmykiia,1,0,1,0.0,Зелёный
46.35,48.05,astrakhanskaia-oblast,1,0,1,0.0,Зелёный
46.48,134.31,primorskii-krai,1,0,1,0.0,Зелёный
46.54,47.91,astrakhanskaia-oblast,1,0,1,0.0,Зелёный
46.68,38.3,krasnodarskii-krai,1,0,1,0.0,Зелёный
46.88,135.04,primorskii-krai,0,1,1,1.0,Красный
47.0,38.0,rostovskaia-oblast,1,0,1,0.0,Зелёный
47.04,42.86,rostovskaia-oblast,1,0,1,0.0,Зелёный
47.11,39.64,rostovskaia-oblast,1,0,1,0.0,Зелёный
47.12,43.87,rostovskaia-oblast,1,0,1,0.0,Зелёный
47.21,39.68,rostovskaia-oblast,0,1,1,1.0,Красный
47.24,39.62,rostovskaia-oblast,0,1,1,1.0,Красный
47.25,47.47,astrakhanskaia-oblast,1,0,1,0.0,Зелёный
47.26,43.23,rostovskaia-oblast,0,1,1,1.0,Красный
47.3,40.33,rostovskaia-oblast,1,0,1,0.0,Зелёный
47.36,134.5,khabarovskii-krai,0,1,1,1.0,Красный
47.4,40.34,rostovskaia-oblast,1,0,1,0.0,Зелёный
47.41,40.09,rostovskaia-oblast,1,0,1,0.0,Зелёный
47.65,42.05,rostovskaia-oblast,1,0,1,0.0,Зелёный
47.65,142.0,sakhalinskaia-oblast,1,0,1,0.0,Зелёный
47.66,40.21,rostovskaia-oblast,1,0,1,0.0,Зелёный
47.72,42.0,rostovskaia-oblast,1,0,1,0.0,Зелёный
47.98,39.6,rostovskaia-oblast,1,0,1,0.0,Зелёный
48.01,142.19,sakhalinskaia-oblast,1,0,1,0.0,Зелёный
48.06,40.4,rostovskaia-oblast,1,0,1,0.0,Зелёный
48.09,40.44,rostovskaia-oblast,0,1,1,1.0,Красный
48.28,142.63,sakhalinskaia-oblast,0,1,1,1.0,Красный
48.33,40.27,rostovskaia-oblast,0,1,1,1.0,Красный
48.46,40.3,rostovskaia-oblast,1,0,1,0.0,Зелёный
48.53,134.9,evreiskaia-avtonomnaia-oblast,0,1,1,1.0,Красный
48.56,134.79,evreiskaia-avtonomnaia-oblast,1,0,1,0.0,Зелёный
48.61,44.42,volgogradskaia-oblast,1,0,1,0.0,Зелёный
48.65,43.64,volgogradskaia-oblast,1,0,1,0.0,Зелёный
48.68,44.4,volgogradskaia-oblast,0,1,1,1.0,Красный
48.68,44.48,volgogradskaia-oblast,1,0,1,0.0,Зелёный
48.75,132.95,evreiskaia-avtonomnaia-oblast,0,1,1,1.0,Красный
48.76,44.51,volgogradskaia-oblast,1,0,1,0.0,Зелёный
48.79,132.91,evreiskaia-avtonomnaia-oblast,1,0,1,0.0,Зелёный
48.79,132.93,evreiskaia-avtonomnaia-oblast,1,0,1,0.0,Зелёный
48.81,132.88,evreiskaia-avtonomnaia-oblast,0,1,1,1.0,Красный
48.81,132.89,evreiskaia-avtonomnaia-oblast,1,0,1,0.0,Зелёный
48.83,135.14,khabarovskii-krai,0,1,1,1.0,Красный
49.01,131.74,evreiskaia-avtonomnaia-oblast,0,1,1,1.0,Красный
49.39,45.57,volgogradskaia-oblast,0,1,1,1.0,Красный
49.6,43.04,volgogradskaia-oblast,1,0,1,0.0,Зелёный
49.65,43.61,volgogradskaia-oblast,1,0,1,0.0,Зелёный
49.67,40.11,voronezhskaia-oblast,0,1,1,1.0,Красный
49.72,40.32,voronezhskaia-oblast,1,0,1,0.0,Зелёный
49.8,43.54,volgogradskaia-oblast,1,0,1,0.0,Зелёный
49.8,117.41,zabaikalskii-krai,0,1,1,1.0,Красный
49.91,48.4,rostovskaia-oblast,1,0,1,0.0,Зелёный
50.03,142.67,sakhalinskaia-oblast,1,0,1,0.0,Зелёный
50.16,127.87,amurskaia-oblast,0,1,1,1.0,Красный
50.26,127.54,amurskaia-oblast,1,0,1,0.0,Зелёный
50.3,127.54,amurskaia-oblast,1,0,1,0.0,Зелёный
50.37,103.12,respublika-buriatiia,0,1,1,1.0,Красный
50.42,39.79,voronezhskaia-oblast,0,1,1,1.0,Красный
50.43,36.35,belgorodskaia-oblast,0,1,1,1.0,Красный
50.46,38.29,belgorodskaia-oblast,1,0,1,0.0,Зелёный
50.47,37.89,belgorodskaia-oblast,1,0,1,0.0,Зелёный
50.49,103.52,respublika-buriatiia,0,1,1,1.0,Красный
50.51,142.39,sakhalinskaia-oblast,1,0,1,0.0,Зелёный
50.55,136.99,khabarovskii-krai,1,0,1,0.0,Зелёный
50.58,107.12,respublika-buriatiia,1,0,1,0.0,Зелёный
50.59,41.14,voronezhskaia-oblast,1,0,1,0.0,Зелёный
50.59,107.45,respublika-buriatiia,1,0,1,0.0,Зелёный
50.84,36.31,belgorodskaia-oblast,1,0,1,0.0,Зелёный
50.86,39.47,voronezhskaia-oblast,1,0,1,0.0,Зелёный
50.87,39.12,voronezhskaia-oblast,0,1,1,1.0,Красный
50.91,37.56,belgorodskaia-oblast,1,0,1,0.0,Зелёный
50.92,17.26,kurskaia-oblast,1,0,1,0.0,Зелёный
51.04,41.91,volgogradskaia-oblast,1,0,1,0.0,Зелёный
51.05,107.82,respublika-buriatiia,0,1,1,1.0,Красный
51.07,114.77,zabaikalskii-krai,1,0,1,0.0,Зелёный
51.13,132.94,khabarovskii-krai,0,1,1,1.0,Красный
51.14,41.14,tambovskaia-oblast,1,0,1,0.0,Зелёный
51.14,41.77,tambovskaia-oblast,1,0,1,0.0,Зелёный
51.17,45.65,saratovskaia-oblast,1,0,1,0.0,Зелёный
51.17,94.53,respublika-tyva,1,0,1,0.0,Зелёный
51.19,46.15,saratovskaia-oblast,1,0,1,0.0,Зелёный
51.2,35.64,kurskaia-oblast,0,1,1,1.0,Красный
51.2,36.6,kurskaia-oblast,1,0,1,0.0,Зелёный
51.24,34.8,kurskaia-oblast,1,0,1,0.0,Зелёный
51.29,108.87,zabaikalskii-krai,1,0,1,0.0,Зелёный
51.34,34.41,kurskaia-oblast,1,0,1,0.0,Зелёный
51.37,44.75,saratovskaia-oblast,1,0,1,0.0,Зелёный
51.39,44.76,saratovskaia-oblast,0,1,1,1.0,Красный
51.39,139.96,khabarovskii-krai,1,0,1,0.0,Зелёный
51.4,37.69,kurskaia-oblast,0,1,1,1.0,Красный
51.4,128.1,amurskaia-oblast,0,1,1,1.0,Красный
51.44,54.23,orenburgskaia-oblast,1,0,1,0.0,Зелёный
51.49,45.82,saratovskaia-oblast,0,1,1,1.0,Красный
51.49,45.87,saratovskaia-oblast,0,1,1,1.0,Красный
51.5,45.97,saratovskaia-oblast,1,0,1,0.0,Зелёный
51.52,46.0,saratovskaia-oblast,1,0,1,0.0,Зелёный
51.53,38.02,kurskaia-oblast,0,1,1,1.0,Красный
51.6,116.69,zabaikalskii-krai,0,1,1,1.0,Красный
51.63,45.34,saratovskaia-oblast,0,1,1,1.0,Красный
51.7,94.41,respublika-tyva,1,0,1,0.0,Зелёный
51.7,101.53,respublika-buriatiia,0,1,1,1.0,Красный
51.71,55.11,orenburgskaia-oblast,1,0,1,0.0,Зелёный
51.71,94.42,respublika-tyva,1,0,1,0.0,Зелёный
51.71,103.69,irkutskaia-oblast,1,0,1,0.0,Зелёный
51.72,55.21,orenburgskaia-oblast,0,1,1,1.0,Красный
51.72,94.42,respublika-tyva,1,0,1,0.0,Зелёный
51.73,103.71,irkutskaia-oblast,0,1,1,1.0,Красный
51.77,55.19,orenburgskaia-oblast,1,0,1,0.0,Зелёный
51.83,41.38,tambovskaia-oblast,1,0,1,0.0,Зелёный
51.83,107.6,respublika-buriatiia,1,0,1,0.0,Зелёный
51.84,107.65,respublika-buriatiia,0,1,1,1.0,Красный
51.85,55.73,orenburgskaia-oblast,0,1,1,1.0,Красный
51.86,38.16,kurskaia-oblast,0,1,1,1.0,Красный
51.91,34.54,kurskaia-oblast,0,1,1,1.0,Красный
51.97,40.98,tambovskaia-oblast,0,1,1,1.0,Красный
51.98,47.84,saratovskaia-oblast,1,0,1,0.0,Зелёный
51.99,127.69,amurskaia-oblast,0,1,1,1.0,Красный
52.0,44.68,saratovskaia-oblast,0,1,1,1.0,Красный
52.0,103.0,irkutskaia-oblast,0,1,1,1.0,Красный
52.0,127.64,amurskaia-oblast,0,1,1,1.0,Красный
52.03,113.5,zabaikalskii-krai,0,1,1,1.0,Красный
52.05,104.08,irkutskaia-oblast,1,0,1,0.0,Зелёный
52.1,50.86,samarskaia-oblast,0,1,1,1.0,Красный
52.12,41.68,tambovskaia-oblast,1,0,1,0.0,Зелёный
52.13,128.21,amurskaia-oblast,1,0,1,0.0,Зелёный
52.15,53.77,orenburgskaia-oblast,0,1,1,1.0,Красный
52.17,46.89,saratovskaia-oblast,1,0,1,0.0,Зелёный
52.18,103.25,irkutskaia-oblast,0,1,1,1.0,Красный
52.2,36.74,orlovskaia-oblast,1,0,1,0.0,Зелёный
52.21,34.43,brianskaia-oblast,0,1,1,1.0,Красный
52.21,37.01,orlovskaia-oblast,0,1,1,1.0,Красный
52.21,50.05,samarskaia-oblast,0,1,1,1.0,Красный
52.23,104.3,irkutskaia-oblast,1,0,1,0.0,Зелёный
52.24,104.29,irkutskaia-oblast,1,0,1,0.0,Зелёный
52.25,41.93,tambovskaia-oblast,0,1,1,1.0,Красный
52.26,50.75,samarskaia-oblast,1,0,1,0.0,Зелёный
52.26,104.32,irkutskaia-oblast,1,1,2,0.5,Жёлтый
52.27,53.57,orenburgskaia-oblast,0,1,1,1.0,Красный
52.28,104.32,irkutskaia-oblast,1,0,1,0.0,Зелёный
52.31,36.28,kurskaia-oblast,1,0,1,0.0,Зелёный
52.32,45.58,saratovskaia-oblast,0,1,1,1.0,Красный
52.33,41.36,tambovskaia-oblast,0,1,1,1.0,Красный
52.34,104.23,irkutskaia-oblast,0,1,1,1.0,Красный
52.35,36.67,orlovskaia-oblast,0,1,1,1.0,Красный
52.35,40.24,lipetskaia-oblast,1,0,1,0.0,Зелёный
52.36,104.15,irkutskaia-oblast,0,1,1,1.0,Красный
52.42,38.86,lipetskaia-oblast,0,1,1,1.0,Красный
52.42,58.39,respublika-bashkortostan,1,0,1,0.0,Зелёный
52.42,79.29,altaiskii-krai,1,0,1,0.0,Зелёный
52.46,43.68,penzenskaia-oblast,1,0,1,0.0,Зелёный
52.53,40.28,tambovskaia-oblast,1,0,1,0.0,Зелёный
52.54,35.62,orlovskaia-oblast,1,0,1,0.0,Зелёный
52.56,34.72,kurskaia-oblast,1,0,1,0.0,Зелёный
52.56,40.38,tambovskaia-oblast,0,1,1,1.0,Красный
52.58,39.61,lipetskaia-oblast,0,1,1,1.0,Красный
52.62,35.75,orlovskaia-oblast,0,1,1,1.0,Красный
52.65,104.44,irkutskaia-oblast,1,0,1,0.0,Зелёный
52.68,41.47,tambovskaia-oblast,1,0,1,0.0,Зелёный
52.69,35.8,orlovskaia-oblast,0,1,1,1.0,Красный
52.69,54.42,orenburgskaia-oblast,1,0,1,0.0,Зелёный
52.83,34.51,brianskaia-oblast,0,1,1,1.0,Красный
52.83,37.12,orlovskaia-oblast,0,1,1,1.0,Красный
52.85,58.78,cheliabinskaia-oblast,1,0,1,0.0,Зелёный
52.89,45.39,penzenskaia-oblast,1,0,1,0.0,Зелёный
52.89,53.45,orenburgskaia-oblast,1,0,1,0.0,Зелёный
52.92,36.21,orlovskaia-oblast,0,1,1,1.0,Красный
52.94,36.05,orlovskaia-oblast,1,0,1,0.0,Зелёный
52.94,54.25,orenburgskaia-oblast,1,0,1,0.0,Зелёный
52.96,36.18,orlovskaia-oblast,0,1,1,1.0,Красный
52.97,36.07,orlovskaia-oblast,1,0,1,0.0,Зелёный
52.97,37.04,orlovskaia-oblast,1,0,1,0.0,Зелёный
52.98,36.06,orlovskaia-oblast,1,0,1,0.0,Зелёный
52.99,35.79,orlovskaia-oblast,1,0,1,0.0,Зелёный
52.99,49.68,samarskaia-oblast,1,0,1,0.0,Зелёный
53.06,158.63,kamchatskii-krai,1,0,1,0.0,Зелёный
53.1,45.08,penzenskaia-oblast,1,0,1,0.0,Зелёный
53.1,91.4,respublika-khakasiia,1,0,1,0.0,Зелёный
53.1,106.94,irkutskaia-oblast,1,0,1,0.0,Зелёный
53.11,44.8,penzenskaia-oblast,1,0,1,0.0,Зелёный
53.12,46.56,penzenskaia-oblast,1,0,1,0.0,Зелёный
53.14,38.1,tulskaia-oblast,1,0,1,0.0,Зелёный
53.15,4.97,penzenskaia-oblast,1,0,1,0.0,Зелёный
53.15,103.08,irkutskaia-oblast,1,0,1,0.0,Зелёный
53.16,53.93,orenburgskaia-oblast,0,1,1,1.0,Красный
53.19,45.04,penzenskaia-oblast,1,0,1,0.0,Зелёный
53.22,44.92,penzenskaia-oblast,1,0,1,0.0,Зелёный
53.22,45.2,penzenskaia-oblast,1,0,1,0.0,Зелёный
53.22,50.19,samarskaia-oblast,1,0,1,0.0,Зелёный
53.22,83.44,altaiskii-krai,1,0,1,0.0,Зелёный
53.22,83.46,altaiskii-krai,1,0,1,0.0,Зелёный
53.24,34.33,brianskaia-oblast,0,1,1,1.0,Красный
53.24,49.24,samarskaia-oblast,1,0,1,0.0,Зелёный
53.25,34.33,brianskaia-oblast,1,0,1,0.0,Зелёный
53.3,84.29,altaiskii-krai,1,0,1,0.0,Зелёный
53.34,55.94,respublika-bashkortostan,0,1,1,1.0,Красный
53.34,55.95,respublika-bashkortostan,0,1,1,1.0,Красный
53.35,50.23,samarskaia-oblast,0,1,1,1.0,Красный
53.36,41.38,tambovskaia-oblast,0,1,1,1.0,Красный
53.38,58.97,cheliabinskaia-oblast,1,0,1,0.0,Зелёный
53.38,59.1,cheliabinskaia-oblast,1,0,1,0.0,Зелёный
53.39,58.99,cheliabinskaia-oblast,1,0,1,0.0,Зелёный
53.43,59.16,cheliabinskaia-oblast,1,0,1,0.0,Зелёный
53.44,58.95,cheliabinskaia-oblast,1,0,1,0.0,Зелёный
53.46,59.11,cheliabinskaia-oblast,0,1,1,1.0,Красный
53.46,61.09,cheliabinskaia-oblast,0,1,1,1.0,Красный
53.52,59.82,cheliabinskaia-oblast,1,0,1,0.0,Зелёный
53.55,54.83,respublika-bashkortostan,0,1,1,1.0,Красный
53.57,109.65,respublika-buriatiia,1,0,1,0.0,Зелёный
53.58,42.4,tomskaia-oblast,0,1,1,1.0,Красный
53.59,142.95,sakhalinskaia-oblast,0,1,1,1.0,Красный
53.61,83.76,altaiskii-krai,0,1,1,1.0,Красный
53.65,53.68,orenburgskaia-oblast,0,1,1,1.0,Красный
53.67,42.39,tambovskaia-oblast,0,1,1,1.0,Красный
53.72,91.38,respublika-khakasiia,0,1,1,1.0,Красный
53.74,53.19,orenburgskaia-oblast,1,0,1,0.0,Зелёный
53.74,86.95,kemerovskaia-oblast-kuzbass,0,1,1,1.0,Красный
53.75,41.0,riazanskaia-oblast,1,0,1,0.0,Зелёный
53.8,33.04,smolenskaia-oblast,1,0,1,0.0,Зелёный
53.82,87.16,kemerovskaia-oblast-kuzbass,1,0,1,0.0,Зелёный
53.85,44.87,penzenskaia-oblast,1,0,1,0.0,Зелёный
53.86,86.67,kemerovskaia-oblast-kuzbass,1,0,1,0.0,Зелёный
53.87,59.22,cheliabinskaia-oblast,1,0,1,0.0,Зелёный
53.87,86.65,kemerovskaia-oblast-kuzbass,1,0,1,0.0,Зелёный
53.89,86.73,kemerovskaia-oblast-kuzbass,1,0,1,0.0,Зелёный
53.9,51.22,samarskaia-oblast,1,1,2,0.5,Жёлтый
53.9,86.77,kemerovskaia-oblast-kuzbass,1,0,1,0.0,Зелёный
53.94,60.07,cheliabinskaia-oblast,0,1,1,1.0,Красный
53.95,103.65,irkutskaia-oblast,1,0,1,0.0,Зелёный
54.0,32.0,smolenskaia-oblast,0,1,1,1.0,Красный
54.0,83.0,novosibirskaia-oblast,1,0,1,0.0,Зелёный
54.03,103.11,irkutskaia-oblast,1,0,1,0.0,Зелёный
54.03,103.64,irkutskaia-oblast,1,0,1,0.0,Зелёный
54.07,52.21,samarskaia-oblast,0,1,1,1.0,Красный
54.12,45.07,respublika-mordoviia,0,1,1,1.0,Красный
54.12,47.63,ulianovskaia-oblast,1,0,1,0.0,Зелёный
54.19,32.66,smolenskaia-oblast,0,1,1,1.0,Красный
54.2,58.59,respublika-bashkortostan,0,1,1,1.0,Красный
54.23,38.72,riazanskaia-oblast,1,0,1,0.0,Зелёный
54.23,45.15,respublika-mordoviia,1,0,1,0.0,Зелёный
54.29,40.37,riazanskaia-oblast,1,0,1,0.0,Зелёный
54.3,48.09,ulianovskaia-oblast,1,0,1,0.0,Зелёный
54.3,48.3,ulianovskaia-oblast,0,1,1,1.0,Красный
54.33,103.52,irkutskaia-oblast,0,1,1,1.0,Красный
54.46,72.53,omskaia-oblast,0,1,1,1.0,Красный
54.47,47.53,ulianovskaia-oblast,1,0,1,0.0,Зелёный
54.48,52.82,orenburgskaia-oblast,1,0,1,0.0,Зелёный
54.53,52.8,respublika-tatarstan-tatarstan,0,1,1,1.0,Красный
54.55,63.02,cheliabinskaia-oblast,1,0,1,0.0,Зелёный
54.56,32.94,smolenskaia-oblast,1,0,1,0.0,Зелёный
54.56,55.22,respublika-bashkortostan,0,1,1,1.0,Красный
54.58,86.32,kemerovskaia-oblast-kuzbass,0,1,1,1.0,Красный
54.59,53.45,respublika-tatarstan-tatarstan,0,1,1,1.0,Красный
54.6,39.79,riazanskaia-oblast,2,0,2,0.0,Зелёный
54.6,43.81,respublika-mordoviia,1,0,1,0.0,Зелёный
54.63,39.71,riazanskaia-oblast,1,0,1,0.0,Зелёный
54.63,39.74,riazanskaia-oblast,1,0,1,0.0,Зелёный
54.63,59.7,respublika-bashkortostan,0,1,1,1.0,Красный
54.64,73.87,omskaia-oblast,1,0,1,0.0,Зелёный
54.64,100.63,irkutskaia-oblast,1,0,1,0.0,Зелёный
54.66,39.68,riazanskaia-oblast,1,0,1,0.0,Зелёный
54.67,71.95,omskaia-oblast,0,1,1,1.0,Красный
54.7,37.17,kaluzhskaia-oblast,1,0,1,0.0,Зелёный
54.74,20.51,kaliningradskaia-oblast,1,0,1,0.0,Зелёный
54.74,20.56,kaliningradskaia-oblast,0,1,1,1.0,Красный
54.74,32.08,smolenskaia-oblast,1,0,1,0.0,Зелёный
54.75,55.91,respublika-bashkortostan,1,0,1,0.0,Зелёный
54.78,56.03,respublika-bashkortostan,1,0,1,0.0,Зелёный
54.79,38.24,moskovskaia-oblast,0,1,1,1.0,Красный
54.82,31.98,smolenskaia-oblast,1,0,1,0.0,Зелёный
54.82,56.13,respublika-bashkortostan,0,1,1,1.0,Красный
54.84,86.22,kemerovskaia-oblast-kuzbass,0,1,1,1.0,Красный
54.86,43.8,nizhegorodskaia-oblast,1,0,1,0.0,Зелёный
54.89,99.03,irkutskaia-oblast,0,1,1,1.0,Красный
54.91,20.65,kaliningradskaia-oblast,1,0,1,0.0,Зелёный
54.93,58.14,cheliabinskaia-oblast,1,0,1,0.0,Зелёный
54.94,20.3,kaliningradskaia-oblast,0,1,1,1.0,Красный
54.95,60.61,cheliabinskaia-oblast,0,1,1,1.0,Красный
54.96,31.0,smolenskaia-oblast,1,0,1,0.0,Зелёный
54.96,31.08,smolenskaia-oblast,1,0,1,0.0,Зелёный
54.97,58.86,cheliabinskaia-oblast,1,0,1,0.0,Зелёный
54.97,71.66,omskaia-oblast,1,0,1,0.0,Зелёный
54.97,71.67,omskaia-oblast,1,0,1,0.0,Зелёный
54.98,60.36,cheliabinskaia-oblast,1,0,1,0.0,Зелёный
54.98,73.33,omskaia-oblast,1,0,1,0.0,Зелёный
54.98,82.89,novosibirskaia-oblast,1,0,1,0.0,Зелёный
55.0,59.07,cheliabinskaia-oblast,0,1,1,1.0,Красный
55.0,61.0,cheliabinskaia-oblast,1,0,1,0.0,Зелёный
55.0,82.86,novosibirskaia-oblast,2,0,2,0.0,Зелёный
55.0,83.02,novosibirskaia-oblast,1,0,1,0.0,Зелёный
55.02,73.12,omskaia-oblast,0,1,1,1.0,Красный
55.03,73.15,omskaia-oblast,0,1,1,1.0,Красный
55.03,73.31,omskaia-oblast,0,1,1,1.0,Красный
55.06,82.99,novosibirskaia-oblast,1,0,1,0.0,Зелёный
55.1,59.17,cheliabinskaia-oblast,1,0,1,0.0,Зелёный
55.13,58.88,cheliabinskaia-oblast,1,0,1,0.0,Зелёный
55.15,37.11,moskva,0,1,1,1.0,Красный
55.15,37.66,moskva,1,0,1,0.0,Зелёный
55.15,40.58,riazanskaia-oblast,1,0,1,0.0,Зелёный
55.16,61.12,cheliabinskaia-oblast,1,0,1,0.0,Зелёный
55.16,82.97,novosibirskaia-oblast,1,0,1,0.0,Зелёный
55.18,60.17,cheliabinskaia-oblast,0,1,1,1.0,Красный
55.18,61.32,cheliabinskaia-oblast,1,0,1,0.0,Зелёный
55.18,71.46,omskaia-oblast,1,0,1,0.0,Зелёный
55.28,86.27,kemerovskaia-oblast-kuzbass,1,0,1,0.0,Зелёный
55.33,45.55,nizhegorodskaia-oblast,0,1,1,1.0,Красный
55.33,89.88,krasnoiarskii-krai,1,0,1,0.0,Зелёный
55.35,86.17,kemerovskaia-oblast-kuzbass,1,0,1,0.0,Зелёный
55.36,36.82,kaluzhskaia-oblast,1,0,1,0.0,Зелёный
55.36,42.14,nizhegorodskaia-oblast,1,0,1,0.0,Зелёный
55.4,86.12,kemerovskaia-oblast-kuzbass,1,0,1,0.0,Зелёный
55.41,37.2,moskva,0,1,1,1.0,Красный
55.44,85.9,kemerovskaia-oblast-kuzbass,0,1,1,1.0,Красный
55.45,50.23,respublika-tatarstan-tatarstan,1,0,1,0.0,Зелёный
55.46,59.44,cheliabinskaia-oblast,0,1,1,1.0,Красный
55.49,37.46,moskva,0,1,1,1.0,Красный
55.49,37.58,moskovskaia-oblast,1,0,1,0.0,Зелёный
55.51,47.5,chuvashskaia-respublika-chuvashiia,0,1,1,1.0,Красный
55.52,73.11,omskaia-oblast,1,0,1,0.0,Зелёный
55.52,83.87,novosibirskaia-oblast,0,1,1,1.0,Красный
55.56,37.59,moskva,1,0,1,0.0,Зелёный
55.56,42.03,vladimirskaia-oblast,1,0,1,0.0,Зелёный
55.57,37.18,moskva,0,1,1,1.0,Красный
55.57,43.96,nizhegorodskaia-oblast,0,1,1,1.0,Красный
55.58,37.47,moskva,1,0,1,0.0,Зелёный
55.64,51.82,respublika-tatarstan-tatarstan,1,0,1,0.0,Зелёный
55.65,37.61,moskva,0,1,1,1.0,Красный
55.65,44.29,nizhegorodskaia-oblast,1,0,1,0.0,Зелёный
55.66,37.7,moskva,0,1,1,1.0,Красный
55.68,37.62,moskva,1,0,1,0.0,Зелёный
55.69,37.19,moskovskaia-oblast,1,0,1,0.0,Зелёный
55.69,132.96,khabarovskii-krai,0,1,1,1.0,Красный
55.7,37.68,moskva,1,0,1,0.0,Зелёный
55.71,37.38,moskva,0,1,1,1.0,Красный
55.73,37.45,moskva,1,0,1,0.0,Зелёный
55.75,37.77,moskva,1,0,1,0.0,Зелёный
55.77,37.5,moskva,1,1,2,0.5,Жёлтый
55.78,96.18,krasnoiarskii-krai,0,1,1,1.0,Красный
55.82,37.82,moskva,1,0,1,0.0,Зелёный
55.83,37.94,moskovskaia-oblast,0,1,1,1.0,Красный
55.83,38.96,moskovskaia-oblast,0,1,1,1.0,Красный
55.84,49.09,respublika-tatarstan-tatarstan,1,0,1,0.0,Зелёный
55.84,101.55,irkutskaia-oblast,0,1,1,1.0,Красный
55.85,37.6,moskva,1,0,1,0.0,Зелёный
55.88,37.53,moskva,1,0,1,0.0,Зелёный
55.88,38.11,moskovskaia-oblast,1,0,1,0.0,Зелёный
55.88,38.12,moskovskaia-oblast,1,0,1,0.0,Зелёный
55.95,43.5,nizhegorodskaia-oblast,1,0,1,0.0,Зелёный
55.95,93.03,krasnoiarskii-krai,1,0,1,0.0,Зелёный
55.96,71.62,omskaia-oblast,0,1,1,1.0,Красный
55.98,37.74,moskovskaia-oblast,0,1,1,1.0,Красный
56.0,44.76,nizhegorodskaia-oblast,1,0,1,0.0,Зелёный
56.0,66.0,tiumenskaia-oblast,1,0,1,0.0,Зелёный
56.02,93.05,krasnoiarskii-krai,1,0,1,0.0,Зелёный
56.03,43.72,nizhegorodskaia-oblast,1,0,1,0.0,Зелёный
56.03,44.6,nizhegorodskaia-oblast,0,1,1,1.0,Красный
56.03,45.6,nizhegorodskaia-oblast,1,0,1,0.0,Зелёный
56.04,45.06,nizhegorodskaia-oblast,0,1,1,1.0,Красный
56.05,99.45,irkutskaia-oblast,1,0,1,0.0,Зелёный
56.06,44.0,nizhegorodskaia-oblast,0,1,1,1.0,Красный
56.07,42.04,vladimirskaia-oblast,1,0,1,0.0,Зелёный
56.08,61.09,cheliabinskaia-oblast,1,0,1,0.0,Зелёный
56.09,43.52,nizhegorodskaia-oblast,1,0,1,0.0,Зелёный
56.09,72.39,omskaia-oblast,1,0,1,0.0,Зелёный
56.1,55.25,respublika-bashkortostan,0,1,1,1.0,Красный
56.1,69.42,tiumenskaia-oblast,0,1,1,1.0,Красный
56.11,43.53,nizhegorodskaia-oblast,0,1,1,1.0,Красный
56.11,44.3,nizhegorodskaia-oblast,0,1,1,1.0,Красный
56.12,47.26,chuvashskaia-respublika-chuvashiia,1,0,1,0.0,Зелёный
56.13,51.04,kirovskaia-oblast,1,0,1,0.0,Зелёный
56.14,61.74,cheliabinskaia-oblast,1,0,1,0.0,Зелёный
56.15,44.2,nizhegorodskaia-oblast,0,1,1,1.0,Красный
56.16,43.86,nizhegorodskaia-oblast,0,1,1,1.0,Красный
56.17,107.45,irkutskaia-oblast,0,1,1,1.0,Красный
56.18,37.55,moskovskaia-oblast,0,1,1,1.0,Красный
56.18,124.84,respublika-sakha-iakutiia,1,0,1,0.0,Зелёный
56.19,43.91,nizhegorodskaia-oblast,1,0,1,0.0,Зелёный
56.2,86.45,kemerovskaia-oblast-kuzbass,0,1,1,1.0,Красный
56.21,43.75,nizhegorodskaia-oblast,0,1,1,1.0,Красный
56.22,43.85,nizhegorodskaia-oblast,1,0,1,0.0,Зелёный
56.22,43.86,nizhegorodskaia-oblast,0,1,1,1.0,Красный
56.23,41.68,vladimirskaia-oblast,1,0,1,0.0,Зелёный
56.23,41.7,vladimirskaia-oblast,0,1,1,1.0,Красный
56.23,42.19,vladimirskaia-oblast,1,0,1,0.0,Зелёный
56.23,43.37,nizhegorodskaia-oblast,1,0,1,0.0,Зелёный
56.23,43.42,nizhegorodskaia-oblast,1,0,1,0.0,Зелёный
56.23,43.78,nizhegorodskaia-oblast,1,0,1,0.0,Зелёный
56.23,43.88,nizhegorodskaia-oblast,1,0,1,0.0,Зелёный
56.23,60.87,sverdlovskaia-oblast,1,0,1,0.0,Зелёный
56.24,38.72,vladimirskaia-oblast,0,1,1,1.0,Красный
56.24,43.9,nizhegorodskaia-oblast,1,0,1,0.0,Зелёный
56.24,99.65,irkutskaia-oblast,0,1,1,1.0,Красный
56.25,34.36,tverskaia-oblast,0,1,1,1.0,Красный
56.25,43.84,nizhegorodskaia-oblast,1,0,1,0.0,Зелёный
56.25,43.87,nizhegorodskaia-oblast,0,1,1,1.0,Красный
56.25,43.89,nizhegorodskaia-oblast,1,0,1,0.0,Зелёный
56.25,101.83,irkutskaia-oblast,1,0,1,0.0,Зелёный
56.26,43.46,nizhegorodskaia-oblast,1,0,1,0.0,Зелёный
56.26,43.49,nizhegorodskaia-oblast,1,0,1,0.0,Зелёный
56.26,43.87,nizhegorodskaia-oblast,1,0,1,0.0,Зелёный
56.26,43.9,nizhegorodskaia-oblast,1,0,1,0.0,Зелёный
56.26,43.93,nizhegorodskaia-oblast,1,0,1,0.0,Зелёный
56.27,43.95,nizhegorodskaia-oblast,1,0,1,0.0,Зелёный
56.28,43.16,nizhegorodskaia-oblast,0,1,1,1.0,Красный
56.28,43.55,nizhegorodskaia-oblast,1,0,1,0.0,Зелёный
56.29,43.6,nizhegorodskaia-oblast,1,0,1,0.0,Зелёный
56.29,43.88,nizhegorodskaia-oblast,1,0,1,0.0,Зелёный
56.3,43.44,nizhegorodskaia-oblast,1,0,1,0.0,Зелёный
56.3,43.48,nizhegorodskaia-oblast,0,1,1,1.0,Красный
56.3,43.61,nizhegorodskaia-oblast,0,1,1,1.0,Красный
56.3,43.93,nizhegorodskaia-oblast,1,0,1,0.0,Зелёный
56.33,43.86,nizhegorodskaia-oblast,1,0,1,0.0,Зелёный
56.33,43.95,nizhegorodskaia-oblast,1,0,1,0.0,Зелёный
56.33,44.02,nizhegorodskaia-oblast,0,1,1,1.0,Красный
56.34,30.52,pskovskaia-oblast,0,1,1,1.0,Красный
56.37,43.8,nizhegorodskaia-oblast,0,1,1,1.0,Красный
56.39,43.74,nizhegorodskaia-oblast,0,1,1,1.0,Красный
56.43,43.63,nizhegorodskaia-oblast,1,0,1,0.0,Зелёный
56.43,74.63,omskaia-oblast,0,1,1,1.0,Красный
56.47,44.42,nizhegorodskaia-oblast,0,1,1,1.0,Красный
56.5,61.85,sverdlovskaia-oblast,0,1,1,1.0,Красный
56.64,36.28,tverskaia-oblast,1,0,1,0.0,Зелёный
56.65,47.9,respublika-marii-el,1,0,1,0.0,Зелёный
56.66,43.7,nizhegorodskaia-oblast,1,0,1,0.0,Зелёный
56.66,59.29,sverdlovskaia-oblast,1,0,1,0.0,Зелёный
56.66,124.71,respublika-sakha-iakutiia,1,0,1,0.0,Зелёный
56.67,124.67,respublika-sakha-iakutiia,1,0,1,0.0,Зелёный
56.69,107.45,irkutskaia-oblast,0,1,1,1.0,Красный
56.72,39.16,iaroslavskaia-oblast,0,1,1,1.0,Красный
56.73,52.58,udmurtskaia-respublika,0,1,1,1.0,Красный
56.74,54.18,permskii-krai,1,0,1,0.0,Зелёный
56.76,43.22,nizhegorodskaia-oblast,1,0,1,0.0,Зелёный
56.76,53.07,udmurtskaia-respublika,1,0,1,0.0,Зелёный
56.79,68.66,tiumenskaia-oblast,0,1,1,1.0,Красный
56.8,60.58,sverdlovskaia-oblast,1,0,1,0.0,Зелёный
56.81,60.55,sverdlovskaia-oblast,1,0,1,0.0,Зелёный
56.82,60.62,sverdlovskaia-oblast,1,0,1,0.0,Зелёный
56.83,53.15,udmurtskaia-respublika,1,0,1,0.0,Зелёный
56.84,60.65,sverdlovskaia-oblast,0,1,1,1.0,Красный
56.85,53.24,udmurtskaia-respublika,1,0,1,0.0,Зелёный
56.85,60.16,sverdlovskaia-oblast,1,0,1,0.0,Зелёный
56.88,60.57,sverdlovskaia-oblast,1,0,1,0.0,Зелёный
56.91,62.11,sverdlovskaia-oblast,1,0,1,0.0,Зелёный
56.92,50.36,kirovskaia-oblast,0,1,1,1.0,Красный
56.92,60.84,sverdlovskaia-oblast,0,1,1,1.0,Красный
56.93,59.96,sverdlovskaia-oblast,1,0,1,0.0,Зелёный
56.93,60.89,sverdlovskaia-oblast,1,0,1,0.0,Зелёный
56.96,48.18,respublika-marii-el,1,0,1,0.0,Зелёный
56.98,60.58,sverdlovskaia-oblast,0,1,1,1.0,Красный
56.99,40.94,ivanovskaia-oblast,0,1,1,1.0,Красный
57.03,40.95,ivanovskaia-oblast,1,0,1,0.0,Зелёный
57.04,61.39,sverdlovskaia-oblast,1,0,1,0.0,Зелёный
57.05,63.5,sverdlovskaia-oblast,0,1,1,1.0,Красный
57.06,53.99,udmurtskaia-respublika,0,1,1,1.0,Красный
57.11,65.41,tiumenskaia-oblast,1,0,1,0.0,Зелёный
57.12,43.16,nizhegorodskaia-oblast,0,1,1,1.0,Красный
57.12,65.53,tiumenskaia-oblast,1,0,1,0.0,Зелёный
57.15,65.59,tiumenskaia-oblast,1,0,1,0.0,Зелёный
57.15,65.65,tiumenskaia-oblast,1,0,1,0.0,Зелёный
57.27,61.99,sverdlovskaia-oblast,0,1,1,1.0,Красный
57.28,49.86,kirovskaia-oblast,0,1,1,1.0,Красный
57.33,64.42,sverdlovskaia-oblast,0,1,1,1.0,Красный
57.35,72.22,omskaia-oblast,1,0,1,0.0,Зелёный
57.36,61.44,sverdlovskaia-oblast,1,0,1,0.0,Зелёный
57.37,41.29,ivanovskaia-oblast,1,0,1,0.0,Зелёный
57.37,67.0,tiumenskaia-oblast,0,1,1,1.0,Красный
57.38,41.29,ivanovskaia-oblast,2,0,2,0.0,Зелёный
57.48,39.27,iaroslavskaia-oblast,0,1,1,1.0,Красный
57.53,60.1,sverdlovskaia-oblast,1,0,1,0.0,Зелёный
57.55,56.66,permskii-krai,1,0,1,0.0,Зелёный
57.69,39.77,iaroslavskaia-oblast,0,1,1,1.0,Красный
57.78,103.3,irkutskaia-oblast,0,1,1,1.0,Красный
57.78,108.1,irkutskaia-oblast,0,1,1,1.0,Красный
57.86,39.5,iaroslavskaia-oblast,1,0,1,0.0,Зелёный
57.92,32.23,novgorodskaia-oblast,0,1,1,1.0,Красный
57.95,102.74,irkutskaia-oblast,0,1,1,1.0,Красный
57.98,33.24,novgorodskaia-oblast,1,0,1,0.0,Зелёный
58.0,55.95,permskii-krai,1,0,1,0.0,Зелёный
58.03,56.42,permskii-krai,1,0,1,0.0,Зелёный
58.06,55.83,permskii-krai,1,0,1,0.0,Зелёный
58.06,55.85,permskii-krai,1,0,1,0.0,Зелёный
58.22,40.16,iaroslavskaia-oblast,1,0,1,0.0,Зелёный
58.25,32.51,novgorodskaia-oblast,0,1,1,1.0,Красный
58.26,40.19,iaroslavskaia-oblast,0,1,1,1.0,Красный
58.3,43.84,kostromskaia-oblast,1,0,1,0.0,Зелёный
58.3,54.47,permskii-krai,1,0,1,0.0,Зелёный
58.37,41.61,kostromskaia-oblast,1,0,1,0.0,Зелёный
58.37,51.18,kirovskaia-oblast,1,0,1,0.0,Зелёный
58.38,33.9,novgorodskaia-oblast,1,0,1,0.0,Зелёный
58.39,33.29,novgorodskaia-oblast,1,0,1,0.0,Зелёный
58.45,92.2,krasnoiarskii-krai,1,0,1,0.0,Зелёный
58.46,125.64,respublika-sakha-iakutiia,0,1,1,1.0,Красный
58.48,31.28,novgorodskaia-oblast,1,0,1,0.0,Зелёный
58.5,49.57,kirovskaia-oblast,0,1,1,1.0,Красный
58.51,31.23,novgorodskaia-oblast,1,0,1,0.0,Зелёный
58.52,31.25,novgorodskaia-oblast,1,0,1,0.0,Зелёный
58.54,57.86,permskii-krai,0,1,1,1.0,Красный
58.85,51.7,kirovskaia-oblast,0,1,1,1.0,Красный
59.13,37.89,vologodskaia-oblast,1,0,1,0.0,Зелёный
59.13,38.02,vologodskaia-oblast,1,0,1,0.0,Зелёный
59.26,39.75,vologodskaia-oblast,1,0,1,0.0,Зелёный
59.33,52.25,kirovskaia-oblast,1,0,1,0.0,Зелёный
59.4,28.49,leningradskaia-oblast,0,1,1,1.0,Красный
59.4,31.15,leningradskaia-oblast,1,0,1,0.0,Зелёный
59.4,56.78,permskii-krai,1,0,1,0.0,Зелёный
59.4,56.91,permskii-krai,0,1,1,1.0,Красный
59.44,28.83,leningradskaia-oblast,1,0,1,0.0,Зелёный
59.62,57.4,permskii-krai,0,1,1,1.0,Красный
59.66,54.33,permskii-krai,0,1,1,1.0,Красный
59.68,65.34,khanty-mansiiskii-avtonomnyi-okrug-iugra,0,1,1,1.0,Красный
59.73,52.64,kirovskaia-oblast,0,1,1,1.0,Красный
59.74,30.29,sankt-peterburg,1,0,1,0.0,Зелёный
59.74,56.4,permskii-krai,0,1,1,1.0,Красный
59.76,30.47,sankt-peterburg,1,0,1,0.0,Зелёный
59.8,30.39,sankt-peterburg,1,0,1,0.0,Зелёный
59.83,30.14,sankt-peterburg,1,0,1,0.0,Зелёный
59.88,30.35,sankt-peterburg,1,0,1,0.0,Зелёный
59.9,30.53,leningradskaia-oblast,0,1,1,1.0,Красный
59.91,150.72,magadanskaia-oblast,1,0,1,0.0,Зелёный
59.93,30.31,sankt-peterburg,1,0,1,0.0,Зелёный
59.94,30.64,leningradskaia-oblast,0,1,1,1.0,Красный
59.96,30.29,sankt-peterburg,1,0,1,0.0,Зелёный
59.96,30.44,sankt-peterburg,1,0,1,0.0,Зелёный
59.96,30.45,sankt-peterburg,1,0,1,0.0,Зелёный
59.99,30.39,sankt-peterburg,1,0,1,0.0,Зелёный
60.0,30.23,sankt-peterburg,1,0,1,0.0,Зелёный
60.0,30.24,sankt-peterburg,1,0,1,0.0,Зелёный
60.03,30.2,sankt-peterburg,1,0,1,0.0,Зелёный
60.04,37.92,vologodskaia-oblast,0,1,1,1.0,Красный
60.04,40.91,arkhangelskaia-oblast,1,0,1,0.0,Зелёный
60.13,64.81,khanty-mansiiskii-avtonomnyi-okrug-iugra,1,0,1,0.0,Зелёный
60.69,77.2,tomskaia-oblast,1,0,1,0.0,Зелёный
60.77,46.3,vologodskaia-oblast,1,0,1,0.0,Зелёный
60.93,72.87,khanty-mansiiskii-avtonomnyi-okrug-iugra,0,1,1,1.0,Красный
60.98,71.92,khanty-mansiiskii-avtonomnyi-okrug-iugra,1,0,1,0.0,Зелёный
61.0,76.9,khanty-mansiiskii-avtonomnyi-okrug-iugra,1,0,1,0.0,Зелёный
61.01,68.99,khanty-mansiiskii-avtonomnyi-okrug-iugra,0,1,1,1.0,Красный
61.04,69.14,khanty-mansiiskii-avtonomnyi-okrug-iugra,1,0,1,0.0,Зелёный
61.09,70.21,khanty-mansiiskii-avtonomnyi-okrug-iugra,1,0,1,0.0,Зелёный
61.25,73.42,khanty-mansiiskii-avtonomnyi-okrug-iugra,0,1,1,1.0,Красный
61.25,73.45,khanty-mansiiskii-avtonomnyi-okrug-iugra,1,0,1,0.0,Зелёный
61.26,73.36,khanty-mansiiskii-avtonomnyi-okrug-iugra,1,0,1,0.0,Зелёный
61.34,73.41,khanty-mansiiskii-avtonomnyi-okrug-iugra,2,0,2,0.0,Зелёный
61.8,34.33,respublika-kareliia,1,0,1,0.0,Зелёный
62.23,74.45,khanty-mansiiskii-avtonomnyi-okrug-iugra,0,1,1,1.0,Красный
62.56,149.54,magadanskaia-oblast,0,1,1,1.0,Красный
63.33,75.5,iamalo-nenetskii-avtonomnyi-okrug,0,1,1,1.0,Красный
64.0,40.0,arkhangelskaia-oblast,1,0,1,0.0,Зелёный
64.19,38.03,arkhangelskaia-oblast,0,1,1,1.0,Красный
64.38,77.72,iamalo-nenetskii-avtonomnyi-okrug,1,0,1,0.0,Зелёный
64.48,34.12,respublika-kareliia,1,0,1,0.0,Зелёный
64.54,40.59,arkhangelskaia-oblast,1,0,1,0.0,Зелёный
64.64,30.74,respublika-kareliia,1,0,1,0.0,Зелёный
64.74,177.49,chukotskii-avtonomnyi-okrug,1,0,1,0.0,Зелёный
64.74,177.65,chukotskii-avtonomnyi-okrug,1,0,1,0.0,Зелёный
64.88,45.75,arkhangelskaia-oblast,1,0,1,0.0,Зелёный
66.55,66.62,iamalo-nenetskii-avtonomnyi-okrug,1,0,1,0.0,Зелёный
66.74,32.69,murmanskaia-oblast,0,1,1,1.0,Красный
66.93,80.73,iamalo-nenetskii-avtonomnyi-okrug,1,0,1,0.0,Зелёный
67.04,-172.96,chukotskii-avtonomnyi-okrug,0,1,1,1.0,Красный
67.15,32.4,murmanskaia-oblast,0,1,1,1.0,Красный
67.26,78.85,iamalo-nenetskii-avtonomnyi-okrug,1,0,1,0.0,Зелёный
67.9,32.79,murmanskaia-oblast,0,1,1,1.0,Красный
67.94,32.88,murmanskaia-oblast,0,1,1,1.0,Красный
68.02,34.99,murmanskaia-oblast,0,1,1,1.0,Красный
68.85,33.53,murmanskaia-oblast,0,1,1,1.0,Красный
68.88,33.02,murmanskaia-oblast,1,0,1,0.0,Зелёный
68.88,33.04,murmanskaia-oblast,0,1,1,1.0,Красный
68.95,33.1,murmanskaia-oblast,1,0,1,0.0,Зелёный
68.99,33.12,murmanskaia-oblast,1,0,1,0.0,Зелёный
69.0,33.14,murmanskaia-oblast,1,0,1,0.0,Зелёный
69.03,33.01,murmanskaia-oblast,0,1,1,1.0,Красный
69.13,32.64,murmanskaia-oblast,0,1,1,1.0,Красный
