lat_round,lon_round,region,Лёгкий,Опасный,total,danger_ratio,level
1.02,1.02,respublika-kalmykiia,1,0,1,0.0,Зелёный
42.65,47.36,respublika-dagestan,0,1,1,1.0,Красный
42.66,47.58,respublika-dagestan,0,1,1,1.0,Красный
42.76,43.98,respublika-severnaia-osetiia-alaniia,0,1,1,1.0,Красный
42.78,43.99,respublika-severnaia-osetiia-alaniia,1,0,1,0.0,Зелёный
42.86,44.15,respublika-severnaia-osetiia-alaniia,1,0,1,0.0,Зелёный
42.92,132.5,primorskii-krai,1,0,1,0.0,Зелёный
43.03,43.81,respublika-severnaia-osetiia-alaniia,1,0,1,0.0,Зелёный
43.03,44.69,respublika-severnaia-osetiia-alaniia,1,0,1,0.0,Зелёный
43.08,131.97,primorskii-krai,1,0,1,0.0,Зелёный
43.16,131.91,primorskii-krai,1,0,1,0.0,Зелёный
43.43,39.93,krasnodarskii-krai,0,1,1,1.0,Красный
43.43,42.95,kabardino-balkarskaia-respublika,0,1,1,1.0,Красный
43.5,43.77,kabardino-balkarskaia-respublika,0,1,1,1.0,Красный
43.58,39.73,krasnodarskii-krai,0,1,1,1.0,Красный
43.59,39.72,krasnodarskii-krai,0,1,1,1.0,Красный
43.59,39.73,krasnodarskii-krai,1,0,1,0.0,Зелёный
43.62,40.05,krasnodarskii-krai,1,0,1,0.0,Зелёный
43.67,39.62,krasnodarskii-krai,1,0,1,0.0,Зелёный
43.67,39.68,krasnodarskii-krai,0,1,1,1.0,Красный
43.69,39.66,krasnodarskii-krai,1,0,1,0.0,Зелёный
43.79,39.48,krasnodarskii-krai,1,0,1,0.0,Зелёный
43.79,131.99,primorskii-krai,1,0,1,0.0,Зелёный
43.9,46.84,respublika-dagestan,0,1,1,1.0,Красный
43.91,42.72,stavropolskii-krai,1,0,1,0.0,Зелёный
43.95,42.62,karachaevo-cherkesskaia-respublika,0,1,1,1.0,Красный
44.23,42.06,karachaevo-cherkesskaia-respublika,1,0,1,0.0,Зелёный
44.59,33.53,sevastopol,1,0,1,0.0,Зелёный
44.6,39.19,krasnodarskii-krai,0,1,1,1.0,Красный
44.61,33.52,sevastopol,1,0,1,0.0,Зелёный
44.64,39.13,krasnodarskii-krai,1,0,1,0.0,Зелёный
44.74,33.87,respublika-krym,0,1,1,1.0,Красный
44.74,133.81,primorskii-krai,1,0,1,0.0,Зелёный
44.79,44.16,stavropolskii-krai,1,0,1,0.0,Зелёный
44.93,40.17,respublika-adygeia-adygeia,0,1,1,1.0,Красный
44.95,34.1,respublika-krym,1,0,1,0.0,Зелёный
44.95,37.42,krasnodarskii-krai,1,0,1,0.0,Зелёный
44.99,41.1,krasnodarskii-krai,1,0,1,0.0,Зелёный
45.03,41.93,stavropolskii-krai,0,1,1,1.0,Красный
45.04,41.98,stavropolskii-krai,1,0,1,0.0,Зелёный
45.11,131.97,primorskii-krai,0,1,1,1.0,Красный
45.19,33.37,respublika-krym,0,1,1,1.0,Красный
45.2,42.51,stavropolskii-krai,1,0,1,0.0,Зелёный
45.29,36.42,respublika-krym,1,0,1,0.0,Зелёный
45.33,40.91,krasnodarskii-krai,0,1,1,1.0,Красный
45.72,136.78,primorskii-krai,0,1,1,1.0,Красный
45.88,34.2,respublika-krym,0,1,1,1.0,Красный
46.08,39.92,krasnodarskii-krai,0,1,1,1.0,Красный
46.21,39.86,krasnodarskii-krai,1,0,1,0.0,Зелёный
46.35,48.04,astrakhanskaia-oblast,0,1,1,1.0,Красный
46.36,48.04,astrakhanskaia-oblast,0,1,1,1.0,Красный
46.36,48.05,astrakhanskaia-oblast,1,0,1,0.0,Зелёный
46.36,48.07,astrakhanskaia-oblast,1,0,1,0.0,Зелёный
46.47,41.52,rostovskaia-oblast,1,0,1,0.0,Зелёный
46.79,142.44,sakhalinskaia-oblast,1,0,1,0.0,Зелёный
47.0,38.0,rostovskaia-oblast,1,0,1,0.0,Зелёный
47.0,40.31,rostovskaia-oblast,0,1,1,1.0,Красный
47.11,39.74,rostovskaia-oblast,0,1,1,1.0,Красный
47.2,39.79,rostovskaia-oblast,1,0,1,0.0,Зелёный
47.27,39.71,rostovskaia-oblast,1,0,1,0.0,Зелёный
47.58,42.09,rostovskaia-oblast,0,1,1,1.0,Красный
47.63,41.93,rostovskaia-oblast,0,1,1,1.0,Красный
48.35,40.04,rostovskaia-oblast,1,0,1,0.0,Зелёный
48.43,135.11,khabarovskii-krai,1,0,1,0.0,Зелёный
48.76,135.87,khabarovskii-krai,0,1,1,1.0,Красный
49.06,139.4,khabarovskii-krai,1,0,1,0.0,Зелёный
49.29,138.11,khabarovskii-krai,0,1,1,1.0,Красный
49.68,130.01,amurskaia-oblast,0,1,1,1.0,Красный
49.77,43.78,volgogradskaia-oblast,0,1,1,1.0,Красный
50.4,40.34,voronezhskaia-oblast,0,1,1,1.0,Красный
50.56,137.02,khabarovskii-krai,0,1,1,1.0,Красный
50.79,37.13,belgorodskaia-oblast,1,0,1,0.0,Зелёный
50.87,59.29,orenburgskaia-oblast,1,0,1,0.0,Зелёный
51.09,40.08,voronezhskaia-oblast,0,1,1,1.0,Красный
51.11,40.0,voronezhskaia-oblast,0,1,1,1.0,Красный
51.15,107.17,respublika-buriatiia,0,1,1,1.0,Красный
51.32,91.92,respublika-tyva,1,0,1,0.0,Зелёный
51.41,112.53,zabaikalskii-krai,0,1,1,1.0,Красный
51.51,45.99,saratovskaia-oblast,0,1,1,1.0,Красный
51.55,38.61,voronezhskaia-oblast,1,0,1,0.0,Зелёный
51.64,39.11,voronezhskaia-oblast,1,0,1,0.0,Зелёный
51.64,108.16,respublika-buriatiia,1,0,1,0.0,Зелёный
51.67,39.19,voronezhskaia-oblast,1,0,1,0.0,Зелёный
51.76,39.19,voronezhskaia-oblast,1,0,1,0.0,Зелёный
51.78,35.23,kurskaia-oblast,1,0,1,0.0,Зелёный
51.87,45.0,saratovskaia-oblast,1,0,1,0.0,Зелёный
51.87,54.17,orenburgskaia-oblast,1,0,1,0.0,Зелёный
51.9,52.67,orenburgskaia-oblast,1,0,1,0.0,Зелёный
52.0,42.27,tambovskaia-oblast,0,1,1,1.0,Красный
52.01,35.91,kurskaia-oblast,1,0,1,0.0,Зелёный
52.01,40.92,tambovskaia-oblast,1,0,1,0.0,Зелёный
52.04,113.51,zabaikalskii-krai,1,0,1,0.0,Зелёный
52.09,35.93,kurskaia-oblast,1,0,1,0.0,Зелёный
52.11,103.97,irkutskaia-oblast,1,0,1,0.0,Зелёный
52.19,52.63,orenburgskaia-oblast,1,0,1,0.0,Зелёный
52.44,31.7,brianskaia-oblast,0,1,1,1.0,Красный
52.47,41.36,tambovskaia-oblast,1,0,1,0.0,Зелёный
52.48,55.83,respublika-bashkortostan,0,1,1,1.0,Красный
52.54,54.16,orenburgskaia-oblast,1,0,1,0.0,Зелёный
52.73,41.45,tambovskaia-oblast,0,1,1,1.0,Красный
52.76,103.64,irkutskaia-oblast,1,1,2,0.5,Жёлтый
52.79,41.61,tambovskaia-oblast,1,0,1,0.0,Зелёный
52.83,48.56,samarskaia-oblast,0,1,1,1.0,Красный
52.94,46.38,penzenskaia-oblast,0,1,1,1.0,Красный
52.97,49.69,samarskaia-oblast,0,1,1,1.0,Красный
53.12,59.0,cheliabinskaia-oblast,0,1,1,1.0,Красный
53.14,49.99,samarskaia-oblast,0,1,1,1.0,Красный
53.16,34.23,brianskaia-oblast,1,0,1,0.0,Зелёный
53.2,44.91,penzenskaia-oblast,1,0,1,0.0,Зелёный
53.2,45.09,penzenskaia-oblast,1,0,1,0.0,Зелёный
53.21,45.0,penzenskaia-oblast,1,0,1,0.0,Зелёный
53.27,91.86,krasnoiarskii-krai,1,0,1,0.0,Зелёный
53.34,50.21,samarskaia-oblast,0,1,1,1.0,Красный
53.35,83.78,altaiskii-krai,1,0,1,0.0,Зелёный
53.43,50.12,samarskaia-oblast,1,0,1,0.0,Зелёный
53.48,55.45,respublika-bashkortostan,1,0,1,0.0,Зелёный
53.69,46.13,penzenskaia-oblast,1,0,1,0.0,Зелёный
53.74,87.03,kemerovskaia-oblast-kuzbass,1,0,1,0.0,Зелёный
53.8,103.4,irkutskaia-oblast,1,0,1,0.0,Зелёный
53.81,87.39,kemerovskaia-oblast-kuzbass,1,0,1,0.0,Зелёный
53.86,34.45,kaluzhskaia-oblast,1,0,1,0.0,Зелёный
54.03,36.88,tulskaia-oblast,1,0,1,0.0,Зелёный
54.05,38.42,tulskaia-oblast,1,0,1,0.0,Зелёный
54.14,58.1,permskii-krai,1,0,1,0.0,Зелёный
54.15,49.63,ulianovskaia-oblast,0,1,1,1.0,Красный
54.26,73.14,omskaia-oblast,1,0,1,0.0,Зелёный
54.32,45.21,respublika-mordoviia,1,0,1,0.0,Зелёный
54.32,48.39,ulianovskaia-oblast,1,0,1,0.0,Зелёный
54.32,48.4,ulianovskaia-oblast,1,0,1,0.0,Зелёный
54.46,101.14,irkutskaia-oblast,0,1,1,1.0,Красный
54.48,53.57,respublika-bashkortostan,1,0,1,0.0,Зелёный
54.51,20.16,kaliningradskaia-oblast,1,0,1,0.0,Зелёный
54.53,36.27,kaluzhskaia-oblast,1,0,1,0.0,Зелёный
54.54,100.59,irkutskaia-oblast,1,0,1,0.0,Зелёный
54.58,86.17,kemerovskaia-oblast-kuzbass,1,0,1,0.0,Зелёный
54.6,39.74,riazanskaia-oblast,1,0,1,0.0,Зелёный
54.66,100.64,irkutskaia-oblast,0,1,1,1.0,Красный
54.67,55.84,respublika-bashkortostan,1,0,1,0.0,Зелёный
54.67,86.13,kemerovskaia-oblast-kuzbass,0,1,1,1.0,Красный
54.68,55.93,respublika-bashkortostan,0,1,1,1.0,Красный
54.69,20.81,kaliningradskaia-oblast,1,0,1,0.0,Зелёный
54.71,20.51,kaliningradskaia-oblast,1,0,1,0.0,Зелёный
54.72,20.5,kaliningradskaia-oblast,1,0,1,0.0,Зелёный
54.72,20.51,kaliningradskaia-oblast,0,1,1,1.0,Красный
54.73,20.49,kaliningradskaia-oblast,0,1,1,1.0,Красный
54.73,52.52,respublika-tatarstan-tatarstan,1,0,1,0.0,Зелёный
54.74,20.08,kaliningradskaia-oblast,1,0,1,0.0,Зелёный
54.74,55.99,respublika-bashkortostan,1,0,1,0.0,Зелёный
54.78,43.37,respublika-mordoviia,1,0,1,0.0,Зелёный
54.79,56.05,respublika-bashkortostan,1,0,1,0.0,Зелёный
54.83,32.05,smolenskaia-oblast,0,1,1,1.0,Красный
54.84,20.71,kaliningradskaia-oblast,0,1,1,1.0,Красный
54.85,20.63,kaliningradskaia-oblast,1,0,1,0.0,Зелёный
54.86,20.01,kaliningradskaia-oblast,1,0,1,0.0,Зелёный
54.86,53.68,respublika-bashkortostan,1,0,1,0.0,Зелёный
54.88,20.5,kaliningradskaia-oblast,0,1,1,1.0,Красный
54.88,82.76,novosibirskaia-oblast,1,0,1,0.0,Зелёный
55.0,55.78,respublika-bashkortostan,1,0,1,0.0,Зелёный
55.01,82.67,novosibirskaia-oblast,1,0,1,0.0,Зелёный
55.08,38.8,moskovskaia-oblast,1,0,1,0.0,Зелёный
55.1,37.98,moskva,0,1,1,1.0,Красный
55.11,21.72,kaliningradskaia-oblast,1,0,1,0.0,Зелёный
55.14,36.78,kaluzhskaia-oblast,1,0,1,0.0,Зелёный
55.14,38.75,moskovskaia-oblast,1,0,1,0.0,Зелёный
55.14,43.58,nizhegorodskaia-oblast,1,0,1,0.0,Зелёный
55.15,74.2,omskaia-oblast,1,0,1,0.0,Зелёный
55.22,82.95,novosibirskaia-oblast,0,1,1,1.0,Красный
55.25,37.08,moskva,0,1,1,1.0,Красный
55.35,61.27,cheliabinskaia-oblast,1,0,1,0.0,Зелёный
55.4,86.1,kemerovskaia-oblast-kuzbass,1,0,1,0.0,Зелёный
55.47,35.58,moskovskaia-oblast,0,1,1,1.0,Красный
55.49,37.54,moskovskaia-oblast,1,0,1,0.0,Зелёный
55.49,37.75,moskovskaia-oblast,0,1,1,1.0,Красный
55.53,37.64,moskovskaia-oblast,1,0,1,0.0,Зелёный
55.57,37.2,moskva,0,1,1,1.0,Красный
55.62,37.69,moskva,0,1,1,1.0,Красный
55.65,37.99,moskovskaia-oblast,1,0,1,0.0,Зелёный
55.66,37.56,moskva,0,1,1,1.0,Красный
55.66,37.75,moskva,1,0,1,0.0,Зелёный
55.69,37.88,moskovskaia-oblast,1,0,1,0.0,Зелёный
55.69,52.34,respublika-tatarstan-tatarstan,0,1,1,1.0,Красный
55.7,37.85,moskva,1,0,1,0.0,Зелёный
55.71,37.76,moskva,1,0,1,0.0,Зелёный
55.72,37.57,moskva,0,1,1,1.0,Красный
55.73,37.42,moskva,0,1,1,1.0,Красный
55.73,37.49,moskva,1,0,1,0.0,Зелёный
55.73,38.03,moskovskaia-oblast,1,0,1,0.0,Зелёный
55.73,54.62,respublika-bashkortostan,1,0,1,0.0,Зелёный
55.74,72.08,omskaia-oblast,1,0,1,0.0,Зелёный
55.76,37.37,moskva,1,0,1,0.0,Зелёный
55.76,37.6,moskva,1,0,1,0.0,Зелёный
55.76,37.65,moskva,2,0,2,0.0,Зелёный
55.77,37.38,moskva,0,1,1,1.0,Красный
55.77,37.57,moskva,1,0,1,0.0,Зелёный
55.77,37.62,moskva,0,1,1,1.0,Красный
55.78,37.64,moskva,1,0,1,0.0,Зелёный
55.78,37.67,moskva,1,0,1,0.0,Зелёный
55.78,37.75,moskva,1,0,1,0.0,Зелёный
55.78,37.83,moskva,1,0,1,0.0,Зелёный
55.8,37.8,moskva,1,0,1,0.0,Зелёный
55.81,37.48,moskva,1,0,1,0.0,Зелёный
55.88,37.72,moskva,1,0,1,0.0,Зелёный
55.91,37.78,moskovskaia-oblast,1,0,1,0.0,Зелёный
55.96,39.21,vladimirskaia-oblast,0,1,1,1.0,Красный
56.02,92.78,krasnoiarskii-krai,1,0,1,0.0,Зелёный
56.04,38.2,moskovskaia-oblast,1,0,1,0.0,Зелёный
56.06,60.94,cheliabinskaia-oblast,1,0,1,0.0,Зелёный
56.09,44.32,nizhegorodskaia-oblast,0,1,1,1.0,Красный
56.1,40.44,vladimirskaia-oblast,1,0,1,0.0,Зелёный
56.1,43.5,nizhegorodskaia-oblast,1,0,1,0.0,Зелёный
56.11,47.45,chuvashskaia-respublika-chuvashiia,1,0,1,0.0,Зелёный
56.16,44.19,nizhegorodskaia-oblast,1,0,1,0.0,Зелёный
56.17,55.52,respublika-bashkortostan,1,0,1,0.0,Зелёный
56.2,41.02,vladimirskaia-oblast,0,1,1,1.0,Красный
56.22,43.39,nizhegorodskaia-oblast,1,0,1,0.0,Зелёный
56.25,51.19,kirovskaia-oblast,1,0,1,0.0,Зелёный
56.27,37.57,moskovskaia-oblast,0,1,1,1.0,Красный
56.27,43.88,nizhegorodskaia-oblast,1,0,1,0.0,Зелёный
56.28,43.07,nizhegorodskaia-oblast,0,1,1,1.0,Красный
56.28,43.09,nizhegorodskaia-oblast,1,0,1,0.0,Зелёный
56.29,43.98,nizhegorodskaia-oblast,1,0,1,0.0,Зелёный
56.31,43.9,nizhegorodskaia-oblast,1,0,1,0.0,Зелёный
56.32,43.95,nizhegorodskaia-oblast,1,0,1,0.0,Зелёный
56.33,44.0,nizhegorodskaia-oblast,1,0,1,0.0,Зелёный
56.34,43.93,nizhegorodskaia-oblast,1,0,1,0.0,Зелёный
56.35,101.83,irkutskaia-oblast,1,0,1,0.0,Зелёный
56.39,41.07,vladimirskaia-oblast,1,0,1,0.0,Зелёный
56.42,39.93,vladimirskaia-oblast,1,0,1,0.0,Зелёный
56.49,43.62,nizhegorodskaia-oblast,0,1,1,1.0,Красный
56.51,84.99,tomskaia-oblast,1,0,1,0.0,Зелёный
56.76,38.87,iaroslavskaia-oblast,1,0,1,0.0,Зелёный
56.77,38.08,tverskaia-oblast,0,1,1,1.0,Красный
56.79,45.0,nizhegorodskaia-oblast,1,0,1,0.0,Зелёный
56.8,60.65,sverdlovskaia-oblast,1,0,1,0.0,Зелёный
56.8,105.77,irkutskaia-oblast,1,0,1,0.0,Зелёный
56.82,35.9,tverskaia-oblast,1,0,1,0.0,Зелёный
56.82,60.57,sverdlovskaia-oblast,0,1,1,1.0,Красный
56.83,60.58,sverdlovskaia-oblast,1,0,1,0.0,Зелёный
56.83,60.59,sverdlovskaia-oblast,1,0,1,0.0,Зелёный
56.91,68.88,tiumenskaia-oblast,1,0,1,0.0,Зелёный
56.94,60.72,sverdlovskaia-oblast,0,1,1,1.0,Красный
56.97,53.13,udmurtskaia-respublika,0,1,1,1.0,Красный
56.99,60.48,sverdlovskaia-oblast,1,0,1,0.0,Зелёный
57.13,65.6,tiumenskaia-oblast,1,0,1,0.0,Зелёный
57.25,41.1,ivanovskaia-oblast,1,0,1,0.0,Зелёный
57.32,107.03,irkutskaia-oblast,1,0,1,0.0,Зелёный
57.5,60.59,sverdlovskaia-oblast,0,1,1,1.0,Красный
57.57,40.26,iaroslavskaia-oblast,1,0,1,0.0,Зелёный
57.58,34.66,tverskaia-oblast,1,0,1,0.0,Зелёный
57.62,39.88,iaroslavskaia-oblast,0,1,1,1.0,Красный
57.67,39.08,iaroslavskaia-oblast,0,1,1,1.0,Красный
57.67,46.9,nizhegorodskaia-oblast,0,1,1,1.0,Красный
57.69,39.96,iaroslavskaia-oblast,1,0,1,0.0,Зелёный
57.74,38.48,iaroslavskaia-oblast,0,1,1,1.0,Красный
57.74,40.94,kostromskaia-oblast,1,0,1,0.0,Зелёный
57.75,48.89,kirovskaia-oblast,0,1,1,1.0,Красный
57.76,35.74,tverskaia-oblast,0,1,1,1.0,Красный
57.99,56.19,permskii-krai,1,0,1,0.0,Зелёный
58.0,56.23,permskii-krai,1,0,1,0.0,Зелёный
58.02,56.28,permskii-krai,1,0,1,0.0,Зелёный
58.36,59.89,sverdlovskaia-oblast,1,0,1,0.0,Зелёный
58.62,49.69,kirovskaia-oblast,1,0,1,0.0,Зелёный
58.94,34.19,novgorodskaia-oblast,1,0,1,0.0,Зелёный
59.05,57.65,permskii-krai,0,1,1,1.0,Красный
59.1,60.04,sverdlovskaia-oblast,1,0,1,0.0,Зелёный
59.15,35.33,vologodskaia-oblast,1,0,1,0.0,Зелёный
59.29,39.9,vologodskaia-oblast,0,1,1,1.0,Красный
59.37,28.61,leningradskaia-oblast,1,0,1,0.0,Зелёный
59.43,54.28,permskii-krai,1,0,1,0.0,Зелёный
59.55,150.82,magadanskaia-oblast,1,0,1,0.0,Зелёный
59.66,28.43,leningradskaia-oblast,0,1,1,1.0,Красный
59.91,29.13,leningradskaia-oblast,1,0,1,0.0,Зелёный
59.92,30.3,sankt-peterburg,1,0,1,0.0,Зелёный
59.92,30.35,sankt-peterburg,0,1,1,1.0,Красный
59.93,29.66,sankt-peterburg,1,0,1,0.0,Зелёный
59.93,30.42,sankt-peterburg,0,1,1,1.0,Красный
59.93,32.31,leningradskaia-oblast,0,1,1,1.0,Красный
59.95,30.34,sankt-peterburg,1,0,1,0.0,Зелёный
59.96,30.31,sankt-peterburg,0,1,1,1.0,Красный
59.97,30.3,sankt-peterburg,1,0,1,0.0,Зелёный
59.98,30.3,sankt-peterburg,1,0,1,0.0,Зелёный
59.99,30.26,sankt-peterburg,1,0,1,0.0,Зелёный
60.0,30.35,sankt-peterburg,0,1,1,1.0,Красный
60.04,30.42,sankt-peterburg,1,0,1,0.0,Зелёный
60.05,30.45,leningradskaia-oblast,1,0,1,0.0,Зелёный
60.08,71.48,khanty-mansiiskii-avtonomnyi-okrug-iugra,1,0,1,0.0,Зелёный
60.09,30.35,leningradskaia-oblast,1,0,1,0.0,Зелёный
60.34,29.67,leningradskaia-oblast,0,1,1,1.0,Красный
60.5,41.76,vologodskaia-oblast,0,1,1,1.0,Красный
60.77,69.94,khanty-mansiiskii-avtonomnyi-okrug-iugra,1,0,1,0.0,Зелёный
60.95,76.56,khanty-mansiiskii-avtonomnyi-okrug-iugra,1,0,1,0.0,Зелёный
61.28,73.27,khanty-mansiiskii-avtonomnyi-okrug-iugra,1,0,1,0.0,Зелёный
61.67,50.83,respublika-komi,1,0,1,0.0,Зелёный
61.67,50.84,respublika-komi,1,0,1,0.0,Зелёный
61.74,50.75,respublika-komi,1,0,1,0.0,Зелёный
61.79,34.36,respublika-kareliia,1,0,1,0.0,Зелёный
61.91,52.94,respublika-komi,1,0,1,0.0,Зелёный
61.96,129.9,respublika-sakha-iakutiia,0,1,1,1.0,Красный
61.99,132.17,respublika-sakha-iakutiia,0,1,1,1.0,Красный
62.18,133.22,respublika-sakha-iakutiia,0,1,1,1.0,Красный
62.42,32.63,respublika-kareliia,1,0,1,0.0,Зелёный
63.51,64.83,khanty-mansiiskii-avtonomnyi-okrug-iugra,1,0,1,0.0,Зелёный
64.97,64.64,iamalo-nenetskii-avtonomnyi-okrug,0,1,1,1.0,Красный
65.98,77.31,iamalo-nenetskii-avtonomnyi-okrug,1,0,1,0.0,Зелёный
66.85,32.35,murmanskaia-oblast,1,0,1,0.0,Зелёный
67.0,32.36,murmanskaia-oblast,1,0,1,0.0,Зелёный
68.5,112.44,respublika-sakha-iakutiia,0,1,1,1.0,Красный
84.55,51.17,altaiskii-krai,1,0,1,0.0,Зелёный
