lat_round,lon_round,region,Лёгкий,Опасный,total,danger_ratio,level
0.01,0.01,respublika-severnaia-osetiia-alaniia,0,1,1,1.0,Красный
0.02,0.01,sankt-peterburg,1,0,1,0.0,Зелёный
1.0,1.0,altaiskii-krai,1,0,1,0.0,Зелёный
1.0,1.0,sankt-peterburg,1,0,1,0.0,Зелёный
38.63,51.11,voronezhskaia-oblast,1,0,1,0.0,Зелёный
39.69,41.71,respublika-dagestan,1,0,1,0.0,Зелёный
42.42,47.18,respublika-dagestan,0,1,1,1.0,Красный
42.43,47.32,respublika-dagestan,1,0,1,0.0,Зелёный
42.45,47.42,respublika-dagestan,1,0,1,0.0,Зелёный
42.48,132.53,primorskii-krai,1,0,1,0.0,Зелёный
42.69,46.16,respublika-dagestan,1,0,1,0.0,Зелёный
42.73,47.67,respublika-dagestan,1,0,1,0.0,Зелёный
42.79,44.63,respublika-severnaia-osetiia-alaniia,1,0,1,0.0,Зелёный
42.79,133.13,primorskii-krai,1,0,1,0.0,Зелёный
42.85,44.93,respublika-ingushetiia,1,0,1,0.0,Зелёный
42.86,47.64,respublika-dagestan,1,0,1,0.0,Зелёный
42.9,47.52,respublika-dagestan,1,0,1,0.0,Зелёный
42.97,47.53,respublika-dagestan,1,0,1,0.0,Зелёный
42.98,47.51,respublika-dagestan,2,0,2,0.0,Зелёный
43.0,44.0,respublika-severnaia-osetiia-alaniia,3,0,3,0.0,Зелёный
43.0,44.68,respublika-severnaia-osetiia-alaniia,1,0,1,0.0,Зелёный
43.0,131.0,primorskii-krai,1,0,1,0.0,Зелёный
43.02,44.07,respublika-ingushetiia,1,0,1,0.0,Зелёный
43.03,44.68,respublika-severnaia-osetiia-alaniia,1,0,1,0.0,Зелёный
43.03,45.13,chechenskaia-respublika,0,1,1,1.0,Красный
43.03,47.44,respublika-dagestan,1,0,1,0.0,Зелёный
43.09,131.86,primorskii-krai,1,0,1,0.0,Зелёный
43.09,131.94,primorskii-krai,1,0,1,0.0,Зелёный
43.1,131.86,primorskii-krai,1,0,1,0.0,Зелёный
43.1,131.93,primorskii-krai,1,0,1,0.0,Зелёный
43.11,131.93,primorskii-krai,2,0,2,0.0,Зелёный
43.11,131.94,primorskii-krai,1,0,1,0.0,Зелёный
43.12,131.12,primorskii-krai,1,0,1,0.0,Зелёный
43.12,131.89,primorskii-krai,1,0,1,0.0,Зелёный
43.13,131.95,primorskii-krai,1,0,1,0.0,Зелёный
43.15,47.04,respublika-dagestan,0,1,1,1.0,Красный
43.17,44.71,respublika-severnaia-osetiia-alaniia,1,0,1,0.0,Зелёный
43.19,46.83,respublika-dagestan,1,0,1,0.0,Зелёный
43.2,46.86,respublika-dagestan,1,0,1,0.0,Зелёный
43.21,131.96,primorskii-krai,1,0,1,0.0,Зелёный
43.22,44.7,respublika-severnaia-osetiia-alaniia,1,0,1,0.0,Зелёный
43.22,46.03,chechenskaia-respublika,0,1,1,1.0,Красный
43.23,46.27,chechenskaia-respublika,0,1,1,1.0,Красный
43.24,46.62,respublika-dagestan,1,0,1,0.0,Зелёный
43.25,44.82,respublika-ingushetiia,0,1,1,1.0,Красный
43.26,46.58,respublika-dagestan,1,0,1,0.0,Зелёный
43.27,45.56,chechenskaia-respublika,1,0,1,0.0,Зелёный
43.27,46.59,respublika-dagestan,1,0,1,0.0,Зелёный
43.27,47.51,respublika-dagestan,1,0,1,0.0,Зелёный
43.32,44.23,respublika-severnaia-osetiia-alaniia,2,0,2,0.0,Зелёный
43.32,45.68,chechenskaia-respublika,1,0,1,0.0,Зелёный
43.36,45.74,chechenskaia-respublika,1,0,1,0.0,Зелёный
43.44,46.28,chechenskaia-respublika,1,0,1,0.0,Зелёный
43.47,43.57,kabardino-balkarskaia-respublika,1,0,1,0.0,Зелёный
43.47,43.6,kabardino-balkarskaia-respublika,1,0,1,0.0,Зелёный
43.51,43.64,kabardino-balkarskaia-respublika,1,0,1,0.0,Зелёный
43.58,45.53,chechenskaia-respublika,1,0,1,0.0,Зелёный
43.61,43.57,kabardino-balkarskaia-respublika,1,0,1,0.0,Зелёный
43.63,39.71,krasnodarskii-krai,1,0,1,0.0,Зелёный
43.74,45.01,stavropolskii-krai,1,0,1,0.0,Зелёный
43.75,132.0,primorskii-krai,0,1,1,1.0,Красный
43.76,43.95,kabardino-balkarskaia-respublika,1,0,1,0.0,Зелёный
43.79,131.96,primorskii-krai,1,0,1,0.0,Зелёный
43.79,131.97,primorskii-krai,0,1,1,1.0,Красный
43.79,131.98,primorskii-krai,1,0,1,0.0,Зелёный
43.8,131.94,primorskii-krai,1,0,1,0.0,Зелёный
43.81,43.37,kabardino-balkarskaia-respublika,1,0,1,0.0,Зелёный
43.84,44.04,kabardino-balkarskaia-respublika,1,0,1,0.0,Зелёный
43.85,41.57,karachaevo-cherkesskaia-respublika,1,0,1,0.0,Зелёный
43.9,42.72,stavropolskii-krai,1,0,1,0.0,Зелёный
43.91,42.73,stavropolskii-krai,1,0,1,0.0,Зелёный
43.93,131.68,primorskii-krai,1,0,1,0.0,Зелёный
43.94,42.74,stavropolskii-krai,1,0,1,0.0,Зелёный
43.95,39.3,krasnodarskii-krai,1,0,1,0.0,Зелёный
43.95,131.88,primorskii-krai,1,0,1,0.0,Зелёный
44.02,41.95,karachaevo-cherkesskaia-respublika,0,1,1,1.0,Красный
44.04,42.85,stavropolskii-krai,1,0,1,0.0,Зелёный
44.04,42.86,stavropolskii-krai,1,0,1,0.0,Зелёный
44.07,43.21,stavropolskii-krai,1,0,1,0.0,Зелёный
44.08,43.2,stavropolskii-krai,0,1,1,1.0,Красный
44.1,131.57,primorskii-krai,1,0,1,0.0,Зелёный
44.12,37.13,krasnodarskii-krai,1,0,1,0.0,Зелёный
44.14,37.11,krasnodarskii-krai,1,0,1,0.0,Зелёный
44.15,39.2,krasnodarskii-krai,1,0,1,0.0,Зелёный
44.15,43.01,stavropolskii-krai,1,0,1,0.0,Зелёный
44.15,43.47,stavropolskii-krai,1,0,1,0.0,Зелёный
44.25,42.47,karachaevo-cherkesskaia-respublika,1,0,1,0.0,Зелёный
44.4,40.81,krasnodarskii-krai,1,0,1,0.0,Зелёный
44.4,131.26,primorskii-krai,1,0,1,0.0,Зелёный
44.46,34.14,respublika-krym,1,0,1,0.0,Зелёный
44.5,42.58,stavropolskii-krai,0,1,1,1.0,Красный
44.51,34.19,respublika-krym,1,0,1,0.0,Зелёный
44.55,38.09,krasnodarskii-krai,1,0,1,0.0,Зелёный
44.55,38.1,krasnodarskii-krai,1,0,1,0.0,Зелёный
44.56,33.52,sevastopol,1,0,1,0.0,Зелёный
44.57,41.87,stavropolskii-krai,1,0,1,0.0,Зелёный
44.58,38.08,krasnodarskii-krai,1,0,1,0.0,Зелёный
44.59,33.53,sevastopol,1,0,1,0.0,Зелёный
44.59,34.36,respublika-krym,1,0,1,0.0,Зелёный
44.69,39.8,krasnodarskii-krai,1,0,1,0.0,Зелёный
44.71,39.37,krasnodarskii-krai,1,0,1,0.0,Зелёный
44.72,37.78,krasnodarskii-krai,1,0,1,0.0,Зелёный
44.74,33.59,sevastopol,1,0,1,0.0,Зелёный
44.82,45.23,stavropolskii-krai,1,0,1,0.0,Зелёный
44.86,46.6,respublika-dagestan,1,0,1,0.0,Зелёный
44.87,38.13,krasnodarskii-krai,1,0,1,0.0,Зелёный
44.91,34.06,respublika-krym,1,0,1,0.0,Зелёный
44.96,34.11,respublika-krym,1,0,1,0.0,Зелёный
45.0,39.12,krasnodarskii-krai,1,0,1,0.0,Зелёный
45.01,34.22,respublika-krym,1,0,1,0.0,Зелёный
45.01,39.01,krasnodarskii-krai,1,0,1,0.0,Зелёный
45.01,39.05,krasnodarskii-krai,1,0,1,0.0,Зелёный
45.02,39.01,krasnodarskii-krai,1,0,1,0.0,Зелёный
45.02,39.02,krasnodarskii-krai,1,0,1,0.0,Зелёный
45.03,35.1,respublika-krym,1,0,1,0.0,Зелёный
45.03,38.97,krasnodarskii-krai,1,0,1,0.0,Зелёный
45.03,39.21,krasnodarskii-krai,0,1,1,1.0,Красный
45.03,41.94,stavropolskii-krai,1,0,1,0.0,Зелёный
45.04,38.97,krasnodarskii-krai,1,0,1,0.0,Зелёный
45.05,38.96,krasnodarskii-krai,1,0,1,0.0,Зелёный
45.06,38.99,krasnodarskii-krai,1,0,1,0.0,Зелёный
45.06,39.17,krasnodarskii-krai,1,0,1,0.0,Зелёный
45.07,34.6,respublika-krym,1,0,1,0.0,Зелёный
45.07,38.97,krasnodarskii-krai,1,0,1,0.0,Зелёный
45.08,38.99,krasnodarskii-krai,1,0,1,0.0,Зелёный
45.09,34.89,respublika-krym,0,1,1,1.0,Красный
45.09,38.16,krasnodarskii-krai,1,0,1,0.0,Зелёный
45.11,41.0,krasnodarskii-krai,1,0,1,0.0,Зелёный
45.12,39.01,krasnodarskii-krai,1,0,1,0.0,Зелёный
45.15,39.11,krasnodarskii-krai,1,0,1,0.0,Зелёный
45.19,39.0,krasnodarskii-krai,1,0,1,0.0,Зелёный
45.2,33.38,respublika-krym,1,0,1,0.0,Зелёный
45.21,39.69,krasnodarskii-krai,1,0,1,0.0,Зелёный
45.21,41.93,stavropolskii-krai,1,0,1,0.0,Зелёный
45.24,38.12,krasnodarskii-krai,1,0,1,0.0,Зелёный
45.33,40.19,krasnodarskii-krai,1,0,1,0.0,Зелёный
45.36,40.21,krasnodarskii-krai,1,0,1,0.0,Зелёный
45.36,40.72,krasnodarskii-krai,1,0,1,0.0,Зелёный
45.39,47.39,respublika-kalmykiia,1,0,1,0.0,Зелёный
45.48,34.81,respublika-krym,1,0,1,0.0,Зелёный
45.62,38.94,krasnodarskii-krai,1,0,1,0.0,Зелёный
45.96,40.7,krasnodarskii-krai,1,0,1,0.0,Зелёный
46.02,45.28,respublika-kalmykiia,1,0,1,0.0,Зелёный
46.08,39.01,krasnodarskii-krai,1,0,1,0.0,Зелёный
46.3,44.27,respublika-kalmykiia,1,0,1,0.0,Зелёный
46.31,44.3,respublika-kalmykiia,0,1,1,1.0,Красный
46.69,38.73,krasnodarskii-krai,1,0,1,0.0,Зелёный
46.76,39.66,krasnodarskii-krai,1,0,1,0.0,Зелёный
46.93,142.74,sakhalinskaia-oblast,1,0,1,0.0,Зелёный
46.93,142.75,sakhalinskaia-oblast,1,0,1,0.0,Зелёный
47.05,39.74,rostovskaia-oblast,1,0,1,0.0,Зелёный
47.1,39.76,rostovskaia-oblast,1,0,1,0.0,Зелёный
47.11,42.13,rostovskaia-oblast,1,0,1,0.0,Зелёный
47.2,39.72,rostovskaia-oblast,1,0,1,0.0,Зелёный
47.21,39.61,rostovskaia-oblast,1,0,1,0.0,Зелёный
47.23,39.77,rostovskaia-oblast,1,0,1,0.0,Зелёный
47.23,39.78,rostovskaia-oblast,1,0,1,0.0,Зелёный
47.24,39.7,rostovskaia-oblast,1,0,1,0.0,Зелёный
47.24,39.71,rostovskaia-oblast,2,0,2,0.0,Зелёный
47.25,39.85,rostovskaia-oblast,1,0,1,0.0,Зелёный
47.26,39.62,rostovskaia-oblast,1,0,1,0.0,Зелёный
47.27,38.92,rostovskaia-oblast,1,0,1,0.0,Зелёный
47.27,39.72,rostovskaia-oblast,1,0,1,0.0,Зелёный
47.32,38.79,rostovskaia-oblast,1,0,1,0.0,Зелёный
47.32,40.44,rostovskaia-oblast,1,0,1,0.0,Зелёный
47.34,40.56,rostovskaia-oblast,1,0,1,0.0,Зелёный
47.38,39.91,rostovskaia-oblast,1,0,1,0.0,Зелёный
47.42,40.54,rostovskaia-oblast,1,0,1,0.0,Зелёный
47.76,40.15,rostovskaia-oblast,1,0,1,0.0,Зелёный
47.91,39.89,rostovskaia-oblast,1,0,1,0.0,Зелёный
48.0,40.0,rostovskaia-oblast,2,0,2,0.0,Зелёный
48.14,40.76,rostovskaia-oblast,0,1,1,1.0,Красный
48.2,40.77,rostovskaia-oblast,1,0,1,0.0,Зелёный
48.4,40.28,rostovskaia-oblast,1,0,1,0.0,Зелёный
48.42,135.11,khabarovskii-krai,1,0,1,0.0,Зелёный
48.46,135.1,khabarovskii-krai,1,0,1,0.0,Зелёный
48.48,135.09,khabarovskii-krai,1,0,1,0.0,Зелёный
48.48,135.11,khabarovskii-krai,1,0,1,0.0,Зелёный
48.49,135.06,khabarovskii-krai,1,0,1,0.0,Зелёный
48.62,42.82,volgogradskaia-oblast,0,1,1,1.0,Красный
48.7,44.52,volgogradskaia-oblast,0,1,1,1.0,Красный
48.8,132.88,evreiskaia-avtonomnaia-oblast,1,0,1,0.0,Зелёный
48.8,132.9,evreiskaia-avtonomnaia-oblast,1,0,1,0.0,Зелёный
48.9,40.15,rostovskaia-oblast,1,0,1,0.0,Зелёный
49.24,140.23,khabarovskii-krai,1,0,1,0.0,Зелёный
49.38,40.59,rostovskaia-oblast,1,0,1,0.0,Зелёный
49.71,129.66,amurskaia-oblast,1,0,1,0.0,Зелёный
50.08,46.93,volgogradskaia-oblast,1,0,1,0.0,Зелёный
50.08,118.02,zabaikalskii-krai,1,0,1,0.0,Зелёный
50.1,118.04,zabaikalskii-krai,1,0,1,0.0,Зелёный
50.11,45.41,volgogradskaia-oblast,1,0,1,0.0,Зелёный
50.13,129.43,amurskaia-oblast,1,0,1,0.0,Зелёный
50.37,129.12,amurskaia-oblast,1,0,1,0.0,Зелёный
50.5,41.93,volgogradskaia-oblast,1,0,1,0.0,Зелёный
50.55,137.0,khabarovskii-krai,1,0,1,0.0,Зелёный
50.58,36.59,belgorodskaia-oblast,1,0,1,0.0,Зелёный
50.59,36.62,belgorodskaia-oblast,1,0,1,0.0,Зелёный
50.6,36.58,belgorodskaia-oblast,1,0,1,0.0,Зелёный
50.6,129.0,amurskaia-oblast,1,0,1,0.0,Зелёный
50.62,36.53,belgorodskaia-oblast,1,0,1,0.0,Зелёный
50.62,36.58,belgorodskaia-oblast,1,0,1,0.0,Зелёный
50.75,86.13,respublika-altai,1,0,1,0.0,Зелёный
50.87,39.1,voronezhskaia-oblast,0,1,1,1.0,Красный
50.97,39.57,voronezhskaia-oblast,1,0,1,0.0,Зелёный
51.0,52.0,orenburgskaia-oblast,1,0,1,0.0,Зелёный
51.14,133.04,khabarovskii-krai,1,0,1,0.0,Зелёный
51.32,39.21,voronezhskaia-oblast,1,0,1,0.0,Зелёный
51.32,43.1,saratovskaia-oblast,1,0,1,0.0,Зелёный
51.36,37.5,belgorodskaia-oblast,1,0,1,0.0,Зелёный
51.38,41.77,voronezhskaia-oblast,1,0,1,0.0,Зелёный
51.38,128.13,amurskaia-oblast,1,0,1,0.0,Зелёный
51.39,44.7,saratovskaia-oblast,1,0,1,0.0,Зелёный
51.49,46.11,saratovskaia-oblast,1,0,1,0.0,Зелёный
51.5,44.48,saratovskaia-oblast,1,0,1,0.0,Зелёный
51.5,45.94,saratovskaia-oblast,1,0,1,0.0,Зелёный
51.51,104.93,respublika-buriatiia,1,0,1,0.0,Зелёный
51.52,46.02,saratovskaia-oblast,1,0,1,0.0,Зелёный
51.52,46.78,saratovskaia-oblast,1,0,1,0.0,Зелёный
51.52,81.22,altaiskii-krai,1,0,1,0.0,Зелёный
51.53,45.99,saratovskaia-oblast,1,0,1,0.0,Зелёный
51.53,46.06,saratovskaia-oblast,1,0,1,0.0,Зелёный
51.55,39.21,voronezhskaia-oblast,1,0,1,0.0,Зелёный
51.55,46.01,saratovskaia-oblast,1,0,1,0.0,Зелёный
51.56,45.98,saratovskaia-oblast,1,0,1,0.0,Зелёный
51.57,46.0,saratovskaia-oblast,1,0,1,0.0,Зелёный
51.59,45.91,saratovskaia-oblast,1,0,1,0.0,Зелёный
51.59,45.99,saratovskaia-oblast,1,0,1,0.0,Зелёный
51.6,46.01,saratovskaia-oblast,0,1,1,1.0,Красный
51.62,36.11,kurskaia-oblast,1,0,1,0.0,Зелёный
51.63,39.22,voronezhskaia-oblast,1,0,1,0.0,Зелёный
51.64,39.17,voronezhskaia-oblast,1,0,1,0.0,Зелёный
51.66,39.2,voronezhskaia-oblast,1,0,1,0.0,Зелёный
51.7,39.18,voronezhskaia-oblast,1,0,1,0.0,Зелёный
51.72,39.07,voronezhskaia-oblast,0,1,1,1.0,Красный
51.75,107.53,respublika-buriatiia,1,0,1,0.0,Зелёный
51.8,55.1,orenburgskaia-oblast,1,0,1,0.0,Зелёный
51.81,47.02,saratovskaia-oblast,1,0,1,0.0,Зелёный
51.81,55.17,orenburgskaia-oblast,1,0,1,0.0,Зелёный
51.84,44.74,saratovskaia-oblast,1,0,1,0.0,Зелёный
51.85,107.51,respublika-buriatiia,1,0,1,0.0,Зелёный
51.9,85.86,altaiskii-krai,1,0,1,0.0,Зелёный
52.01,53.78,orenburgskaia-oblast,1,0,1,0.0,Зелёный
52.01,86.54,respublika-altai,1,0,1,0.0,Зелёный
52.03,47.8,saratovskaia-oblast,1,0,1,0.0,Зелёный
52.03,113.53,zabaikalskii-krai,0,1,1,1.0,Красный
52.04,113.48,zabaikalskii-krai,1,0,1,0.0,Зелёный
52.08,36.37,kurskaia-oblast,1,0,1,0.0,Зелёный
52.08,113.37,zabaikalskii-krai,1,0,1,0.0,Зелёный
52.15,104.19,irkutskaia-oblast,1,0,1,0.0,Зелёный
52.21,35.83,kurskaia-oblast,1,0,1,0.0,Зелёный
52.21,104.05,irkutskaia-oblast,1,0,1,0.0,Зелёный
52.26,104.29,irkutskaia-oblast,1,0,1,0.0,Зелёный
52.26,104.47,irkutskaia-oblast,1,0,1,0.0,Зелёный
52.3,85.07,altaiskii-krai,1,0,1,0.0,Зелёный
52.3,85.09,altaiskii-krai,1,0,1,0.0,Зелёный
52.34,104.08,irkutskaia-oblast,1,0,1,0.0,Зелёный
52.37,38.76,lipetskaia-oblast,0,1,1,1.0,Красный
52.39,104.53,irkutskaia-oblast,1,0,1,0.0,Зелёный
52.41,41.66,tambovskaia-oblast,1,0,1,0.0,Зелёный
52.44,53.13,orenburgskaia-oblast,1,0,1,0.0,Зелёный
52.52,85.22,altaiskii-krai,1,0,1,0.0,Зелёный
52.53,40.03,lipetskaia-oblast,1,0,1,0.0,Зелёный
52.54,39.76,lipetskaia-oblast,0,1,1,1.0,Красный
52.57,38.71,lipetskaia-oblast,1,0,1,0.0,Зелёный
52.57,103.9,irkutskaia-oblast,1,0,1,0.0,Зелёный
52.58,38.58,lipetskaia-oblast,1,0,1,0.0,Зелёный
52.59,104.46,irkutskaia-oblast,1,0,1,0.0,Зелёный
52.61,44.55,penzenskaia-oblast,1,0,1,0.0,Зелёный
52.64,41.88,tambovskaia-oblast,1,0,1,0.0,Зелёный
52.65,42.73,tambovskaia-oblast,2,0,2,0.0,Зелёный
52.71,41.47,tambovskaia-oblast,1,0,1,0.0,Зелёный
52.72,41.46,tambovskaia-oblast,1,0,1,0.0,Зелёный
52.73,50.03,samarskaia-oblast,1,0,1,0.0,Зелёный
52.77,38.34,lipetskaia-oblast,1,0,1,0.0,Зелёный
52.77,41.42,tambovskaia-oblast,1,0,1,0.0,Зелёный
52.87,38.78,lipetskaia-oblast,1,0,1,0.0,Зелёный
52.89,40.51,tambovskaia-oblast,1,0,1,0.0,Зелёный
52.92,34.42,brianskaia-oblast,1,0,1,0.0,Зелёный
52.92,40.43,tambovskaia-oblast,1,0,1,0.0,Зелёный
52.95,36.1,orlovskaia-oblast,1,0,1,0.0,Зелёный
52.96,43.41,penzenskaia-oblast,1,0,1,0.0,Зелёный
52.98,41.92,tambovskaia-oblast,1,0,1,0.0,Зелёный
52.98,49.71,samarskaia-oblast,1,0,1,0.0,Зелёный
53.03,45.95,penzenskaia-oblast,1,0,1,0.0,Зелёный
53.08,36.34,orlovskaia-oblast,1,0,1,0.0,Зелёный
53.1,45.01,penzenskaia-oblast,1,0,1,0.0,Зелёный
53.11,43.58,penzenskaia-oblast,1,0,1,0.0,Зелёный
53.11,46.58,penzenskaia-oblast,1,0,1,0.0,Зелёный
53.12,36.27,orlovskaia-oblast,1,0,1,0.0,Зелёный
53.13,44.59,penzenskaia-oblast,1,0,1,0.0,Зелёный
53.13,46.58,penzenskaia-oblast,1,0,1,0.0,Зелёный
53.14,45.02,penzenskaia-oblast,1,0,1,0.0,Зелёный
53.14,50.11,samarskaia-oblast,1,0,1,0.0,Зелёный
53.15,78.76,altaiskii-krai,1,0,1,0.0,Зелёный
53.16,45.02,penzenskaia-oblast,1,0,1,0.0,Зелёный
53.18,40.34,tambovskaia-oblast,1,0,1,0.0,Зелёный
53.18,55.21,respublika-bashkortostan,1,0,1,0.0,Зелёный
53.19,43.97,penzenskaia-oblast,1,0,1,0.0,Зелёный
53.23,50.19,samarskaia-oblast,1,0,1,0.0,Зелёный
53.25,49.01,samarskaia-oblast,0,1,1,1.0,Красный
53.26,44.11,penzenskaia-oblast,1,0,1,0.0,Зелёный
53.29,83.56,altaiskii-krai,1,0,1,0.0,Зелёный
53.33,83.69,altaiskii-krai,1,0,1,0.0,Зелёный
53.33,91.94,krasnoiarskii-krai,1,0,1,0.0,Зелёный
53.33,104.04,irkutskaia-oblast,1,0,1,0.0,Зелёный
53.34,83.78,altaiskii-krai,1,0,1,0.0,Зелёный
53.36,83.66,altaiskii-krai,1,0,1,0.0,Зелёный
53.36,102.77,irkutskaia-oblast,1,0,1,0.0,Зелёный
53.37,83.72,altaiskii-krai,1,0,1,0.0,Зелёный
53.38,49.46,samarskaia-oblast,1,0,1,0.0,Зелёный
53.38,59.0,cheliabinskaia-oblast,1,0,1,0.0,Зелёный
53.39,58.99,cheliabinskaia-oblast,1,0,1,0.0,Зелёный
53.39,83.66,altaiskii-krai,1,0,1,0.0,Зелёный
53.39,83.96,altaiskii-krai,1,0,1,0.0,Зелёный
53.4,34.32,brianskaia-oblast,1,0,1,0.0,Зелёный
53.42,49.53,samarskaia-oblast,1,0,1,0.0,Зелёный
53.42,83.58,altaiskii-krai,1,0,1,0.0,Зелёный
53.44,36.0,orlovskaia-oblast,1,0,1,0.0,Зелёный
53.44,50.1,samarskaia-oblast,0,1,1,1.0,Красный
53.45,41.84,tambovskaia-oblast,1,0,1,0.0,Зелёный
53.47,41.85,tambovskaia-oblast,1,0,1,0.0,Зелёный
53.48,49.47,samarskaia-oblast,1,0,1,0.0,Зелёный
53.48,49.48,samarskaia-oblast,1,0,1,0.0,Зелёный
53.5,50.07,samarskaia-oblast,1,0,1,0.0,Зелёный
53.53,49.33,samarskaia-oblast,1,0,1,0.0,Зелёный
53.55,40.37,volgogradskaia-oblast,1,0,1,0.0,Зелёный
53.55,49.33,samarskaia-oblast,1,0,1,0.0,Зелёный
53.55,49.45,samarskaia-oblast,1,0,1,0.0,Зелёный
53.64,49.3,samarskaia-oblast,1,0,1,0.0,Зелёный
53.75,84.92,altaiskii-krai,0,1,1,1.0,Красный
53.75,87.14,kemerovskaia-oblast-kuzbass,1,0,1,0.0,Зелёный
53.76,87.14,kemerovskaia-oblast-kuzbass,1,0,1,0.0,Зелёный
53.76,127.31,amurskaia-oblast,1,0,1,0.0,Зелёный
53.83,87.16,kemerovskaia-oblast-kuzbass,1,0,1,0.0,Зелёный
53.91,86.67,kemerovskaia-oblast-kuzbass,1,0,1,0.0,Зелёный
53.98,38.36,tulskaia-oblast,1,0,1,0.0,Зелёный
54.0,32.0,smolenskaia-oblast,1,0,1,0.0,Зелёный
54.0,38.0,tulskaia-oblast,1,0,1,0.0,Зелёный
54.02,84.32,altaiskii-krai,1,0,1,0.0,Зелёный
54.03,41.71,riazanskaia-oblast,0,1,1,1.0,Красный
54.06,42.88,respublika-mordoviia,0,1,1,1.0,Красный
54.09,123.56,amurskaia-oblast,1,0,1,0.0,Зелёный
54.16,45.15,respublika-mordoviia,1,0,1,0.0,Зелёный
54.19,32.64,smolenskaia-oblast,1,0,1,0.0,Зелёный
54.2,50.46,samarskaia-oblast,1,0,1,0.0,Зелёный
54.22,45.15,respublika-mordoviia,1,0,1,0.0,Зелёный
54.23,39.04,riazanskaia-oblast,1,0,1,0.0,Зелёный
54.25,37.95,tulskaia-oblast,1,0,1,0.0,Зелёный
54.27,60.68,cheliabinskaia-oblast,0,1,1,1.0,Красный
54.29,48.26,ulianovskaia-oblast,1,0,1,0.0,Зелёный
54.3,47.77,ulianovskaia-oblast,1,0,1,0.0,Зелёный
54.34,41.96,riazanskaia-oblast,1,0,1,0.0,Зелёный
54.34,83.17,novosibirskaia-oblast,1,0,1,0.0,Зелёный
54.34,101.52,irkutskaia-oblast,1,0,1,0.0,Зелёный
54.36,43.36,nizhegorodskaia-oblast,1,0,1,0.0,Зелёный
54.38,81.94,novosibirskaia-oblast,1,0,1,0.0,Зелёный
54.41,36.92,kaluzhskaia-oblast,1,0,1,0.0,Зелёный
54.41,53.2,respublika-tatarstan-tatarstan,1,0,1,0.0,Зелёный
54.42,86.3,kemerovskaia-oblast-kuzbass,1,0,1,0.0,Зелёный
54.47,53.3,respublika-tatarstan-tatarstan,1,0,1,0.0,Зелёный
54.53,37.11,moskovskaia-oblast,1,0,1,0.0,Зелёный
54.55,52.79,respublika-tatarstan-tatarstan,1,0,1,0.0,Зелёный
54.58,73.63,omskaia-oblast,1,0,1,0.0,Зелёный
54.61,39.64,riazanskaia-oblast,1,0,1,0.0,Зелёный
54.61,39.76,riazanskaia-oblast,1,0,1,0.0,Зелёный
54.62,34.79,riazanskaia-oblast,1,0,1,0.0,Зелёный
54.62,39.71,riazanskaia-oblast,1,0,1,0.0,Зелёный
54.63,39.74,riazanskaia-oblast,1,1,2,0.5,Жёлтый
54.64,39.72,riazanskaia-oblast,1,0,1,0.0,Зелёный
54.64,39.78,riazanskaia-oblast,1,0,1,0.0,Зелёный
54.66,39.63,riazanskaia-oblast,1,0,1,0.0,Зелёный
54.69,39.74,riazanskaia-oblast,1,0,1,0.0,Зелёный
54.69,158.61,kamchatskii-krai,1,0,1,0.0,Зелёный
54.73,42.15,riazanskaia-oblast,1,0,1,0.0,Зелёный
54.73,86.23,kemerovskaia-oblast-kuzbass,1,0,1,0.0,Зелёный
54.76,20.02,kaliningradskaia-oblast,1,0,1,0.0,Зелёный
54.76,56.56,respublika-bashkortostan,1,0,1,0.0,Зелёный
54.77,56.02,respublika-bashkortostan,1,0,1,0.0,Зелёный
54.77,83.09,novosibirskaia-oblast,1,0,1,0.0,Зелёный
54.78,61.44,cheliabinskaia-oblast,1,0,1,0.0,Зелёный
54.81,56.67,respublika-bashkortostan,0,1,1,1.0,Красный
54.84,41.7,riazanskaia-oblast,1,0,1,0.0,Зелёный
54.85,83.06,novosibirskaia-oblast,1,0,1,0.0,Зелёный
54.87,36.48,kaluzhskaia-oblast,1,0,1,0.0,Зелёный
54.9,60.55,cheliabinskaia-oblast,0,1,1,1.0,Красный
54.91,58.1,cheliabinskaia-oblast,1,0,1,0.0,Зелёный
54.92,73.45,omskaia-oblast,1,0,1,0.0,Зелёный
54.94,82.99,novosibirskaia-oblast,1,0,1,0.0,Зелёный
54.95,72.9,omskaia-oblast,1,0,1,0.0,Зелёный
54.97,73.38,omskaia-oblast,1,0,1,0.0,Зелёный
54.97,83.04,novosibirskaia-oblast,1,0,1,0.0,Зелёный
54.99,73.36,omskaia-oblast,1,0,1,0.0,Зелёный
55.0,65.0,kurganskaia-oblast,3,0,3,0.0,Зелёный
55.0,83.02,novosibirskaia-oblast,0,1,1,1.0,Красный
55.01,37.42,moskovskaia-oblast,1,0,1,0.0,Зелёный
55.01,82.96,novosibirskaia-oblast,1,0,1,0.0,Зелёный
55.02,61.11,cheliabinskaia-oblast,0,1,1,1.0,Красный
55.02,73.38,omskaia-oblast,1,0,1,0.0,Зелёный
55.04,36.54,kaluzhskaia-oblast,1,0,1,0.0,Зелёный
55.04,73.32,omskaia-oblast,1,0,1,0.0,Зелёный
55.07,57.55,cheliabinskaia-oblast,1,0,1,0.0,Зелёный
55.07,58.93,cheliabinskaia-oblast,1,0,1,0.0,Зелёный
55.11,37.5,moskva,1,0,1,0.0,Зелёный
55.12,61.5,cheliabinskaia-oblast,1,0,1,0.0,Зелёный
55.13,61.21,cheliabinskaia-oblast,1,0,1,0.0,Зелёный
55.16,61.36,cheliabinskaia-oblast,1,0,1,0.0,Зелёный
55.19,61.42,cheliabinskaia-oblast,1,0,1,0.0,Зелёный
55.2,61.3,cheliabinskaia-oblast,0,1,1,1.0,Красный
55.27,38.48,moskovskaia-oblast,1,0,1,0.0,Зелёный
55.31,37.18,moskva,1,0,1,0.0,Зелёный
55.34,85.99,kemerovskaia-oblast-kuzbass,1,0,1,0.0,Зелёный
55.35,86.04,kemerovskaia-oblast-kuzbass,1,0,1,0.0,Зелёный
55.36,36.76,moskovskaia-oblast,0,1,1,1.0,Красный
55.38,43.85,nizhegorodskaia-oblast,1,0,1,0.0,Зелёный
55.38,65.4,kurganskaia-oblast,1,0,1,0.0,Зелёный
55.45,36.4,kaluzhskaia-oblast,0,1,1,1.0,Красный
55.45,37.37,moskva,1,0,1,0.0,Зелёный
55.46,65.35,kurganskaia-oblast,1,0,1,0.0,Зелёный
55.47,65.29,kurganskaia-oblast,1,0,1,0.0,Зелёный
55.48,65.29,kurganskaia-oblast,0,1,1,1.0,Красный
55.49,35.42,moskovskaia-oblast,1,0,1,0.0,Зелёный
55.51,55.71,respublika-bashkortostan,1,0,1,0.0,Зелёный
55.52,45.46,nizhegorodskaia-oblast,1,0,1,0.0,Зелёный
55.58,37.71,moskva,1,0,1,0.0,Зелёный
55.6,37.6,moskva,1,0,1,0.0,Зелёный
55.62,37.61,moskva,1,0,1,0.0,Зелёный
55.63,37.59,moskva,1,0,1,0.0,Зелёный
55.64,37.82,moskva,1,0,1,0.0,Зелёный
55.65,37.74,moskva,1,0,1,0.0,Зелёный
55.65,49.98,respublika-tatarstan-tatarstan,0,1,1,1.0,Красный
55.7,37.7,moskva,1,0,1,0.0,Зелёный
55.71,37.51,moskva,1,0,1,0.0,Зелёный
55.71,37.66,moskva,1,0,1,0.0,Зелёный
55.71,37.67,moskva,1,0,1,0.0,Зелёный
55.71,37.76,moskva,1,0,1,0.0,Зелёный
55.71,48.65,respublika-tatarstan-tatarstan,0,1,1,1.0,Красный
55.72,37.45,moskva,1,0,1,0.0,Зелёный
55.73,37.49,moskva,1,0,1,0.0,Зелёный
55.73,37.61,moskva,2,0,2,0.0,Зелёный
55.74,37.0,moskva,1,0,1,0.0,Зелёный
55.74,37.24,moskovskaia-oblast,1,0,1,0.0,Зелёный
55.74,37.37,moskva,1,0,1,0.0,Зелёный
55.74,37.7,moskva,0,1,1,1.0,Красный
55.75,37.53,moskva,1,0,1,0.0,Зелёный
55.75,37.57,moskva,2,0,2,0.0,Зелёный
55.75,37.58,moskva,1,0,1,0.0,Зелёный
55.75,49.21,respublika-tatarstan-tatarstan,1,0,1,0.0,Зелёный
55.75,49.26,respublika-tatarstan-tatarstan,1,0,1,0.0,Зелёный
55.76,37.41,moskva,1,0,1,0.0,Зелёный
55.76,37.61,moskva,1,0,1,0.0,Зелёный
55.77,37.42,moskva,1,0,1,0.0,Зелёный
55.77,37.82,moskva,1,0,1,0.0,Зелёный
55.78,37.59,moskva,1,0,1,0.0,Зелёный
55.79,37.57,moskva,1,0,1,0.0,Зелёный
55.79,37.6,moskva,1,0,1,0.0,Зелёный
55.79,49.12,respublika-tatarstan-tatarstan,3,0,3,0.0,Зелёный
55.81,37.57,moskva,1,0,1,0.0,Зелёный
55.81,37.62,moskva,1,0,1,0.0,Зелёный
55.81,37.82,moskva,1,0,1,0.0,Зелёный
55.81,37.84,moskva,0,1,1,1.0,Красный
55.81,38.07,moskovskaia-oblast,0,1,1,1.0,Красный
55.83,37.64,kaluzhskaia-oblast,1,0,1,0.0,Зелёный
55.83,37.65,moskva,1,0,1,0.0,Зелёный
55.83,49.05,respublika-tatarstan-tatarstan,1,0,1,0.0,Зелёный
55.83,49.1,respublika-tatarstan-tatarstan,1,0,1,0.0,Зелёный
55.84,48.24,chuvashskaia-respublika-chuvashiia,1,0,1,0.0,Зелёный
55.85,37.67,moskva,0,1,1,1.0,Красный
55.86,94.27,krasnoiarskii-krai,1,0,1,0.0,Зелёный
55.87,48.35,respublika-marii-el,1,0,1,0.0,Зелёный
55.88,37.46,moskva,0,1,1,1.0,Красный
55.89,37.48,moskva,0,1,1,1.0,Красный
55.9,37.67,moskva,0,1,1,1.0,Красный
55.92,37.71,moskovskaia-oblast,1,0,1,0.0,Зелёный
55.98,46.19,chuvashskaia-respublika-chuvashiia,0,1,1,1.0,Красный
56.0,47.0,chuvashskaia-respublika-chuvashiia,1,0,1,0.0,Зелёный
56.0,63.0,kurganskaia-oblast,1,0,1,0.0,Зелёный
56.01,37.56,moskovskaia-oblast,0,1,1,1.0,Красный
56.02,93.05,krasnoiarskii-krai,1,0,1,0.0,Зелёный
56.04,92.88,krasnoiarskii-krai,1,0,1,0.0,Зелёный
56.07,47.16,chuvashskaia-respublika-chuvashiia,1,0,1,0.0,Зелёный
56.11,43.52,nizhegorodskaia-oblast,1,0,1,0.0,Зелёный
56.11,47.5,chuvashskaia-respublika-chuvashiia,1,0,1,0.0,Зелёный
56.12,47.51,chuvashskaia-respublika-chuvashiia,1,0,1,0.0,Зелёный
56.12,101.19,irkutskaia-oblast,1,0,1,0.0,Зелёный
56.14,43.92,nizhegorodskaia-oblast,1,0,1,0.0,Зелёный
56.15,43.78,nizhegorodskaia-oblast,1,0,1,0.0,Зелёный
56.18,43.75,nizhegorodskaia-oblast,1,0,1,0.0,Зелёный
56.18,63.1,kurganskaia-oblast,1,0,1,0.0,Зелёный
56.19,44.14,nizhegorodskaia-oblast,1,0,1,0.0,Зелёный
56.19,44.17,nizhegorodskaia-oblast,1,0,1,0.0,Зелёный
56.22,40.51,vladimirskaia-oblast,1,0,1,0.0,Зелёный
56.22,43.94,nizhegorodskaia-oblast,1,0,1,0.0,Зелёный
56.24,43.83,nizhegorodskaia-oblast,1,0,1,0.0,Зелёный
56.24,43.88,nizhegorodskaia-oblast,1,0,1,0.0,Зелёный
56.28,43.9,nizhegorodskaia-oblast,1,0,1,0.0,Зелёный
56.29,30.61,pskovskaia-oblast,1,0,1,0.0,Зелёный
56.3,44.03,nizhegorodskaia-oblast,1,0,1,0.0,Зелёный
56.31,43.67,nizhegorodskaia-oblast,1,0,1,0.0,Зелёный
56.32,43.92,nizhegorodskaia-oblast,1,0,1,0.0,Зелёный
56.33,43.95,nizhegorodskaia-oblast,1,0,1,0.0,Зелёный
56.35,43.84,nizhegorodskaia-oblast,1,0,1,0.0,Зелёный
56.36,43.84,nizhegorodskaia-oblast,1,0,1,0.0,Зелёный
56.4,63.2,cheliabinskaia-oblast,1,0,1,0.0,Зелёный
56.46,85.01,tomskaia-oblast,1,0,1,0.0,Зелёный
56.51,84.99,tomskaia-oblast,1,0,1,0.0,Зелёный
56.52,84.22,tomskaia-oblast,0,1,1,1.0,Красный
56.57,84.97,tomskaia-oblast,1,0,1,0.0,Зелёный
56.64,47.85,respublika-marii-el,1,0,1,0.0,Зелёный
56.64,47.88,respublika-marii-el,1,0,1,0.0,Зелёный
56.73,61.03,sverdlovskaia-oblast,1,0,1,0.0,Зелёный
56.75,60.56,sverdlovskaia-oblast,1,0,1,0.0,Зелёный
56.75,60.75,sverdlovskaia-oblast,1,0,1,0.0,Зелёный
56.79,54.05,udmurtskaia-respublika,1,0,1,0.0,Зелёный
56.79,60.57,sverdlovskaia-oblast,1,0,1,0.0,Зелёный
56.79,60.65,sverdlovskaia-oblast,1,0,1,0.0,Зелёный
56.8,59.95,sverdlovskaia-oblast,1,0,1,0.0,Зелёный
56.84,41.35,ivanovskaia-oblast,1,0,1,0.0,Зелёный
56.84,60.69,sverdlovskaia-oblast,1,0,1,0.0,Зелёный
56.86,59.06,sverdlovskaia-oblast,1,0,1,0.0,Зелёный
56.92,47.88,respublika-marii-el,1,0,1,0.0,Зелёный
56.94,29.98,pskovskaia-oblast,1,0,1,0.0,Зелёный
57.0,61.52,sverdlovskaia-oblast,1,0,1,0.0,Зелёный
57.02,40.97,ivanovskaia-oblast,1,0,1,0.0,Зелёный
57.09,35.0,tverskaia-oblast,1,0,1,0.0,Зелёный
57.12,65.52,tiumenskaia-oblast,1,0,1,0.0,Зелёный
57.22,41.94,ivanovskaia-oblast,1,0,1,0.0,Зелёный
57.24,47.88,kirovskaia-oblast,1,0,1,0.0,Зелёный
57.24,60.08,sverdlovskaia-oblast,1,0,1,0.0,Зелёный
57.26,60.11,sverdlovskaia-oblast,1,0,1,0.0,Зелёный
57.3,43.09,ivanovskaia-oblast,0,1,1,1.0,Красный
57.43,45.67,nizhegorodskaia-oblast,1,0,1,0.0,Зелёный
57.53,38.32,iaroslavskaia-oblast,1,0,1,0.0,Зелёный
57.54,38.33,iaroslavskaia-oblast,1,0,1,0.0,Зелёный
57.54,59.58,sverdlovskaia-oblast,1,0,1,0.0,Зелёный
57.63,39.81,iaroslavskaia-oblast,1,0,1,0.0,Зелёный
57.63,39.82,iaroslavskaia-oblast,1,0,1,0.0,Зелёный
57.69,39.89,iaroslavskaia-oblast,1,0,1,0.0,Зелёный
57.72,39.83,iaroslavskaia-oblast,1,0,1,0.0,Зелёный
57.75,41.0,kostromskaia-oblast,1,0,1,0.0,Зелёный
57.76,40.95,kostromskaia-oblast,1,0,1,0.0,Зелёный
57.78,40.89,kostromskaia-oblast,1,0,1,0.0,Зелёный
57.81,28.32,pskovskaia-oblast,1,0,1,0.0,Зелёный
57.81,28.36,pskovskaia-oblast,1,0,1,0.0,Зелёный
57.81,28.39,pskovskaia-oblast,1,0,1,0.0,Зелёный
57.92,59.98,sverdlovskaia-oblast,1,0,1,0.0,Зелёный
57.96,60.22,sverdlovskaia-oblast,1,0,1,0.0,Зелёный
57.97,33.26,novgorodskaia-oblast,0,1,1,1.0,Красный
58.0,31.38,novgorodskaia-oblast,1,0,1,0.0,Зелёный
58.0,60.41,sverdlovskaia-oblast,1,0,1,0.0,Зелёный
58.01,55.97,permskii-krai,1,0,1,0.0,Зелёный
58.15,41.59,kostromskaia-oblast,1,0,1,0.0,Зелёный
58.16,68.37,tiumenskaia-oblast,1,0,1,0.0,Зелёный
58.22,32.57,novgorodskaia-oblast,1,0,1,0.0,Зелёный
58.29,38.87,iaroslavskaia-oblast,1,0,1,0.0,Зелёный
58.32,82.98,tomskaia-oblast,1,0,1,0.0,Зелёный
58.37,92.35,krasnoiarskii-krai,1,0,1,0.0,Зелёный
58.41,33.89,novgorodskaia-oblast,1,0,1,0.0,Зелёный
58.43,31.7,novgorodskaia-oblast,1,0,1,0.0,Зелёный
58.52,49.46,kirovskaia-oblast,1,0,1,0.0,Зелёный
58.53,31.27,novgorodskaia-oblast,1,0,1,0.0,Зелёный
58.53,31.33,novgorodskaia-oblast,1,0,1,0.0,Зелёный
58.54,31.32,novgorodskaia-oblast,1,0,1,0.0,Зелёный
58.55,49.68,kirovskaia-oblast,1,0,1,0.0,Зелёный
58.58,49.63,kirovskaia-oblast,1,0,1,0.0,Зелёный
58.59,49.63,kirovskaia-oblast,1,0,1,0.0,Зелёный
58.6,49.59,kirovskaia-oblast,2,0,2,0.0,Зелёный
58.6,49.61,kirovskaia-oblast,0,1,1,1.0,Красный
58.6,49.67,kirovskaia-oblast,1,0,1,0.0,Зелёный
58.62,49.64,kirovskaia-oblast,1,0,1,0.0,Зелёный
58.62,49.66,kirovskaia-oblast,1,0,1,0.0,Зелёный
58.73,29.9,leningradskaia-oblast,1,0,1,0.0,Зелёный
58.88,47.25,kostromskaia-oblast,1,0,1,0.0,Зелёный
59.13,37.91,vologodskaia-oblast,1,0,1,0.0,Зелёный
59.13,37.97,vologodskaia-oblast,1,0,1,0.0,Зелёный
59.14,37.91,vologodskaia-oblast,1,0,1,0.0,Зелёный
59.15,28.01,leningradskaia-oblast,1,0,1,0.0,Зелёный
59.16,35.31,vologodskaia-oblast,1,0,1,0.0,Зелёный
59.21,39.89,vologodskaia-oblast,0,1,1,1.0,Красный
59.22,39.9,vologodskaia-oblast,1,0,1,0.0,Зелёный
59.23,39.91,vologodskaia-oblast,1,0,1,0.0,Зелёный
59.31,30.53,sankt-peterburg,1,0,1,0.0,Зелёный
59.36,30.29,leningradskaia-oblast,1,0,1,0.0,Зелёный
59.41,29.97,leningradskaia-oblast,1,0,1,0.0,Зелёный
59.46,29.63,leningradskaia-oblast,1,0,1,0.0,Зелёный
59.52,40.35,vologodskaia-oblast,1,0,1,0.0,Зелёный
59.55,150.83,magadanskaia-oblast,1,0,1,0.0,Зелёный
59.56,30.12,leningradskaia-oblast,1,0,1,0.0,Зелёный
59.56,150.81,magadanskaia-oblast,1,0,1,0.0,Зелёный
59.58,60.58,sverdlovskaia-oblast,1,0,1,0.0,Зелёный
59.74,30.09,sankt-peterburg,1,0,1,0.0,Зелёный
59.83,30.28,sankt-peterburg,1,0,1,0.0,Зелёный
59.83,30.36,sankt-peterburg,1,0,1,0.0,Зелёный
59.85,30.15,sankt-peterburg,1,0,1,0.0,Зелёный
59.85,30.33,sankt-peterburg,1,0,1,0.0,Зелёный
59.85,30.43,sankt-peterburg,1,0,1,0.0,Зелёный
59.9,30.29,sankt-peterburg,1,0,1,0.0,Зелёный
59.9,30.32,sankt-peterburg,1,0,1,0.0,Зелёный
59.91,30.3,sankt-peterburg,2,0,2,0.0,Зелёный
59.92,30.47,sankt-peterburg,1,0,1,0.0,Зелёный
59.93,30.37,sankt-peterburg,1,0,1,0.0,Зелёный
59.93,30.41,sankt-peterburg,1,0,1,0.0,Зелёный
59.93,32.31,leningradskaia-oblast,1,0,1,0.0,Зелёный
59.95,30.33,sankt-peterburg,1,0,1,0.0,Зелёный
59.95,30.35,sankt-peterburg,0,1,1,1.0,Красный
59.97,30.31,sankt-peterburg,1,0,1,0.0,Зелёный
59.97,30.33,sankt-peterburg,0,1,1,1.0,Красный
60.01,30.23,sankt-peterburg,1,0,1,0.0,Зелёный
60.01,30.34,sankt-peterburg,1,0,1,0.0,Зелёный
60.02,30.45,sankt-peterburg,1,0,1,0.0,Зелёный
60.03,30.37,sankt-peterburg,1,0,1,0.0,Зелёный
60.03,30.43,sankt-peterburg,1,0,1,0.0,Зелёный
60.03,30.44,sankt-peterburg,1,0,1,0.0,Зелёный
60.04,30.4,sankt-peterburg,1,0,1,0.0,Зелёный
60.04,30.42,sankt-peterburg,1,0,1,0.0,Зелёный
60.05,30.32,sankt-peterburg,1,0,1,0.0,Зелёный
60.3,29.8,leningradskaia-oblast,1,0,1,0.0,Зелёный
60.85,42.11,arkhangelskaia-oblast,1,0,1,0.0,Зелёный
60.98,69.05,khanty-mansiiskii-avtonomnyi-okrug-iugra,1,0,1,0.0,Зелёный
61.0,69.05,khanty-mansiiskii-avtonomnyi-okrug-iugra,1,0,1,0.0,Зелёный
61.01,69.04,khanty-mansiiskii-avtonomnyi-okrug-iugra,1,0,1,0.0,Зелёный
61.05,72.61,khanty-mansiiskii-avtonomnyi-okrug-iugra,1,0,1,0.0,Зелёный
61.07,76.12,khanty-mansiiskii-avtonomnyi-okrug-iugra,1,0,1,0.0,Зелёный
61.15,72.61,khanty-mansiiskii-avtonomnyi-okrug-iugra,1,0,1,0.0,Зелёный
61.19,62.8,khanty-mansiiskii-avtonomnyi-okrug-iugra,1,0,1,0.0,Зелёный
61.24,73.37,khanty-mansiiskii-avtonomnyi-okrug-iugra,1,0,1,0.0,Зелёный
61.24,73.4,khanty-mansiiskii-avtonomnyi-okrug-iugra,1,0,1,0.0,Зелёный
61.28,73.35,khanty-mansiiskii-avtonomnyi-okrug-iugra,1,0,1,0.0,Зелёный
61.3,71.47,khanty-mansiiskii-avtonomnyi-okrug-iugra,2,0,2,0.0,Зелёный
61.34,73.4,khanty-mansiiskii-avtonomnyi-okrug-iugra,1,0,1,0.0,Зелёный
61.63,50.85,respublika-komi,1,0,1,0.0,Зелёный
61.66,50.83,respublika-komi,1,0,1,0.0,Зелёный
61.79,50.68,respublika-komi,1,0,1,0.0,Зелёный
61.82,34.13,respublika-kareliia,1,0,1,0.0,Зелёный
62.04,129.68,respublika-sakha-iakutiia,1,0,1,0.0,Зелёный
63.02,52.33,respublika-komi,1,0,1,0.0,Зелёный
64.12,63.1,khanty-mansiiskii-avtonomnyi-okrug-iugra,1,0,1,0.0,Зелёный
65.04,33.68,respublika-kareliia,1,0,1,0.0,Зелёный
65.55,72.48,iamalo-nenetskii-avtonomnyi-okrug,1,0,1,0.0,Зелёный
66.14,76.73,iamalo-nenetskii-avtonomnyi-okrug,1,0,1,0.0,Зелёный
67.51,64.07,respublika-komi,1,0,1,0.0,Зелёный
68.83,32.79,murmanskaia-oblast,1,0,1,0.0,Зелёный
69.05,33.28,murmanskaia-oblast,1,1,2,0.5,Жёлтый
