lat_round,lon_round,region,Лёгкий,Опасный,total,danger_ratio,level
42.0,132.0,primorskii-krai,0,1,1,1.0,Красный
43.02,47.19,respublika-dagestan,0,1,1,1.0,Красный
43.15,43.02,stavropolskii-krai,0,1,1,1.0,Красный
43.24,133.23,primorskii-krai,1,0,1,0.0,Зелёный
43.42,131.95,primorskii-krai,0,1,1,1.0,Красный
43.53,39.23,krasnodarskii-krai,0,1,1,1.0,Красный
43.59,46.79,respublika-dagestan,0,1,1,1.0,Красный
43.6,39.72,krasnodarskii-krai,1,0,1,0.0,Зелёный
44.04,133.17,primorskii-krai,0,1,1,1.0,Красный
44.1,43.11,stavropolskii-krai,1,0,1,0.0,Зелёный
44.14,39.05,krasnodarskii-krai,0,1,1,1.0,Красный
44.16,42.26,stavropolskii-krai,0,1,1,1.0,Красный
44.26,40.2,respublika-adygeia-adygeia,1,0,1,0.0,Зелёный
44.63,38.91,krasnodarskii-krai,0,1,1,1.0,Красный
44.72,37.76,krasnodarskii-krai,0,1,1,1.0,Красный
44.74,45.0,stavropolskii-krai,1,0,1,0.0,Зелёный
44.78,44.17,stavropolskii-krai,0,1,1,1.0,Красный
44.84,39.84,krasnodarskii-krai,0,1,1,1.0,Красный
44.84,44.07,stavropolskii-krai,0,1,1,1.0,Красный
44.91,37.41,krasnodarskii-krai,0,1,1,1.0,Красный
45.12,42.46,stavropolskii-krai,0,1,1,1.0,Красный
45.23,33.34,respublika-krym,1,0,1,0.0,Зелёный
45.23,37.91,krasnodarskii-krai,1,0,1,0.0,Зелёный
45.27,39.21,krasnodarskii-krai,0,1,1,1.0,Красный
45.28,39.85,krasnodarskii-krai,1,0,1,0.0,Зелёный
45.28,42.62,stavropolskii-krai,0,1,1,1.0,Красный
45.35,40.01,krasnodarskii-krai,0,1,1,1.0,Красный
45.54,43.99,stavropolskii-krai,0,1,1,1.0,Красный
45.62,38.95,krasnodarskii-krai,1,0,1,0.0,Зелёный
45.64,38.97,krasnodarskii-krai,0,1,1,1.0,Красный
45.65,38.97,krasnodarskii-krai,0,1,1,1.0,Красный
46.11,48.08,astrakhanskaia-oblast,1,0,1,0.0,Зелёный
46.32,47.97,astrakhanskaia-oblast,1,0,1,0.0,Зелёный
46.32,48.01,astrakhanskaia-oblast,1,0,1,0.0,Зелёный
46.62,142.77,sakhalinskaia-oblast,1,0,1,0.0,Зелёный
46.66,38.35,krasnodarskii-krai,0,1,1,1.0,Красный
47.02,142.71,sakhalinskaia-oblast,0,1,1,1.0,Красный
47.21,39.6,rostovskaia-oblast,1,0,1,0.0,Зелёный
47.25,39.78,rostovskaia-oblast,0,1,1,1.0,Красный
47.25,41.47,rostovskaia-oblast,0,1,1,1.0,Красный
47.31,39.56,rostovskaia-oblast,0,1,1,1.0,Красный
47.31,142.77,sakhalinskaia-oblast,1,0,1,0.0,Зелёный
48.32,40.25,rostovskaia-oblast,1,0,1,0.0,Зелёный
48.44,41.4,rostovskaia-oblast,0,1,1,1.0,Красный
48.44,44.37,volgogradskaia-oblast,1,0,1,0.0,Зелёный
48.45,142.13,sakhalinskaia-oblast,1,0,1,0.0,Зелёный
48.94,135.43,khabarovskii-krai,0,1,1,1.0,Красный
49.21,40.25,rostovskaia-oblast,1,0,1,0.0,Зелёный
49.93,137.07,khabarovskii-krai,1,0,1,0.0,Зелёный
50.18,38.23,belgorodskaia-oblast,0,1,1,1.0,Красный
50.22,103.17,respublika-buriatiia,1,0,1,0.0,Зелёный
50.29,127.58,amurskaia-oblast,1,0,1,0.0,Зелёный
50.29,127.65,amurskaia-oblast,1,0,1,0.0,Зелёный
50.56,114.33,zabaikalskii-krai,1,0,1,0.0,Зелёный
50.56,137.0,khabarovskii-krai,1,0,1,0.0,Зелёный
50.62,136.96,khabarovskii-krai,1,0,1,0.0,Зелёный
51.03,111.75,zabaikalskii-krai,1,0,1,0.0,Зелёный
51.05,127.85,amurskaia-oblast,0,1,1,1.0,Красный
51.2,115.15,zabaikalskii-krai,0,1,1,1.0,Красный
51.21,114.82,zabaikalskii-krai,1,0,1,0.0,Зелёный
51.25,55.33,orenburgskaia-oblast,0,1,1,1.0,Красный
51.27,49.0,saratovskaia-oblast,0,1,1,1.0,Красный
51.34,110.46,zabaikalskii-krai,1,0,1,0.0,Зелёный
51.39,128.09,amurskaia-oblast,1,0,1,0.0,Зелёный
51.49,45.74,saratovskaia-oblast,1,0,1,0.0,Зелёный
51.53,128.35,amurskaia-oblast,1,0,1,0.0,Зелёный
51.57,34.69,kurskaia-oblast,0,1,1,1.0,Красный
51.57,39.13,voronezhskaia-oblast,1,0,1,0.0,Зелёный
51.6,39.33,voronezhskaia-oblast,0,1,1,1.0,Красный
51.66,35.62,kurskaia-oblast,1,0,1,0.0,Зелёный
51.67,38.94,voronezhskaia-oblast,1,0,1,0.0,Зелёный
51.79,55.17,orenburgskaia-oblast,0,1,1,1.0,Красный
51.82,55.21,orenburgskaia-oblast,0,1,1,1.0,Красный
51.87,40.45,voronezhskaia-oblast,0,1,1,1.0,Красный
51.95,85.85,respublika-altai,1,0,1,0.0,Зелёный
52.0,103.0,irkutskaia-oblast,1,0,1,0.0,Зелёный
52.0,107.0,respublika-buriatiia,0,1,1,1.0,Красный
52.21,38.2,lipetskaia-oblast,1,0,1,0.0,Зелёный
52.24,58.43,respublika-bashkortostan,0,1,1,1.0,Красный
52.25,37.36,orlovskaia-oblast,1,0,1,0.0,Зелёный
52.25,104.23,irkutskaia-oblast,1,0,1,0.0,Зелёный
52.26,104.27,irkutskaia-oblast,1,0,1,0.0,Зелёный
52.33,104.17,irkutskaia-oblast,1,0,1,0.0,Зелёный
52.36,39.38,lipetskaia-oblast,1,0,1,0.0,Зелёный
52.56,39.73,lipetskaia-oblast,0,1,1,1.0,Красный
52.58,85.32,altaiskii-krai,1,0,1,0.0,Зелёный
52.86,38.87,lipetskaia-oblast,0,1,1,1.0,Красный
52.88,51.34,samarskaia-oblast,0,1,1,1.0,Красный
52.93,50.14,samarskaia-oblast,1,0,1,0.0,Зелёный
52.98,35.6,orlovskaia-oblast,1,0,1,0.0,Зелёный
53.0,36.11,orlovskaia-oblast,0,1,1,1.0,Красный
53.02,49.77,samarskaia-oblast,1,0,1,0.0,Зелёный
53.03,158.63,kamchatskii-krai,0,1,1,1.0,Красный
53.07,91.11,respublika-khakasiia,1,0,1,0.0,Зелёный
53.08,41.51,tambovskaia-oblast,0,1,1,1.0,Красный
53.14,47.67,ulianovskaia-oblast,0,1,1,1.0,Красный
53.15,45.01,penzenskaia-oblast,0,1,1,1.0,Красный
53.18,90.61,respublika-khakasiia,1,0,1,0.0,Зелёный
53.19,40.33,tambovskaia-oblast,1,0,1,0.0,Зелёный
53.2,50.15,samarskaia-oblast,0,1,1,1.0,Красный
53.24,44.95,penzenskaia-oblast,1,0,1,0.0,Зелёный
53.28,34.38,brianskaia-oblast,0,1,1,1.0,Красный
53.35,51.33,samarskaia-oblast,1,0,1,0.0,Зелёный
53.44,36.01,orlovskaia-oblast,0,1,1,1.0,Красный
53.46,55.64,respublika-bashkortostan,1,0,1,0.0,Зелёный
53.54,84.0,altaiskii-krai,0,1,1,1.0,Красный
53.57,49.23,samarskaia-oblast,1,0,1,0.0,Зелёный
53.58,39.92,riazanskaia-oblast,0,1,1,1.0,Красный
53.6,87.33,kemerovskaia-oblast-kuzbass,0,1,1,1.0,Красный
53.85,102.03,irkutskaia-oblast,1,0,1,0.0,Зелёный
53.93,32.89,smolenskaia-oblast,1,0,1,0.0,Зелёный
53.94,58.31,respublika-bashkortostan,1,0,1,0.0,Зелёный
53.95,37.49,tulskaia-oblast,1,0,1,0.0,Зелёный
54.16,37.64,tulskaia-oblast,1,0,1,0.0,Зелёный
54.2,37.76,tulskaia-oblast,1,0,1,0.0,Зелёный
54.22,40.92,riazanskaia-oblast,0,1,1,1.0,Красный
54.28,48.28,ulianovskaia-oblast,1,0,1,0.0,Зелёный
54.29,48.27,ulianovskaia-oblast,1,0,1,0.0,Зелёный
54.34,45.53,respublika-mordoviia,1,0,1,0.0,Зелёный
54.36,48.42,ulianovskaia-oblast,1,0,1,0.0,Зелёный
54.39,60.0,cheliabinskaia-oblast,0,1,1,1.0,Красный
54.41,36.2,kaluzhskaia-oblast,1,0,1,0.0,Зелёный
54.41,86.42,kemerovskaia-oblast-kuzbass,1,0,1,0.0,Зелёный
54.5,39.81,riazanskaia-oblast,1,0,1,0.0,Зелёный
54.56,86.0,kemerovskaia-oblast-kuzbass,1,0,1,0.0,Зелёный
54.57,33.15,smolenskaia-oblast,1,0,1,0.0,Зелёный
54.65,20.35,kaliningradskaia-oblast,0,1,1,1.0,Красный
54.71,56.0,respublika-bashkortostan,1,0,1,0.0,Зелёный
54.75,32.08,smolenskaia-oblast,1,0,1,0.0,Зелёный
54.75,32.22,smolenskaia-oblast,0,1,1,1.0,Красный
54.8,37.64,moskovskaia-oblast,0,1,1,1.0,Красный
54.83,56.14,respublika-bashkortostan,0,1,1,1.0,Красный
54.87,20.25,kaliningradskaia-oblast,0,1,1,1.0,Красный
54.89,45.1,nizhegorodskaia-oblast,1,0,1,0.0,Зелёный
54.94,71.92,omskaia-oblast,1,0,1,0.0,Зелёный
54.94,82.94,novosibirskaia-oblast,1,0,1,0.0,Зелёный
55.0,37.23,moskovskaia-oblast,0,1,1,1.0,Красный
55.0,61.0,cheliabinskaia-oblast,1,0,1,0.0,Зелёный
55.03,74.12,omskaia-oblast,1,0,1,0.0,Зелёный
55.06,73.37,omskaia-oblast,1,0,1,0.0,Зелёный
55.07,43.46,nizhegorodskaia-oblast,0,1,1,1.0,Красный
55.07,82.92,novosibirskaia-oblast,1,0,1,0.0,Зелёный
55.16,60.16,cheliabinskaia-oblast,1,0,1,0.0,Зелёный
55.26,73.06,omskaia-oblast,1,0,1,0.0,Зелёный
55.4,38.22,moskovskaia-oblast,0,1,1,1.0,Красный
55.44,65.28,kurganskaia-oblast,0,1,1,1.0,Красный
55.46,37.55,moskovskaia-oblast,0,1,1,1.0,Красный
55.5,38.81,moskovskaia-oblast,0,1,1,1.0,Красный
55.52,47.46,chuvashskaia-respublika-chuvashiia,1,0,1,0.0,Зелёный
55.54,38.05,moskovskaia-oblast,1,0,1,0.0,Зелёный
55.55,37.56,moskva,0,1,1,1.0,Красный
55.55,43.02,nizhegorodskaia-oblast,1,0,1,0.0,Зелёный
55.57,36.68,moskovskaia-oblast,0,1,1,1.0,Красный
55.57,37.46,moskva,0,1,1,1.0,Красный
55.59,37.21,moskva,0,1,1,1.0,Красный
55.62,37.51,moskva,1,0,1,0.0,Зелёный
55.68,37.66,moskva,0,1,1,1.0,Красный
55.69,37.54,moskva,1,0,1,0.0,Зелёный
55.71,36.2,moskovskaia-oblast,0,1,1,1.0,Красный
55.72,49.16,respublika-tatarstan-tatarstan,1,0,1,0.0,Зелёный
55.72,84.88,kemerovskaia-oblast-kuzbass,0,1,1,1.0,Красный
55.74,36.93,moskovskaia-oblast,0,1,1,1.0,Красный
55.75,36.25,moskovskaia-oblast,0,1,1,1.0,Красный
55.75,37.82,moskva,1,0,1,0.0,Зелёный
55.75,38.02,moskovskaia-oblast,0,1,1,1.0,Красный
55.75,52.39,respublika-tatarstan-tatarstan,1,0,1,0.0,Зелёный
55.78,37.67,moskva,1,0,1,0.0,Зелёный
55.78,49.14,respublika-tatarstan-tatarstan,1,0,1,0.0,Зелёный
55.81,44.0,nizhegorodskaia-oblast,1,0,1,0.0,Зелёный
55.83,37.41,moskva,1,0,1,0.0,Зелёный
55.83,46.07,nizhegorodskaia-oblast,0,1,1,1.0,Красный
55.84,95.02,krasnoiarskii-krai,0,1,1,1.0,Красный
55.85,49.05,respublika-tatarstan-tatarstan,1,0,1,0.0,Зелёный
55.89,37.36,moskva,0,1,1,1.0,Красный
55.9,47.43,chuvashskaia-respublika-chuvashiia,1,0,1,0.0,Зелёный
55.91,49.03,respublika-tatarstan-tatarstan,0,1,1,1.0,Красный
55.91,94.44,krasnoiarskii-krai,1,0,1,0.0,Зелёный
55.94,38.16,moskovskaia-oblast,1,0,1,0.0,Зелёный
55.97,40.82,vladimirskaia-oblast,1,0,1,0.0,Зелёный
56.01,45.03,nizhegorodskaia-oblast,0,1,1,1.0,Красный
56.03,38.0,moskovskaia-oblast,0,1,1,1.0,Красный
56.03,93.15,krasnoiarskii-krai,1,0,1,0.0,Зелёный
56.05,97.97,irkutskaia-oblast,0,1,1,1.0,Красный
56.1,92.73,krasnoiarskii-krai,1,0,1,0.0,Зелёный
56.14,44.18,nizhegorodskaia-oblast,1,0,1,0.0,Зелёный
56.22,41.39,vladimirskaia-oblast,0,1,1,1.0,Красный
56.22,41.46,vladimirskaia-oblast,1,0,1,0.0,Зелёный
56.22,69.4,tiumenskaia-oblast,0,1,1,1.0,Красный
56.31,43.69,nizhegorodskaia-oblast,1,0,1,0.0,Зелёный
56.31,43.81,nizhegorodskaia-oblast,0,1,1,1.0,Красный
56.33,43.56,nizhegorodskaia-oblast,0,1,1,1.0,Красный
56.35,44.06,nizhegorodskaia-oblast,0,1,1,1.0,Красный
56.45,53.74,udmurtskaia-respublika,1,0,1,0.0,Зелёный
56.45,65.09,tiumenskaia-oblast,0,1,1,1.0,Красный
56.49,66.54,tiumenskaia-oblast,1,0,1,0.0,Зелёный
56.5,43.6,nizhegorodskaia-oblast,0,1,1,1.0,Красный
56.52,84.81,tomskaia-oblast,1,0,1,0.0,Зелёный
56.53,84.82,tomskaia-oblast,0,1,1,1.0,Красный
56.55,85.21,tomskaia-oblast,0,1,1,1.0,Красный
56.56,61.36,sverdlovskaia-oblast,0,1,1,1.0,Красный
56.6,60.93,sverdlovskaia-oblast,1,0,1,0.0,Зелёный
56.64,47.75,respublika-marii-el,0,1,1,1.0,Красный
56.7,60.98,sverdlovskaia-oblast,0,1,1,1.0,Красный
56.74,43.5,nizhegorodskaia-oblast,1,0,1,0.0,Зелёный
56.74,52.36,udmurtskaia-respublika,0,1,1,1.0,Красный
56.77,54.12,permskii-krai,1,0,1,0.0,Зелёный
56.78,60.65,sverdlovskaia-oblast,1,0,1,0.0,Зелёный
56.79,44.48,nizhegorodskaia-oblast,0,1,1,1.0,Красный
56.8,44.52,nizhegorodskaia-oblast,1,0,1,0.0,Зелёный
56.81,59.55,sverdlovskaia-oblast,1,0,1,0.0,Зелёный
56.84,60.56,sverdlovskaia-oblast,1,0,1,0.0,Зелёный
56.85,59.68,sverdlovskaia-oblast,1,0,1,0.0,Зелёный
56.89,60.77,sverdlovskaia-oblast,0,1,1,1.0,Красный
56.89,95.09,krasnoiarskii-krai,1,0,1,0.0,Зелёный
56.97,36.02,tverskaia-oblast,0,1,1,1.0,Красный
57.02,41.29,ivanovskaia-oblast,1,0,1,0.0,Зелёный
57.06,45.14,nizhegorodskaia-oblast,1,0,1,0.0,Зелёный
57.11,43.35,nizhegorodskaia-oblast,0,1,1,1.0,Красный
57.24,65.65,tiumenskaia-oblast,1,0,1,0.0,Зелёный
57.56,38.29,iaroslavskaia-oblast,1,0,1,0.0,Зелёный
57.65,62.94,sverdlovskaia-oblast,1,0,1,0.0,Зелёный
57.68,40.89,kostromskaia-oblast,0,1,1,1.0,Красный
57.75,39.8,iaroslavskaia-oblast,1,0,1,0.0,Зелёный
57.78,41.03,kostromskaia-oblast,0,1,1,1.0,Красный
57.86,47.09,nizhegorodskaia-oblast,0,1,1,1.0,Красный
57.9,54.95,permskii-krai,1,0,1,0.0,Зелёный
57.94,59.99,sverdlovskaia-oblast,0,1,1,1.0,Красный
57.98,56.27,permskii-krai,1,0,1,0.0,Зелёный
58.09,56.43,permskii-krai,0,1,1,1.0,Красный
58.24,31.52,novgorodskaia-oblast,1,0,1,0.0,Зелёный
58.38,33.3,novgorodskaia-oblast,0,1,1,1.0,Красный
58.49,49.73,kirovskaia-oblast,1,0,1,0.0,Зелёный
58.72,50.15,kirovskaia-oblast,1,0,1,0.0,Зелёный
58.86,40.33,vologodskaia-oblast,1,0,1,0.0,Зелёный
59.13,37.87,vologodskaia-oblast,0,1,1,1.0,Красный
59.22,39.85,vologodskaia-oblast,1,0,1,0.0,Зелёный
59.28,37.28,vologodskaia-oblast,1,0,1,0.0,Зелёный
59.58,30.18,leningradskaia-oblast,0,1,1,1.0,Красный
59.59,33.72,leningradskaia-oblast,1,0,1,0.0,Зелёный
59.65,56.77,permskii-krai,1,0,1,0.0,Зелёный
59.78,30.22,leningradskaia-oblast,1,0,1,0.0,Зелёный
59.8,30.14,sankt-peterburg,1,0,1,0.0,Зелёный
59.83,30.26,sankt-peterburg,1,0,1,0.0,Зелёный
59.97,30.45,sankt-peterburg,1,0,1,0.0,Зелёный
59.99,30.92,leningradskaia-oblast,1,0,1,0.0,Зелёный
60.02,32.18,leningradskaia-oblast,0,1,1,1.0,Красный
60.04,29.97,sankt-peterburg,0,1,1,1.0,Красный
60.25,29.87,leningradskaia-oblast,1,0,1,0.0,Зелёный
60.31,56.98,permskii-krai,0,1,1,1.0,Красный
60.37,47.08,kirovskaia-oblast,0,1,1,1.0,Красный
60.57,29.2,leningradskaia-oblast,0,1,1,1.0,Красный
60.74,64.71,khanty-mansiiskii-avtonomnyi-okrug-iugra,1,0,1,0.0,Зелёный
60.79,37.43,vologodskaia-oblast,1,0,1,0.0,Зелёный
60.96,71.81,khanty-mansiiskii-avtonomnyi-okrug-iugra,0,1,1,1.0,Красный
61.06,30.09,leningradskaia-oblast,1,0,1,0.0,Зелёный
61.09,72.56,khanty-mansiiskii-avtonomnyi-okrug-iugra,1,0,1,0.0,Зелёный
61.23,46.51,arkhangelskaia-oblast,1,0,1,0.0,Зелёный
61.35,29.97,respublika-kareliia,0,1,1,1.0,Красный
61.46,43.79,arkhangelskaia-oblast,1,0,1,0.0,Зелёный
61.68,53.76,respublika-komi,1,0,1,0.0,Зелёный
61.69,53.67,respublika-komi,1,0,1,0.0,Зелёный
61.79,50.62,respublika-komi,0,1,1,1.0,Красный
61.82,34.26,respublika-kareliia,1,0,1,0.0,Зелёный
61.82,50.63,respublika-komi,1,0,1,0.0,Зелёный
62.0,129.63,respublika-sakha-iakutiia,1,0,1,0.0,Зелёный
62.06,129.8,respublika-sakha-iakutiia,1,0,1,0.0,Зелёный
62.1,129.73,respublika-sakha-iakutiia,1,0,1,0.0,Зелёный
62.18,79.45,khanty-mansiiskii-avtonomnyi-okrug-iugra,0,1,1,1.0,Красный
63.56,53.77,respublika-komi,2,0,2,0.0,Зелёный
63.7,74.58,iamalo-nenetskii-avtonomnyi-okrug,1,0,1,0.0,Зелёный
64.5,40.63,arkhangelskaia-oblast,1,0,1,0.0,Зелёный
66.02,57.55,respublika-komi,1,0,1,0.0,Зелёный
66.14,76.7,iamalo-nenetskii-avtonomnyi-okrug,1,0,1,0.0,Зелёный
68.97,33.66,murmanskaia-oblast,1,0,1,0.0,Зелёный
70.89,72.6,iamalo-nenetskii-avtonomnyi-okrug,0,1,1,1.0,Красный
