lat_round,lon_round,region,Лёгкий,Опасный,total,danger_ratio,level
34.57,34.9,altaiskii-krai,1,0,1,0.0,Зелёный
40.2,58.26,iaroslavskaia-oblast,0,1,1,1.0,Красный
41.9,41.9,stavropolskii-krai,1,0,1,0.0,Зелёный
42.25,48.02,respublika-dagestan,0,1,1,1.0,Красный
42.64,47.72,respublika-dagestan,0,1,1,1.0,Красный
42.69,47.7,respublika-dagestan,1,0,1,0.0,Зелёный
42.71,47.67,respublika-dagestan,0,1,1,1.0,Красный
42.77,133.05,primorskii-krai,1,0,1,0.0,Зелёный
42.86,132.98,primorskii-krai,0,1,1,1.0,Красный
42.89,133.01,primorskii-krai,1,0,1,0.0,Зелёный
43.06,44.23,respublika-severnaia-osetiia-alaniia,1,0,1,0.0,Зелёный
43.14,46.48,respublika-dagestan,0,1,1,1.0,Красный
43.14,131.95,primorskii-krai,1,0,1,0.0,Зелёный
43.15,131.9,primorskii-krai,1,0,1,0.0,Зелёный
43.18,131.92,primorskii-krai,0,1,1,1.0,Красный
43.2,44.3,respublika-severnaia-osetiia-alaniia,0,1,1,1.0,Красный
43.2,46.7,respublika-dagestan,1,0,1,0.0,Зелёный
43.21,131.97,primorskii-krai,0,1,1,1.0,Красный
43.23,132.03,primorskii-krai,1,0,1,0.0,Зелёный
43.27,45.66,chechenskaia-respublika,0,1,1,1.0,Красный
43.27,132.47,primorskii-krai,1,0,1,0.0,Зелёный
43.3,131.61,primorskii-krai,1,0,1,0.0,Зелёный
43.32,44.13,respublika-severnaia-osetiia-alaniia,1,0,1,0.0,Зелёный
43.32,47.43,respublika-dagestan,1,0,1,0.0,Зелёный
43.37,43.96,kabardino-balkarskaia-respublika,1,0,1,0.0,Зелёный
43.39,122.57,respublika-kalmykiia,0,1,1,1.0,Красный
43.41,47.1,respublika-dagestan,1,0,1,0.0,Зелёный
43.41,132.19,primorskii-krai,1,0,1,0.0,Зелёный
43.48,43.82,kabardino-balkarskaia-respublika,0,1,1,1.0,Красный
43.54,131.97,primorskii-krai,0,1,1,1.0,Красный
43.8,44.57,respublika-severnaia-osetiia-alaniia,0,1,1,1.0,Красный
43.83,46.65,respublika-dagestan,0,1,1,1.0,Красный
43.88,46.65,respublika-dagestan,0,1,1,1.0,Красный
43.89,46.65,respublika-dagestan,0,1,1,1.0,Красный
43.91,131.98,primorskii-krai,1,0,1,0.0,Зелёный
44.0,41.0,stavropolskii-krai,0,1,1,1.0,Красный
44.01,42.81,stavropolskii-krai,0,1,1,1.0,Красный
44.12,37.13,krasnodarskii-krai,0,1,1,1.0,Красный
44.12,42.05,karachaevo-cherkesskaia-respublika,0,1,1,1.0,Красный
44.13,46.56,respublika-dagestan,0,1,1,1.0,Красный
44.19,133.35,primorskii-krai,1,0,1,0.0,Зелёный
44.2,132.35,primorskii-krai,0,1,1,1.0,Красный
44.23,42.98,stavropolskii-krai,1,0,1,0.0,Зелёный
44.26,135.06,primorskii-krai,0,1,1,1.0,Красный
44.4,38.73,krasnodarskii-krai,1,0,1,0.0,Зелёный
44.44,42.68,stavropolskii-krai,0,1,1,1.0,Красный
44.45,131.76,primorskii-krai,0,1,1,1.0,Красный
44.46,42.58,stavropolskii-krai,1,0,1,0.0,Зелёный
44.52,37.55,krasnodarskii-krai,0,1,1,1.0,Красный
44.54,37.59,krasnodarskii-krai,0,1,1,1.0,Красный
44.54,133.88,primorskii-krai,1,0,1,0.0,Зелёный
44.58,42.26,stavropolskii-krai,0,1,1,1.0,Красный
44.59,33.45,sevastopol,1,0,1,0.0,Зелёный
44.61,41.84,stavropolskii-krai,1,0,1,0.0,Зелёный
44.62,40.41,krasnodarskii-krai,1,0,1,0.0,Зелёный
44.7,37.6,krasnodarskii-krai,0,1,1,1.0,Красный
44.74,37.79,krasnodarskii-krai,1,0,1,0.0,Зелёный
44.76,40.68,krasnodarskii-krai,1,0,1,0.0,Зелёный
44.95,34.12,respublika-krym,1,0,1,0.0,Зелёный
45.0,39.0,krasnodarskii-krai,1,0,1,0.0,Зелёный
45.01,37.45,krasnodarskii-krai,1,0,1,0.0,Зелёный
45.03,35.37,respublika-krym,0,1,1,1.0,Красный
45.06,34.38,respublika-krym,1,0,1,0.0,Зелёный
45.06,35.23,respublika-krym,0,1,1,1.0,Красный
45.06,42.04,stavropolskii-krai,1,0,1,0.0,Зелёный
45.07,38.91,krasnodarskii-krai,1,0,1,0.0,Зелёный
45.09,34.88,respublika-krym,0,1,1,1.0,Красный
45.1,42.23,stavropolskii-krai,0,1,1,1.0,Красный
45.15,39.41,krasnodarskii-krai,1,0,1,0.0,Зелёный
45.16,36.78,krasnodarskii-krai,0,1,1,1.0,Красный
45.18,39.49,krasnodarskii-krai,0,1,1,1.0,Красный
45.18,39.64,respublika-adygeia-adygeia,1,0,1,0.0,Зелёный
45.2,33.39,respublika-krym,0,1,1,1.0,Красный
45.2,36.74,krasnodarskii-krai,1,0,1,0.0,Зелёный
45.2,43.1,stavropolskii-krai,0,1,1,1.0,Красный
45.21,38.11,krasnodarskii-krai,0,1,1,1.0,Красный
45.22,37.56,krasnodarskii-krai,1,0,1,0.0,Зелёный
45.22,39.6,krasnodarskii-krai,1,0,1,0.0,Зелёный
45.23,39.12,krasnodarskii-krai,0,1,1,1.0,Красный
45.24,38.03,krasnodarskii-krai,1,0,1,0.0,Зелёный
45.27,40.3,krasnodarskii-krai,0,1,1,1.0,Красный
45.29,39.87,krasnodarskii-krai,0,1,1,1.0,Красный
45.32,36.4,respublika-krym,1,0,1,0.0,Зелёный
45.32,37.1,krasnodarskii-krai,0,1,1,1.0,Красный
45.34,39.96,krasnodarskii-krai,1,0,1,0.0,Зелёный
45.36,34.21,respublika-krym,1,0,1,0.0,Зелёный
45.36,40.09,krasnodarskii-krai,1,0,1,0.0,Зелёный
45.41,40.28,krasnodarskii-krai,1,0,1,0.0,Зелёный
45.42,46.71,respublika-kalmykiia,0,1,1,1.0,Красный
45.43,38.27,krasnodarskii-krai,0,1,1,1.0,Красный
45.44,38.6,krasnodarskii-krai,0,1,1,1.0,Красный
45.45,38.62,krasnodarskii-krai,1,0,1,0.0,Зелёный
45.48,34.07,respublika-krym,1,0,1,0.0,Зелёный
45.6,39.64,krasnodarskii-krai,0,1,1,1.0,Красный
45.79,40.1,krasnodarskii-krai,0,1,1,1.0,Красный
45.89,45.54,respublika-kalmykiia,1,0,1,0.0,Зелёный
45.96,45.47,respublika-kalmykiia,1,0,1,0.0,Зелёный
46.0,48.0,astrakhanskaia-oblast,0,1,1,1.0,Красный
46.01,38.58,krasnodarskii-krai,0,1,1,1.0,Красный
46.1,38.49,krasnodarskii-krai,1,0,1,0.0,Зелёный
46.29,134.12,primorskii-krai,1,0,1,0.0,Зелёный
46.3,44.25,respublika-kalmykiia,1,0,1,0.0,Зелёный
46.32,48.01,astrakhanskaia-oblast,1,0,1,0.0,Зелёный
46.35,47.99,astrakhanskaia-oblast,1,0,1,0.0,Зелёный
46.35,48.08,astrakhanskaia-oblast,1,0,1,0.0,Зелёный
46.35,48.1,astrakhanskaia-oblast,0,1,1,1.0,Красный
46.36,48.05,astrakhanskaia-oblast,1,0,1,0.0,Зелёный
46.37,39.75,krasnodarskii-krai,0,1,1,1.0,Красный
46.49,39.39,rostovskaia-oblast,1,0,1,0.0,Зелёный
46.51,41.06,rostovskaia-oblast,1,0,1,0.0,Зелёный
46.51,44.23,respublika-kalmykiia,1,0,1,0.0,Зелёный
46.53,41.18,rostovskaia-oblast,1,0,1,0.0,Зелёный
46.7,39.65,krasnodarskii-krai,0,1,1,1.0,Красный
46.85,40.3,rostovskaia-oblast,0,1,1,1.0,Красный
46.85,45.96,respublika-kalmykiia,1,0,1,0.0,Зелёный
46.88,40.68,krasnodarskii-krai,1,0,1,0.0,Зелёный
46.9,40.12,rostovskaia-oblast,1,0,1,0.0,Зелёный
46.97,39.72,rostovskaia-oblast,1,0,1,0.0,Зелёный
47.04,142.04,sakhalinskaia-oblast,0,1,1,1.0,Красный
47.05,39.74,rostovskaia-oblast,1,0,1,0.0,Зелёный
47.13,39.93,rostovskaia-oblast,1,0,1,0.0,Зелёный
47.13,42.53,rostovskaia-oblast,1,0,1,0.0,Зелёный
47.18,38.58,rostovskaia-oblast,0,1,1,1.0,Красный
47.22,39.15,rostovskaia-oblast,1,0,1,0.0,Зелёный
47.27,39.69,rostovskaia-oblast,0,1,1,1.0,Красный
47.29,39.32,rostovskaia-oblast,0,1,1,1.0,Красный
47.3,38.98,rostovskaia-oblast,1,0,1,0.0,Зелёный
47.3,39.67,rostovskaia-oblast,1,0,1,0.0,Зелёный
47.31,39.65,rostovskaia-oblast,1,0,1,0.0,Зелёный
47.31,39.86,rostovskaia-oblast,1,0,1,0.0,Зелёный
47.32,39.02,rostovskaia-oblast,0,1,1,1.0,Красный
47.34,43.04,rostovskaia-oblast,1,0,1,0.0,Зелёный
47.38,42.69,rostovskaia-oblast,1,0,1,0.0,Зелёный
47.42,42.79,rostovskaia-oblast,0,1,1,1.0,Красный
47.43,41.4,rostovskaia-oblast,1,0,1,0.0,Зелёный
47.66,40.6,rostovskaia-oblast,0,1,1,1.0,Красный
47.67,40.06,rostovskaia-oblast,0,1,1,1.0,Красный
47.89,43.54,volgogradskaia-oblast,0,1,1,1.0,Красный
47.92,40.67,rostovskaia-oblast,0,1,1,1.0,Красный
47.94,135.19,khabarovskii-krai,1,0,1,0.0,Зелёный
48.0,44.0,volgogradskaia-oblast,1,0,1,0.0,Зелёный
48.14,142.51,sakhalinskaia-oblast,1,0,1,0.0,Зелёный
48.17,142.38,sakhalinskaia-oblast,0,1,1,1.0,Красный
48.4,135.1,khabarovskii-krai,1,0,1,0.0,Зелёный
48.46,135.09,khabarovskii-krai,1,0,1,0.0,Зелёный
48.46,135.1,khabarovskii-krai,1,0,1,0.0,Зелёный
48.49,135.19,khabarovskii-krai,1,0,1,0.0,Зелёный
48.54,46.59,astrakhanskaia-oblast,1,0,1,0.0,Зелёный
48.57,135.56,khabarovskii-krai,1,0,1,0.0,Зелёный
48.68,44.5,volgogradskaia-oblast,1,0,1,0.0,Зелёный
48.7,44.68,volgogradskaia-oblast,1,0,1,0.0,Зелёный
48.71,44.76,volgogradskaia-oblast,1,0,1,0.0,Зелёный
48.84,44.55,volgogradskaia-oblast,1,0,1,0.0,Зелёный
48.95,132.64,evreiskaia-avtonomnaia-oblast,1,0,1,0.0,Зелёный
49.01,142.12,sakhalinskaia-oblast,1,0,1,0.0,Зелёный
49.55,137.06,khabarovskii-krai,0,1,1,1.0,Красный
49.57,40.57,rostovskaia-oblast,0,1,1,1.0,Красный
49.57,45.88,volgogradskaia-oblast,0,1,1,1.0,Красный
50.0,54.0,orenburgskaia-oblast,0,1,1,1.0,Красный
50.09,45.38,volgogradskaia-oblast,1,0,1,0.0,Зелёный
50.24,40.31,voronezhskaia-oblast,1,0,1,0.0,Зелёный
50.25,127.81,amurskaia-oblast,1,0,1,0.0,Зелёный
50.26,39.29,voronezhskaia-oblast,1,0,1,0.0,Зелёный
50.26,127.49,amurskaia-oblast,1,0,1,0.0,Зелёный
50.3,127.52,amurskaia-oblast,1,0,1,0.0,Зелёный
50.31,40.22,voronezhskaia-oblast,0,1,1,1.0,Красный
50.31,137.53,khabarovskii-krai,0,1,1,1.0,Красный
50.34,42.85,volgogradskaia-oblast,0,1,1,1.0,Красный
50.41,38.8,belgorodskaia-oblast,1,0,1,0.0,Зелёный
50.43,38.06,belgorodskaia-oblast,0,1,1,1.0,Красный
50.53,136.98,khabarovskii-krai,1,0,1,0.0,Зелёный
50.58,36.53,belgorodskaia-oblast,1,0,1,0.0,Зелёный
50.6,38.66,belgorodskaia-oblast,0,1,1,1.0,Красный
50.69,36.28,belgorodskaia-oblast,1,0,1,0.0,Зелёный
50.8,36.5,belgorodskaia-oblast,1,0,1,0.0,Зелёный
50.82,85.92,respublika-altai,1,0,1,0.0,Зелёный
50.86,36.45,belgorodskaia-oblast,0,1,1,1.0,Красный
50.92,128.5,amurskaia-oblast,1,0,1,0.0,Зелёный
51.0,81.46,altaiskii-krai,1,0,1,0.0,Зелёный
51.02,45.7,saratovskaia-oblast,0,1,1,1.0,Красный
51.04,40.7,voronezhskaia-oblast,0,1,1,1.0,Красный
51.06,40.72,voronezhskaia-oblast,1,0,1,0.0,Зелёный
51.1,114.55,zabaikalskii-krai,1,0,1,0.0,Зелёный
51.16,40.89,voronezhskaia-oblast,1,0,1,0.0,Зелёный
51.2,52.88,orenburgskaia-oblast,1,0,1,0.0,Зелёный
51.23,45.76,saratovskaia-oblast,1,0,1,0.0,Зелёный
51.27,82.14,altaiskii-krai,1,0,1,0.0,Зелёный
51.29,37.47,belgorodskaia-oblast,1,0,1,0.0,Зелёный
51.31,108.63,zabaikalskii-krai,1,0,1,0.0,Зелёный
51.32,37.88,belgorodskaia-oblast,1,0,1,0.0,Зелёный
51.37,36.2,kurskaia-oblast,1,0,1,0.0,Зелёный
51.37,45.83,saratovskaia-oblast,1,0,1,0.0,Зелёный
51.38,40.58,voronezhskaia-oblast,1,0,1,0.0,Зелёный
51.39,46.32,saratovskaia-oblast,0,1,1,1.0,Красный
51.44,128.12,amurskaia-oblast,1,0,1,0.0,Зелёный
51.48,108.8,zabaikalskii-krai,0,1,1,1.0,Красный
51.48,128.19,amurskaia-oblast,1,0,1,0.0,Зелёный
51.48,128.22,amurskaia-oblast,1,0,1,0.0,Зелёный
51.49,46.16,saratovskaia-oblast,1,0,1,0.0,Зелёный
51.5,42.03,voronezhskaia-oblast,1,0,1,0.0,Зелёный
51.51,46.0,saratovskaia-oblast,0,1,1,1.0,Красный
51.51,53.84,orenburgskaia-oblast,0,1,1,1.0,Красный
51.52,35.82,kurskaia-oblast,0,1,1,1.0,Красный
51.52,44.84,saratovskaia-oblast,1,0,1,0.0,Зелёный
51.52,53.87,orenburgskaia-oblast,0,1,1,1.0,Красный
51.54,93.91,respublika-tyva,1,0,1,0.0,Зелёный
51.56,46.0,saratovskaia-oblast,1,0,1,0.0,Зелёный
51.56,46.02,saratovskaia-oblast,1,0,1,0.0,Зелёный
51.58,39.46,voronezhskaia-oblast,0,1,1,1.0,Красный
51.6,46.02,saratovskaia-oblast,1,0,1,0.0,Зелёный
51.62,36.11,kurskaia-oblast,0,1,1,1.0,Красный
51.62,39.26,voronezhskaia-oblast,0,1,1,1.0,Красный
51.62,45.86,saratovskaia-oblast,1,0,1,0.0,Зелёный
51.65,35.68,kurskaia-oblast,1,0,1,0.0,Зелёный
51.65,39.13,voronezhskaia-oblast,0,1,1,1.0,Красный
51.65,46.09,saratovskaia-oblast,1,0,1,0.0,Зелёный
51.67,36.09,kurskaia-oblast,1,0,1,0.0,Зелёный
51.68,24.52,respublika-tyva,1,0,1,0.0,Зелёный
51.69,39.13,voronezhskaia-oblast,1,0,1,0.0,Зелёный
51.69,55.08,orenburgskaia-oblast,1,0,1,0.0,Зелёный
51.71,55.22,orenburgskaia-oblast,1,0,1,0.0,Зелёный
51.76,48.53,saratovskaia-oblast,1,0,1,0.0,Зелёный
51.77,55.36,orenburgskaia-oblast,0,1,1,1.0,Красный
51.78,87.25,respublika-altai,1,0,1,0.0,Зелёный
51.81,107.66,respublika-buriatiia,1,0,1,0.0,Зелёный
51.82,85.8,respublika-altai,1,0,1,0.0,Зелёный
51.83,41.81,tambovskaia-oblast,1,0,1,0.0,Зелёный
51.84,42.48,tambovskaia-oblast,1,0,1,0.0,Зелёный
51.85,39.66,voronezhskaia-oblast,0,1,1,1.0,Красный
51.86,37.1,kurskaia-oblast,1,0,1,0.0,Зелёный
51.86,107.55,respublika-buriatiia,1,0,1,0.0,Зелёный
51.9,36.77,kurskaia-oblast,1,0,1,0.0,Зелёный
51.91,40.46,voronezhskaia-oblast,1,0,1,0.0,Зелёный
51.93,47.46,saratovskaia-oblast,1,0,1,0.0,Зелёный
51.94,50.83,samarskaia-oblast,1,0,1,0.0,Зелёный
51.96,83.81,altaiskii-krai,1,0,1,0.0,Зелёный
51.98,47.82,saratovskaia-oblast,1,0,1,0.0,Зелёный
52.0,41.7,tambovskaia-oblast,1,0,1,0.0,Зелёный
52.0,56.0,udmurtskaia-respublika,1,0,1,0.0,Зелёный
52.0,103.0,irkutskaia-oblast,2,0,2,0.0,Зелёный
52.01,113.49,zabaikalskii-krai,1,0,1,0.0,Зелёный
52.02,106.78,respublika-buriatiia,1,0,1,0.0,Зелёный
52.04,47.28,saratovskaia-oblast,1,0,1,0.0,Зелёный
52.05,40.61,lipetskaia-oblast,0,1,1,1.0,Красный
52.06,113.38,zabaikalskii-krai,1,0,1,0.0,Зелёный
52.12,104.1,irkutskaia-oblast,0,1,1,1.0,Красный
52.12,107.47,respublika-buriatiia,1,0,1,0.0,Зелёный
52.14,38.29,lipetskaia-oblast,1,0,1,0.0,Зелёный
52.14,46.88,saratovskaia-oblast,0,1,1,1.0,Красный
52.16,47.13,saratovskaia-oblast,1,0,1,0.0,Зелёный
52.22,39.14,lipetskaia-oblast,1,0,1,0.0,Зелёный
52.23,36.58,orlovskaia-oblast,0,1,1,1.0,Красный
52.24,39.49,lipetskaia-oblast,1,0,1,0.0,Зелёный
52.25,87.12,respublika-altai,1,0,1,0.0,Зелёный
52.28,104.3,irkutskaia-oblast,1,0,1,0.0,Зелёный
52.29,55.41,orenburgskaia-oblast,1,0,1,0.0,Зелёный
52.32,104.24,irkutskaia-oblast,1,0,1,0.0,Зелёный
52.35,35.83,orlovskaia-oblast,0,1,1,1.0,Красный
52.35,85.16,altaiskii-krai,0,1,1,1.0,Красный
52.35,104.22,irkutskaia-oblast,1,0,1,0.0,Зелёный
52.36,41.44,tambovskaia-oblast,1,0,1,0.0,Зелёный
52.38,57.92,respublika-bashkortostan,1,0,1,0.0,Зелёный
52.44,37.54,orlovskaia-oblast,0,1,1,1.0,Красный
52.48,103.77,irkutskaia-oblast,0,1,1,1.0,Красный
52.51,85.16,altaiskii-krai,1,0,1,0.0,Зелёный
52.57,32.21,orlovskaia-oblast,1,0,1,0.0,Зелёный
52.57,85.03,altaiskii-krai,1,0,1,0.0,Зелёный
52.58,85.32,altaiskii-krai,1,0,1,0.0,Зелёный
52.59,85.16,altaiskii-krai,0,1,1,1.0,Красный
52.63,42.57,tambovskaia-oblast,0,1,1,1.0,Красный
52.69,34.53,brianskaia-oblast,1,0,1,0.0,Зелёный
52.7,41.73,tambovskaia-oblast,1,0,1,0.0,Зелёный
52.7,44.6,penzenskaia-oblast,1,0,1,0.0,Зелёный
52.71,42.05,tambovskaia-oblast,0,1,1,1.0,Красный
52.74,41.43,tambovskaia-oblast,1,0,1,0.0,Зелёный
52.74,58.78,respublika-bashkortostan,0,1,1,1.0,Красный
52.75,41.33,tambovskaia-oblast,1,0,1,0.0,Зелёный
52.76,51.66,samarskaia-oblast,0,1,1,1.0,Красный
52.77,39.7,lipetskaia-oblast,0,1,1,1.0,Красный
52.79,33.42,brianskaia-oblast,1,0,1,0.0,Зелёный
52.79,36.31,orlovskaia-oblast,1,0,1,0.0,Зелёный
52.8,51.21,samarskaia-oblast,1,0,1,0.0,Зелёный
52.81,88.36,kemerovskaia-oblast-kuzbass,1,0,1,0.0,Зелёный
52.82,36.26,orlovskaia-oblast,1,0,1,0.0,Зелёный
52.82,83.38,altaiskii-krai,1,0,1,0.0,Зелёный
52.88,50.89,samarskaia-oblast,0,1,1,1.0,Красный
52.91,44.61,penzenskaia-oblast,0,1,1,1.0,Красный
52.91,55.94,respublika-bashkortostan,0,1,1,1.0,Красный
52.93,43.39,penzenskaia-oblast,0,1,1,1.0,Красный
52.93,84.79,altaiskii-krai,0,1,1,1.0,Красный
52.94,44.8,penzenskaia-oblast,0,1,1,1.0,Красный
52.95,35.58,orlovskaia-oblast,0,1,1,1.0,Красный
52.97,47.93,ulianovskaia-oblast,0,1,1,1.0,Красный
52.97,50.72,samarskaia-oblast,1,0,1,0.0,Зелёный
52.98,42.99,penzenskaia-oblast,0,1,1,1.0,Красный
53.0,50.51,samarskaia-oblast,0,1,1,1.0,Красный
53.0,50.77,samarskaia-oblast,1,0,1,0.0,Зелёный
53.0,83.0,altaiskii-krai,1,0,1,0.0,Зелёный
53.02,43.7,penzenskaia-oblast,1,0,1,0.0,Зелёный
53.02,91.46,respublika-khakasiia,1,0,1,0.0,Зелёный
53.04,50.44,samarskaia-oblast,1,0,1,0.0,Зелёный
53.05,41.5,tambovskaia-oblast,0,1,1,1.0,Красный
53.06,158.63,kamchatskii-krai,0,1,1,1.0,Красный
53.08,44.97,penzenskaia-oblast,1,0,1,0.0,Зелёный
53.1,36.23,orlovskaia-oblast,1,0,1,0.0,Зелёный
53.1,50.16,samarskaia-oblast,0,1,1,1.0,Красный
53.1,158.43,kamchatskii-krai,1,0,1,0.0,Зелёный
53.11,41.53,tambovskaia-oblast,0,1,1,1.0,Красный
53.11,45.91,penzenskaia-oblast,0,1,1,1.0,Красный
53.11,48.36,samarskaia-oblast,1,0,1,0.0,Зелёный
53.12,44.17,penzenskaia-oblast,1,0,1,0.0,Зелёный
53.12,45.01,penzenskaia-oblast,1,0,1,0.0,Зелёный
53.12,45.16,penzenskaia-oblast,1,0,1,0.0,Зелёный
53.12,47.1,ulianovskaia-oblast,0,1,1,1.0,Красный
53.12,47.17,ulianovskaia-oblast,0,1,1,1.0,Красный
53.13,47.29,ulianovskaia-oblast,1,0,1,0.0,Зелёный
53.14,44.97,penzenskaia-oblast,1,0,1,0.0,Зелёный
53.14,50.06,samarskaia-oblast,1,0,1,0.0,Зелёный
53.14,158.52,kamchatskii-krai,1,0,1,0.0,Зелёный
53.15,45.62,respublika-mordoviia,1,0,1,0.0,Зелёный
53.16,45.0,penzenskaia-oblast,1,0,1,0.0,Зелёный
53.16,83.43,altaiskii-krai,1,0,1,0.0,Зелёный
53.17,44.99,penzenskaia-oblast,1,0,1,0.0,Зелёный
53.18,45.01,penzenskaia-oblast,1,0,1,0.0,Зелёный
53.18,48.29,samarskaia-oblast,0,1,1,1.0,Красный
53.18,50.18,samarskaia-oblast,1,0,1,0.0,Зелёный
53.18,158.48,kamchatskii-krai,0,1,1,1.0,Красный
53.19,39.71,lipetskaia-oblast,0,1,1,1.0,Красный
53.19,44.5,penzenskaia-oblast,1,0,1,0.0,Зелёный
53.19,48.16,samarskaia-oblast,0,1,1,1.0,Красный
53.19,50.09,samarskaia-oblast,1,0,1,0.0,Зелёный
53.19,50.13,samarskaia-oblast,0,1,1,1.0,Красный
53.2,44.98,penzenskaia-oblast,1,0,1,0.0,Зелёный
53.2,50.13,samarskaia-oblast,1,0,1,0.0,Зелёный
53.2,50.15,samarskaia-oblast,0,1,1,1.0,Красный
53.21,39.01,lipetskaia-oblast,1,0,1,0.0,Зелёный
53.21,48.82,samarskaia-oblast,1,0,1,0.0,Зелёный
53.23,44.88,penzenskaia-oblast,1,0,1,0.0,Зелёный
53.23,44.92,penzenskaia-oblast,0,1,1,1.0,Красный
53.23,44.96,penzenskaia-oblast,1,0,1,0.0,Зелёный
53.25,44.97,penzenskaia-oblast,1,0,1,0.0,Зелёный
53.25,45.5,penzenskaia-oblast,1,0,1,0.0,Зелёный
53.25,50.25,samarskaia-oblast,1,0,1,0.0,Зелёный
53.26,34.41,brianskaia-oblast,1,0,1,0.0,Зелёный
53.26,34.44,brianskaia-oblast,1,0,1,0.0,Зелёный
53.27,56.83,udmurtskaia-respublika,1,0,1,0.0,Зелёный
53.27,84.4,altaiskii-krai,0,1,1,1.0,Красный
53.29,50.22,samarskaia-oblast,0,1,1,1.0,Красный
53.3,44.75,penzenskaia-oblast,1,0,1,0.0,Зелёный
53.31,45.04,penzenskaia-oblast,0,1,1,1.0,Красный
53.33,38.18,tulskaia-oblast,0,1,1,1.0,Красный
53.33,83.91,altaiskii-krai,1,0,1,0.0,Зелёный
53.34,83.75,altaiskii-krai,1,0,1,0.0,Зелёный
53.35,45.69,penzenskaia-oblast,1,0,1,0.0,Зелёный
53.35,49.45,samarskaia-oblast,0,1,1,1.0,Красный
53.35,83.66,altaiskii-krai,0,1,1,1.0,Красный
53.35,83.67,altaiskii-krai,1,0,1,0.0,Зелёный
53.36,83.68,altaiskii-krai,1,0,1,0.0,Зелёный
53.36,83.72,altaiskii-krai,1,0,1,0.0,Зелёный
53.36,102.76,irkutskaia-oblast,0,1,1,1.0,Красный
53.36,126.23,amurskaia-oblast,1,0,1,0.0,Зелёный
53.37,44.68,penzenskaia-oblast,1,0,1,0.0,Зелёный
53.38,44.8,penzenskaia-oblast,1,0,1,0.0,Зелёный
53.38,45.06,penzenskaia-oblast,0,1,1,1.0,Красный
53.38,58.99,cheliabinskaia-oblast,0,1,1,1.0,Красный
53.39,82.1,altaiskii-krai,1,0,1,0.0,Зелёный
53.4,58.95,cheliabinskaia-oblast,1,0,1,0.0,Зелёный
53.4,58.96,cheliabinskaia-oblast,1,0,1,0.0,Зелёный
53.4,58.99,cheliabinskaia-oblast,0,1,1,1.0,Красный
53.41,37.83,tulskaia-oblast,1,0,1,0.0,Зелёный
53.43,58.96,cheliabinskaia-oblast,1,0,1,0.0,Зелёный
53.43,91.26,respublika-khakasiia,0,1,1,1.0,Красный
53.45,44.35,penzenskaia-oblast,1,0,1,0.0,Зелёный
53.46,38.14,tulskaia-oblast,1,0,1,0.0,Зелёный
53.46,85.44,altaiskii-krai,0,1,1,1.0,Красный
53.48,49.52,samarskaia-oblast,1,0,1,0.0,Зелёный
53.48,51.64,samarskaia-oblast,1,0,1,0.0,Зелёный
53.5,50.3,samarskaia-oblast,1,0,1,0.0,Зелёный
53.51,49.13,samarskaia-oblast,0,1,1,1.0,Красный
53.51,49.29,samarskaia-oblast,1,0,1,0.0,Зелёный
53.51,49.41,samarskaia-oblast,1,0,1,0.0,Зелёный
53.54,37.1,tulskaia-oblast,1,0,1,0.0,Зелёный
53.55,50.53,samarskaia-oblast,1,0,1,0.0,Зелёный
53.56,49.19,samarskaia-oblast,1,0,1,0.0,Зелёный
53.59,37.56,tulskaia-oblast,1,0,1,0.0,Зелёный
53.6,51.86,samarskaia-oblast,0,1,1,1.0,Красный
53.6,54.45,respublika-bashkortostan,0,1,1,1.0,Красный
53.62,40.02,riazanskaia-oblast,0,1,1,1.0,Красный
53.62,87.33,kemerovskaia-oblast-kuzbass,0,1,1,1.0,Красный
53.64,37.21,tulskaia-oblast,1,0,1,0.0,Зелёный
53.68,127.22,amurskaia-oblast,1,0,1,0.0,Зелёный
53.7,127.16,amurskaia-oblast,0,1,1,1.0,Красный
53.71,87.12,kemerovskaia-oblast-kuzbass,0,1,1,1.0,Красный
53.73,102.31,irkutskaia-oblast,0,1,1,1.0,Красный
53.75,44.77,penzenskaia-oblast,0,1,1,1.0,Красный
53.76,37.34,tulskaia-oblast,1,0,1,0.0,Зелёный
53.76,44.98,penzenskaia-oblast,1,0,1,0.0,Зелёный
53.77,39.73,riazanskaia-oblast,1,0,1,0.0,Зелёный
53.77,50.9,samarskaia-oblast,1,0,1,0.0,Зелёный
53.77,60.68,cheliabinskaia-oblast,0,1,1,1.0,Красный
53.78,87.28,kemerovskaia-oblast-kuzbass,1,0,1,0.0,Зелёный
53.8,50.98,samarskaia-oblast,1,0,1,0.0,Зелёный
53.82,91.2,respublika-khakasiia,0,1,1,1.0,Красный
53.84,51.1,samarskaia-oblast,0,1,1,1.0,Красный
53.84,57.44,respublika-bashkortostan,1,0,1,0.0,Зелёный
53.86,86.68,kemerovskaia-oblast-kuzbass,1,0,1,0.0,Зелёный
53.91,86.72,kemerovskaia-oblast-kuzbass,1,0,1,0.0,Зелёный
53.92,40.68,riazanskaia-oblast,1,0,1,0.0,Зелёный
53.93,37.89,tulskaia-oblast,0,1,1,1.0,Красный
53.93,57.95,respublika-bashkortostan,1,0,1,0.0,Зелёный
53.94,44.87,penzenskaia-oblast,1,0,1,0.0,Зелёный
53.94,51.15,samarskaia-oblast,0,1,1,1.0,Красный
53.94,51.17,samarskaia-oblast,1,0,1,0.0,Зелёный
53.95,32.88,smolenskaia-oblast,1,0,1,0.0,Зелёный
53.96,51.18,samarskaia-oblast,1,0,1,0.0,Зелёный
53.97,39.39,riazanskaia-oblast,1,0,1,0.0,Зелёный
53.98,40.11,riazanskaia-oblast,1,0,1,0.0,Зелёный
54.0,32.0,smolenskaia-oblast,1,0,1,0.0,Зелёный
54.0,37.0,tulskaia-oblast,1,0,1,0.0,Зелёный
54.01,38.26,tulskaia-oblast,0,1,1,1.0,Красный
54.01,41.7,riazanskaia-oblast,1,0,1,0.0,Зелёный
54.01,51.7,samarskaia-oblast,1,0,1,0.0,Зелёный
54.02,38.55,tulskaia-oblast,1,0,1,0.0,Зелёный
54.04,37.08,tulskaia-oblast,1,0,1,0.0,Зелёный
54.07,44.95,respublika-mordoviia,1,0,1,0.0,Зелёный
54.08,61.55,cheliabinskaia-oblast,0,1,1,1.0,Красный
54.09,42.4,respublika-mordoviia,1,0,1,0.0,Зелёный
54.1,38.05,tulskaia-oblast,1,0,1,0.0,Зелёный
54.1,86.87,kemerovskaia-oblast-kuzbass,0,1,1,1.0,Красный
54.12,42.13,riazanskaia-oblast,1,0,1,0.0,Зелёный
54.14,38.46,tulskaia-oblast,0,1,1,1.0,Красный
54.15,55.9,respublika-bashkortostan,1,0,1,0.0,Зелёный
54.16,37.48,tulskaia-oblast,0,1,1,1.0,Красный
54.16,41.12,riazanskaia-oblast,1,0,1,0.0,Зелёный
54.16,45.15,respublika-mordoviia,1,0,1,0.0,Зелёный
54.18,37.56,tulskaia-oblast,1,0,1,0.0,Зелёный
54.18,45.19,respublika-mordoviia,1,0,1,0.0,Зелёный
54.2,37.42,tulskaia-oblast,1,0,1,0.0,Зелёный
54.2,37.61,tulskaia-oblast,0,1,1,1.0,Красный
54.2,49.59,ulianovskaia-oblast,1,0,1,0.0,Зелёный
54.21,60.59,cheliabinskaia-oblast,1,0,1,0.0,Зелёный
54.21,83.37,novosibirskaia-oblast,1,0,1,0.0,Зелёный
54.22,62.27,cheliabinskaia-oblast,1,0,1,0.0,Зелёный
54.24,83.31,novosibirskaia-oblast,1,0,1,0.0,Зелёный
54.27,31.7,tulskaia-oblast,1,0,1,0.0,Зелёный
54.28,38.99,riazanskaia-oblast,1,0,1,0.0,Зелёный
54.29,37.64,tulskaia-oblast,0,1,1,1.0,Красный
54.29,49.06,ulianovskaia-oblast,1,0,1,0.0,Зелёный
54.3,47.63,ulianovskaia-oblast,1,0,1,0.0,Зелёный
54.32,38.84,riazanskaia-oblast,1,0,1,0.0,Зелёный
54.32,49.0,ulianovskaia-oblast,0,1,1,1.0,Красный
54.33,36.95,kaluzhskaia-oblast,1,0,1,0.0,Зелёный
54.33,39.61,riazanskaia-oblast,1,0,1,0.0,Зелёный
54.34,54.26,respublika-mordoviia,0,1,1,1.0,Красный
54.36,48.46,ulianovskaia-oblast,1,0,1,0.0,Зелёный
54.36,86.14,kemerovskaia-oblast-kuzbass,1,0,1,0.0,Зелёный
54.37,48.72,ulianovskaia-oblast,1,0,1,0.0,Зелёный
54.38,48.62,ulianovskaia-oblast,1,0,1,0.0,Зелёный
54.44,50.69,respublika-tatarstan-tatarstan,1,0,1,0.0,Зелёный
54.45,83.35,novosibirskaia-oblast,0,1,1,1.0,Красный
54.47,48.92,ulianovskaia-oblast,0,1,1,1.0,Красный
54.48,90.19,respublika-khakasiia,1,0,1,0.0,Зелёный
54.49,73.15,omskaia-oblast,1,0,1,0.0,Зелёный
54.54,36.11,kaluzhskaia-oblast,1,0,1,0.0,Зелёный
54.59,44.93,nizhegorodskaia-oblast,1,0,1,0.0,Зелёный
54.62,45.34,respublika-mordoviia,1,0,1,0.0,Зелёный
54.63,44.9,nizhegorodskaia-oblast,1,0,1,0.0,Зелёный
54.64,32.18,smolenskaia-oblast,1,0,1,0.0,Зелёный
54.64,55.93,respublika-bashkortostan,0,1,1,1.0,Красный
54.65,39.7,riazanskaia-oblast,1,0,1,0.0,Зелёный
54.65,39.76,riazanskaia-oblast,1,0,1,0.0,Зелёный
54.68,39.63,riazanskaia-oblast,1,0,1,0.0,Зелёный
54.68,86.31,kemerovskaia-oblast-kuzbass,1,0,1,0.0,Зелёный
54.71,0.96,respublika-bashkortostan,1,0,1,0.0,Зелёный
54.72,60.95,cheliabinskaia-oblast,1,0,1,0.0,Зелёный
54.72,73.11,omskaia-oblast,1,0,1,0.0,Зелёный
54.73,73.44,omskaia-oblast,0,1,1,1.0,Красный
54.74,31.91,smolenskaia-oblast,1,0,1,0.0,Зелёный
54.74,32.05,smolenskaia-oblast,1,0,1,0.0,Зелёный
54.74,56.28,respublika-bashkortostan,1,0,1,0.0,Зелёный
54.75,32.08,smolenskaia-oblast,1,0,1,0.0,Зелёный
54.75,58.2,cheliabinskaia-oblast,1,0,1,0.0,Зелёный
54.77,50.02,respublika-tatarstan-tatarstan,0,1,1,1.0,Красный
54.78,32.03,smolenskaia-oblast,1,0,1,0.0,Зелёный
54.78,32.05,smolenskaia-oblast,2,0,2,0.0,Зелёный
54.79,32.05,smolenskaia-oblast,0,1,1,1.0,Красный
54.8,56.14,respublika-bashkortostan,1,0,1,0.0,Зелёный
54.81,52.22,respublika-tatarstan-tatarstan,0,1,1,1.0,Красный
54.83,31.65,smolenskaia-oblast,1,0,1,0.0,Зелёный
54.84,86.34,kemerovskaia-oblast-kuzbass,1,0,1,0.0,Зелёный
54.87,36.45,kaluzhskaia-oblast,1,0,1,0.0,Зелёный
54.88,61.32,cheliabinskaia-oblast,1,0,1,0.0,Зелёный
54.89,73.44,omskaia-oblast,1,0,1,0.0,Зелёный
54.9,56.97,respublika-bashkortostan,0,1,1,1.0,Красный
54.91,71.25,omskaia-oblast,1,0,1,0.0,Зелёный
54.91,71.58,omskaia-oblast,0,1,1,1.0,Красный
54.91,85.7,kemerovskaia-oblast-kuzbass,0,1,1,1.0,Красный
54.91,99.03,irkutskaia-oblast,0,1,1,1.0,Красный
54.92,99.08,irkutskaia-oblast,1,0,1,0.0,Зелёный
54.94,73.42,omskaia-oblast,1,0,1,0.0,Зелёный
54.95,19.99,kaliningradskaia-oblast,1,0,1,0.0,Зелёный
54.96,73.21,omskaia-oblast,1,0,1,0.0,Зелёный
54.97,73.43,omskaia-oblast,1,0,1,0.0,Зелёный
54.98,47.53,chuvashskaia-respublika-chuvashiia,0,1,1,1.0,Красный
54.98,57.27,cheliabinskaia-oblast,1,0,1,0.0,Зелёный
54.98,82.87,novosibirskaia-oblast,1,0,1,0.0,Зелёный
54.98,82.89,novosibirskaia-oblast,1,0,1,0.0,Зелёный
54.98,83.03,novosibirskaia-oblast,1,0,1,0.0,Зелёный
54.99,73.38,omskaia-oblast,1,0,1,0.0,Зелёный
54.99,73.45,omskaia-oblast,1,0,1,0.0,Зелёный
54.99,83.47,novosibirskaia-oblast,1,0,1,0.0,Зелёный
55.0,36.0,moskovskaia-oblast,1,0,1,0.0,Зелёный
55.0,37.0,moskovskaia-oblast,0,1,1,1.0,Красный
55.0,37.0,moskva,0,1,1,1.0,Красный
55.0,61.0,cheliabinskaia-oblast,1,0,1,0.0,Зелёный
55.0,65.0,kurganskaia-oblast,1,1,2,0.5,Жёлтый
55.0,73.3,omskaia-oblast,0,1,1,1.0,Красный
55.0,82.82,novosibirskaia-oblast,0,1,1,1.0,Красный
55.01,37.2,moskovskaia-oblast,0,1,1,1.0,Красный
55.01,73.29,omskaia-oblast,1,0,1,0.0,Зелёный
55.01,73.35,omskaia-oblast,1,0,1,0.0,Зелёный
55.01,73.36,omskaia-oblast,1,0,1,0.0,Зелёный
55.01,82.88,novosibirskaia-oblast,1,0,1,0.0,Зелёный
55.03,85.7,novosibirskaia-oblast,1,0,1,0.0,Зелёный
55.04,32.26,smolenskaia-oblast,1,0,1,0.0,Зелёный
55.04,73.21,omskaia-oblast,0,1,1,1.0,Красный
55.04,73.27,omskaia-oblast,1,0,1,0.0,Зелёный
55.05,61.54,cheliabinskaia-oblast,1,0,1,0.0,Зелёный
55.05,73.32,omskaia-oblast,1,0,1,0.0,Зелёный
55.06,60.11,cheliabinskaia-oblast,0,1,1,1.0,Красный
55.06,71.29,omskaia-oblast,1,0,1,0.0,Зелёный
55.07,41.08,riazanskaia-oblast,1,0,1,0.0,Зелёный
55.07,82.95,novosibirskaia-oblast,1,0,1,0.0,Зелёный
55.07,82.96,novosibirskaia-oblast,1,0,1,0.0,Зелёный
55.08,82.96,novosibirskaia-oblast,1,0,1,0.0,Зелёный
55.11,37.53,moskovskaia-oblast,1,0,1,0.0,Зелёный
55.11,61.36,cheliabinskaia-oblast,1,0,1,0.0,Зелёный
55.13,54.64,respublika-bashkortostan,0,1,1,1.0,Красный
55.13,65.61,kurganskaia-oblast,1,0,1,0.0,Зелёный
55.14,37.46,moskva,0,1,1,1.0,Красный
55.14,40.35,riazanskaia-oblast,0,1,1,1.0,Красный
55.14,82.94,novosibirskaia-oblast,0,1,1,1.0,Красный
55.17,32.39,smolenskaia-oblast,1,0,1,0.0,Зелёный
55.17,37.37,moskovskaia-oblast,0,1,1,1.0,Красный
55.17,61.44,cheliabinskaia-oblast,1,0,1,0.0,Зелёный
55.18,52.59,respublika-tatarstan-tatarstan,0,1,1,1.0,Красный
55.19,61.39,cheliabinskaia-oblast,1,0,1,0.0,Зелёный
55.19,83.87,novosibirskaia-oblast,0,1,1,1.0,Красный
55.22,61.38,cheliabinskaia-oblast,1,0,1,0.0,Зелёный
55.22,68.14,kurganskaia-oblast,1,0,1,0.0,Зелёный
55.25,43.22,nizhegorodskaia-oblast,1,0,1,0.0,Зелёный
55.25,61.79,cheliabinskaia-oblast,1,0,1,0.0,Зелёный
55.26,34.32,smolenskaia-oblast,0,1,1,1.0,Красный
55.26,61.38,cheliabinskaia-oblast,1,0,1,0.0,Зелёный
55.27,64.94,kurganskaia-oblast,1,0,1,0.0,Зелёный
55.27,65.32,kurganskaia-oblast,0,1,1,1.0,Красный
55.28,37.87,moskovskaia-oblast,0,1,1,1.0,Красный
55.29,37.44,moskovskaia-oblast,0,1,1,1.0,Красный
55.29,78.06,novosibirskaia-oblast,1,0,1,0.0,Зелёный
55.3,36.7,moskovskaia-oblast,1,0,1,0.0,Зелёный
55.32,50.43,respublika-tatarstan-tatarstan,1,0,1,0.0,Зелёный
55.33,33.52,smolenskaia-oblast,0,1,1,1.0,Красный
55.33,50.51,respublika-tatarstan-tatarstan,1,0,1,0.0,Зелёный
55.33,51.93,respublika-tatarstan-tatarstan,0,1,1,1.0,Красный
55.34,86.06,kemerovskaia-oblast-kuzbass,1,0,1,0.0,Зелёный
55.35,64.48,kurganskaia-oblast,0,1,1,1.0,Красный
55.39,37.3,moskva,0,1,1,1.0,Красный
55.39,43.85,nizhegorodskaia-oblast,1,0,1,0.0,Зелёный
55.43,37.28,moskva,1,0,1,0.0,Зелёный
55.44,47.26,chuvashskaia-respublika-chuvashiia,1,0,1,0.0,Зелёный
55.46,52.06,respublika-tatarstan-tatarstan,0,1,1,1.0,Красный
55.47,36.09,moskovskaia-oblast,1,0,1,0.0,Зелёный
55.47,36.93,moskva,1,0,1,0.0,Зелёный
55.47,37.42,moskva,1,0,1,0.0,Зелёный
55.47,51.54,respublika-tatarstan-tatarstan,1,0,1,0.0,Зелёный
55.48,31.73,smolenskaia-oblast,1,0,1,0.0,Зелёный
55.51,43.06,nizhegorodskaia-oblast,1,0,1,0.0,Зелёный
55.52,37.37,moskva,1,1,2,0.5,Жёлтый
55.52,47.71,chuvashskaia-respublika-chuvashiia,1,0,1,0.0,Зелёный
55.53,36.98,moskovskaia-oblast,0,1,1,1.0,Красный
55.54,37.58,moskva,1,0,1,0.0,Зелёный
55.54,79.88,novosibirskaia-oblast,1,0,1,0.0,Зелёный
55.55,37.52,moskva,1,0,1,0.0,Зелёный
55.55,37.56,moskva,1,0,1,0.0,Зелёный
55.55,37.79,moskva,0,1,1,1.0,Красный
55.56,46.32,chuvashskaia-respublika-chuvashiia,0,1,1,1.0,Красный
55.59,37.3,moskva,1,0,1,0.0,Зелёный
55.59,37.36,moskva,0,1,1,1.0,Красный
55.6,36.99,moskovskaia-oblast,1,0,1,0.0,Зелёный
55.6,37.62,moskva,1,0,1,0.0,Зелёный
55.61,51.91,respublika-tatarstan-tatarstan,1,0,1,0.0,Зелёный
55.61,86.38,kemerovskaia-oblast-kuzbass,1,0,1,0.0,Зелёный
55.62,37.67,moskva,1,0,1,0.0,Зелёный
55.62,37.73,moskva,1,0,1,0.0,Зелёный
55.62,47.92,chuvashskaia-respublika-chuvashiia,1,0,1,0.0,Зелёный
55.64,37.22,moskovskaia-oblast,0,1,1,1.0,Красный
55.64,37.66,moskva,1,0,1,0.0,Зелёный
55.64,37.71,moskva,0,1,1,1.0,Красный
55.65,38.93,moskovskaia-oblast,0,1,1,1.0,Красный
55.66,37.43,moskva,0,1,1,1.0,Красный
55.66,37.54,moskva,0,1,1,1.0,Красный
55.66,52.27,respublika-tatarstan-tatarstan,1,0,1,0.0,Зелёный
55.66,84.72,kemerovskaia-oblast-kuzbass,1,0,1,0.0,Зелёный
55.67,37.45,moskva,1,0,1,0.0,Зелёный
55.67,37.65,moskva,1,0,1,0.0,Зелёный
55.67,93.65,krasnoiarskii-krai,1,0,1,0.0,Зелёный
55.68,37.32,moskovskaia-oblast,1,1,2,0.5,Жёлтый
55.68,41.93,vladimirskaia-oblast,1,0,1,0.0,Зелёный
55.69,37.62,moskva,1,0,1,0.0,Зелёный
55.7,37.62,moskva,1,0,1,0.0,Зелёный
55.7,37.64,moskva,0,1,1,1.0,Красный
55.7,37.66,moskva,1,0,1,0.0,Зелёный
55.71,37.82,moskva,1,0,1,0.0,Зелёный
55.73,36.83,moskovskaia-oblast,1,0,1,0.0,Зелёный
55.73,49.32,respublika-tatarstan-tatarstan,0,1,1,1.0,Красный
55.74,37.51,moskva,0,1,1,1.0,Красный
55.74,37.7,moskva,1,0,1,0.0,Зелёный
55.74,37.84,moskva,0,1,1,1.0,Красный
55.75,41.34,vladimirskaia-oblast,1,0,1,0.0,Зелёный
55.76,37.56,moskva,1,0,1,0.0,Зелёный
55.76,37.74,moskva,0,1,1,1.0,Красный
55.77,37.4,moskva,1,0,1,0.0,Зелёный
55.77,37.63,moskva,1,0,1,0.0,Зелёный
55.77,37.64,moskva,1,0,1,0.0,Зелёный
55.78,37.4,moskva,1,0,1,0.0,Зелёный
55.79,109.58,respublika-buriatiia,1,0,1,0.0,Зелёный
55.8,94.33,krasnoiarskii-krai,1,0,1,0.0,Зелёный
55.81,36.29,moskovskaia-oblast,0,1,1,1.0,Красный
55.81,37.47,moskva,1,0,1,0.0,Зелёный
55.81,37.79,moskva,1,0,1,0.0,Зелёный
55.81,38.12,moskovskaia-oblast,1,0,1,0.0,Зелёный
55.81,49.18,respublika-tatarstan-tatarstan,1,0,1,0.0,Зелёный
55.81,72.25,omskaia-oblast,1,0,1,0.0,Зелёный
55.82,37.33,moskovskaia-oblast,1,0,1,0.0,Зелёный
55.82,37.39,moskva,1,0,1,0.0,Зелёный
55.83,37.83,moskva,1,1,2,0.5,Жёлтый
55.84,36.46,moskovskaia-oblast,1,0,1,0.0,Зелёный
55.84,47.41,chuvashskaia-respublika-chuvashiia,1,0,1,0.0,Зелёный
55.84,49.08,respublika-tatarstan-tatarstan,1,0,1,0.0,Зелёный
55.85,37.68,moskva,1,0,1,0.0,Зелёный
55.85,37.78,moskva,0,1,1,1.0,Красный
55.86,37.77,moskva,1,0,1,0.0,Зелёный
55.86,49.09,respublika-tatarstan-tatarstan,1,0,1,0.0,Зелёный
55.87,36.69,moskovskaia-oblast,0,1,1,1.0,Красный
55.87,37.51,moskva,1,0,1,0.0,Зелёный
55.88,37.45,moskva,1,0,1,0.0,Зелёный
55.88,37.49,moskva,1,0,1,0.0,Зелёный
55.89,37.7,moskva,0,1,1,1.0,Красный
55.92,38.0,moskovskaia-oblast,1,0,1,0.0,Зелёный
55.92,39.19,vladimirskaia-oblast,1,0,1,0.0,Зелёный
55.92,41.14,vladimirskaia-oblast,0,1,1,1.0,Красный
55.92,93.66,krasnoiarskii-krai,0,1,1,1.0,Красный
55.93,38.21,moskovskaia-oblast,1,0,1,0.0,Зелёный
55.94,98.02,irkutskaia-oblast,1,0,1,0.0,Зелёный
55.95,43.13,nizhegorodskaia-oblast,1,0,1,0.0,Зелёный
55.96,48.37,respublika-marii-el,1,0,1,0.0,Зелёный
55.96,48.39,respublika-marii-el,1,0,1,0.0,Зелёный
55.96,86.06,kemerovskaia-oblast-kuzbass,1,0,1,0.0,Зелёный
55.98,37.31,moskovskaia-oblast,1,0,1,0.0,Зелёный
56.0,43.0,nizhegorodskaia-oblast,3,1,4,0.25,Жёлтый
56.0,44.0,nizhegorodskaia-oblast,1,0,1,0.0,Зелёный
56.0,66.0,tiumenskaia-oblast,1,0,1,0.0,Зелёный
56.01,44.97,nizhegorodskaia-oblast,1,0,1,0.0,Зелёный
56.01,69.86,tiumenskaia-oblast,1,0,1,0.0,Зелёный
56.01,90.27,krasnoiarskii-krai,0,1,1,1.0,Красный
56.01,92.95,krasnoiarskii-krai,1,0,1,0.0,Зелёный
56.03,43.96,nizhegorodskaia-oblast,0,1,1,1.0,Красный
56.03,44.53,nizhegorodskaia-oblast,0,1,1,1.0,Красный
56.03,69.14,tiumenskaia-oblast,1,0,1,0.0,Зелёный
56.03,71.39,omskaia-oblast,1,0,1,0.0,Зелёный
56.04,40.04,vladimirskaia-oblast,1,0,1,0.0,Зелёный
56.04,40.06,vladimirskaia-oblast,0,1,1,1.0,Красный
56.04,47.29,chuvashskaia-respublika-chuvashiia,1,0,1,0.0,Зелёный
56.05,44.42,nizhegorodskaia-oblast,1,0,1,0.0,Зелёный
56.05,45.9,nizhegorodskaia-oblast,1,0,1,0.0,Зелёный
56.06,45.22,nizhegorodskaia-oblast,1,0,1,0.0,Зелёный
56.06,92.97,krasnoiarskii-krai,1,0,1,0.0,Зелёный
56.07,40.26,vladimirskaia-oblast,1,0,1,0.0,Зелёный
56.08,37.12,moskovskaia-oblast,1,0,1,0.0,Зелёный
56.08,65.47,kurganskaia-oblast,0,1,1,1.0,Красный
56.09,47.5,chuvashskaia-respublika-chuvashiia,1,0,1,0.0,Зелёный
56.09,92.93,krasnoiarskii-krai,1,0,1,0.0,Зелёный
56.1,60.91,cheliabinskaia-oblast,1,0,1,0.0,Зелёный
56.11,47.28,chuvashskaia-respublika-chuvashiia,1,0,1,0.0,Зелёный
56.11,90.13,krasnoiarskii-krai,0,1,1,1.0,Красный
56.11,92.14,krasnoiarskii-krai,1,0,1,0.0,Зелёный
56.11,93.08,krasnoiarskii-krai,1,0,1,0.0,Зелёный
56.12,44.28,nizhegorodskaia-oblast,0,1,1,1.0,Красный
56.12,47.25,chuvashskaia-respublika-chuvashiia,0,1,1,1.0,Красный
56.12,47.48,chuvashskaia-respublika-chuvashiia,1,0,1,0.0,Зелёный
56.13,34.57,tverskaia-oblast,0,1,1,1.0,Красный
56.13,45.55,nizhegorodskaia-oblast,1,0,1,0.0,Зелёный
56.13,47.47,chuvashskaia-respublika-chuvashiia,1,0,1,0.0,Зелёный
56.14,39.99,vladimirskaia-oblast,1,0,1,0.0,Зелёный
56.15,34.83,tverskaia-oblast,0,1,1,1.0,Красный
56.15,43.68,nizhegorodskaia-oblast,1,0,1,0.0,Зелёный
56.16,38.87,vladimirskaia-oblast,1,0,1,0.0,Зелёный
56.16,43.71,nizhegorodskaia-oblast,0,1,1,1.0,Красный
56.17,38.54,vladimirskaia-oblast,0,1,1,1.0,Красный
56.17,101.59,irkutskaia-oblast,0,1,1,1.0,Красный
56.18,43.85,nizhegorodskaia-oblast,1,0,1,0.0,Зелёный
56.18,44.15,nizhegorodskaia-oblast,1,0,1,0.0,Зелёный
56.18,59.19,cheliabinskaia-oblast,0,1,1,1.0,Красный
56.2,43.86,nizhegorodskaia-oblast,1,0,1,0.0,Зелёный
56.21,43.9,nizhegorodskaia-oblast,1,0,1,0.0,Зелёный
56.22,91.16,krasnoiarskii-krai,1,0,1,0.0,Зелёный
56.23,44.1,nizhegorodskaia-oblast,1,0,1,0.0,Зелёный
56.24,36.75,moskovskaia-oblast,1,0,1,0.0,Зелёный
56.24,41.95,vladimirskaia-oblast,1,0,1,0.0,Зелёный
56.24,91.13,krasnoiarskii-krai,1,0,1,0.0,Зелёный
56.24,95.62,krasnoiarskii-krai,0,1,1,1.0,Красный
56.25,43.97,nizhegorodskaia-oblast,1,0,1,0.0,Зелёный
56.26,37.99,moskovskaia-oblast,1,0,1,0.0,Зелёный
56.26,43.7,nizhegorodskaia-oblast,1,0,1,0.0,Зелёный
56.26,62.93,kurganskaia-oblast,0,1,1,1.0,Красный
56.27,30.36,pskovskaia-oblast,1,0,1,0.0,Зелёный
56.27,40.86,vladimirskaia-oblast,1,0,1,0.0,Зелёный
56.27,43.91,nizhegorodskaia-oblast,1,0,1,0.0,Зелёный
56.28,44.08,nizhegorodskaia-oblast,1,0,1,0.0,Зелёный
56.29,43.85,nizhegorodskaia-oblast,1,0,1,0.0,Зелёный
56.3,43.95,nizhegorodskaia-oblast,1,0,1,0.0,Зелёный
56.31,54.12,udmurtskaia-respublika,0,1,1,1.0,Красный
56.33,43.85,nizhegorodskaia-oblast,1,0,1,0.0,Зелёный
56.33,43.91,nizhegorodskaia-oblast,0,1,1,1.0,Красный
56.33,43.95,nizhegorodskaia-oblast,1,0,1,0.0,Зелёный
56.35,46.54,chuvashskaia-respublika-chuvashiia,0,1,1,1.0,Красный
56.37,41.31,vladimirskaia-oblast,1,1,2,0.5,Жёлтый
56.39,52.23,udmurtskaia-respublika,1,0,1,0.0,Зелёный
56.4,38.99,vladimirskaia-oblast,0,1,1,1.0,Красный
56.41,92.97,krasnoiarskii-krai,1,0,1,0.0,Зелёный
56.43,24.57,udmurtskaia-respublika,1,0,1,0.0,Зелёный
56.43,65.36,tiumenskaia-oblast,0,1,1,1.0,Красный
56.47,84.95,tomskaia-oblast,0,1,1,1.0,Красный
56.48,65.22,tiumenskaia-oblast,1,0,1,0.0,Зелёный
56.49,44.22,nizhegorodskaia-oblast,1,0,1,0.0,Зелёный
56.5,66.8,tiumenskaia-oblast,1,0,1,0.0,Зелёный
56.52,59.2,sverdlovskaia-oblast,0,1,1,1.0,Красный
56.53,84.14,tomskaia-oblast,1,0,1,0.0,Зелёный
56.55,47.93,respublika-marii-el,1,0,1,0.0,Зелёный
56.57,102.62,irkutskaia-oblast,1,0,1,0.0,Зелёный
56.58,43.69,nizhegorodskaia-oblast,1,0,1,0.0,Зелёный
56.58,104.12,irkutskaia-oblast,0,1,1,1.0,Красный
56.59,37.11,moskovskaia-oblast,0,1,1,1.0,Красный
56.62,47.89,respublika-marii-el,1,0,1,0.0,Зелёный
56.62,66.29,tiumenskaia-oblast,1,0,1,0.0,Зелёный
56.63,47.88,respublika-marii-el,1,0,1,0.0,Зелёный
56.64,47.92,respublika-marii-el,1,0,1,0.0,Зелёный
56.65,47.94,respublika-marii-el,1,0,1,0.0,Зелёный
56.66,38.7,iaroslavskaia-oblast,1,0,1,0.0,Зелёный
56.67,61.16,sverdlovskaia-oblast,0,1,1,1.0,Красный
56.68,85.0,tomskaia-oblast,0,1,1,1.0,Красный
56.7,40.63,ivanovskaia-oblast,1,0,1,0.0,Зелёный
56.72,47.92,chuvashskaia-respublika-chuvashiia,1,0,1,0.0,Зелёный
56.72,53.3,udmurtskaia-respublika,1,0,1,0.0,Зелёный
56.72,60.72,sverdlovskaia-oblast,1,0,1,0.0,Зелёный
56.73,51.99,udmurtskaia-respublika,0,1,1,1.0,Красный
56.76,53.09,udmurtskaia-respublika,1,0,1,0.0,Зелёный
56.76,60.92,sverdlovskaia-oblast,1,0,1,0.0,Зелёный
56.76,66.01,tiumenskaia-oblast,1,0,1,0.0,Зелёный
56.77,74.51,omskaia-oblast,0,1,1,1.0,Красный
56.79,53.23,udmurtskaia-respublika,1,0,1,0.0,Зелёный
56.81,59.5,sverdlovskaia-oblast,1,0,1,0.0,Зелёный
56.82,38.9,iaroslavskaia-oblast,1,0,1,0.0,Зелёный
56.82,60.6,sverdlovskaia-oblast,1,0,1,0.0,Зелёный
56.83,53.19,udmurtskaia-respublika,1,0,1,0.0,Зелёный
56.83,53.23,udmurtskaia-respublika,1,0,1,0.0,Зелёный
56.84,40.91,ivanovskaia-oblast,1,0,1,0.0,Зелёный
56.84,50.36,kirovskaia-oblast,1,0,1,0.0,Зелёный
56.84,53.45,udmurtskaia-respublika,0,1,1,1.0,Красный
56.84,62.73,sverdlovskaia-oblast,0,1,1,1.0,Красный
56.85,42.03,ivanovskaia-oblast,0,1,1,1.0,Красный
56.85,53.23,udmurtskaia-respublika,1,0,1,0.0,Зелёный
56.85,60.32,sverdlovskaia-oblast,0,1,1,1.0,Красный
56.86,68.64,tiumenskaia-oblast,1,0,1,0.0,Зелёный
56.87,53.29,udmurtskaia-respublika,1,0,1,0.0,Зелёный
56.88,39.08,iaroslavskaia-oblast,0,1,1,1.0,Красный
56.88,53.23,udmurtskaia-respublika,1,0,1,0.0,Зелёный
56.88,74.37,omskaia-oblast,1,0,1,0.0,Зелёный
56.88,93.1,krasnoiarskii-krai,1,0,1,0.0,Зелёный
56.9,59.96,sverdlovskaia-oblast,1,0,1,0.0,Зелёный
56.91,51.21,kirovskaia-oblast,1,0,1,0.0,Зелёный
56.95,35.5,tverskaia-oblast,1,0,1,0.0,Зелёный
56.96,44.64,nizhegorodskaia-oblast,0,1,1,1.0,Красный
56.96,53.15,udmurtskaia-respublika,1,0,1,0.0,Зелёный
57.0,40.88,ivanovskaia-oblast,1,0,1,0.0,Зелёный
57.0,40.91,ivanovskaia-oblast,1,0,1,0.0,Зелёный
57.0,41.17,ivanovskaia-oblast,1,0,1,0.0,Зелёный
57.0,65.0,tiumenskaia-oblast,1,1,2,0.5,Жёлтый
57.0,102.0,irkutskaia-oblast,1,0,1,0.0,Зелёный
57.01,40.97,ivanovskaia-oblast,1,0,1,0.0,Зелёный
57.01,53.99,udmurtskaia-respublika,1,0,1,0.0,Зелёный
57.03,65.69,tiumenskaia-oblast,1,0,1,0.0,Зелёный
57.05,41.36,ivanovskaia-oblast,1,0,1,0.0,Зелёный
57.06,93.16,krasnoiarskii-krai,1,0,1,0.0,Зелёный
57.08,41.54,ivanovskaia-oblast,1,0,1,0.0,Зелёный
57.08,64.52,sverdlovskaia-oblast,0,1,1,1.0,Красный
57.1,65.68,tiumenskaia-oblast,1,0,1,0.0,Зелёный
57.15,65.55,tiumenskaia-oblast,1,0,1,0.0,Зелёный
57.15,65.69,tiumenskaia-oblast,1,0,1,0.0,Зелёный
57.19,66.03,tiumenskaia-oblast,0,1,1,1.0,Красный
57.23,65.47,tiumenskaia-oblast,1,0,1,0.0,Зелёный
57.25,45.61,nizhegorodskaia-oblast,1,0,1,0.0,Зелёный
57.28,53.81,udmurtskaia-respublika,1,0,1,0.0,Зелёный
57.36,56.38,permskii-krai,1,0,1,0.0,Зелёный
57.38,60.23,sverdlovskaia-oblast,0,1,1,1.0,Красный
57.38,61.64,sverdlovskaia-oblast,1,0,1,0.0,Зелёный
57.4,54.45,permskii-krai,0,1,1,1.0,Красный
57.42,42.24,ivanovskaia-oblast,0,1,1,1.0,Красный
57.43,56.94,permskii-krai,1,0,1,0.0,Зелёный
57.45,60.13,sverdlovskaia-oblast,0,1,1,1.0,Красный
57.46,53.18,udmurtskaia-respublika,0,1,1,1.0,Красный
57.49,56.18,permskii-krai,1,0,1,0.0,Зелёный
57.5,56.93,permskii-krai,1,0,1,0.0,Зелёный
57.51,39.79,iaroslavskaia-oblast,1,0,1,0.0,Зелёный
57.58,50.24,kirovskaia-oblast,0,1,1,1.0,Красный
57.62,39.78,iaroslavskaia-oblast,0,1,1,1.0,Красный
57.67,63.07,sverdlovskaia-oblast,1,0,1,0.0,Зелёный
57.68,39.79,iaroslavskaia-oblast,1,0,1,0.0,Зелёный
57.68,39.82,iaroslavskaia-oblast,0,1,1,1.0,Красный
57.7,39.77,iaroslavskaia-oblast,0,1,1,1.0,Красный
57.74,39.73,iaroslavskaia-oblast,1,0,1,0.0,Зелёный
57.76,40.96,kostromskaia-oblast,1,0,1,0.0,Зелёный
57.76,51.45,kirovskaia-oblast,0,1,1,1.0,Красный
57.77,47.06,nizhegorodskaia-oblast,1,0,1,0.0,Зелёный
57.8,41.18,kostromskaia-oblast,1,0,1,0.0,Зелёный
57.81,35.91,tverskaia-oblast,0,1,1,1.0,Красный
57.81,38.51,iaroslavskaia-oblast,1,0,1,0.0,Зелёный
57.82,28.33,pskovskaia-oblast,1,0,1,0.0,Зелёный
57.83,43.37,kostromskaia-oblast,1,0,1,0.0,Зелёный
57.84,56.69,permskii-krai,0,1,1,1.0,Красный
57.86,45.78,nizhegorodskaia-oblast,1,0,1,0.0,Зелёный
57.86,97.39,krasnoiarskii-krai,1,0,1,0.0,Зелёный
57.87,39.5,iaroslavskaia-oblast,0,1,1,1.0,Красный
57.87,40.99,kostromskaia-oblast,0,1,1,1.0,Красный
57.87,54.86,permskii-krai,1,0,1,0.0,Зелёный
57.88,35.02,tverskaia-oblast,0,1,1,1.0,Красный
57.92,59.96,sverdlovskaia-oblast,1,0,1,0.0,Зелёный
57.94,28.22,pskovskaia-oblast,1,0,1,0.0,Зелёный
57.94,56.27,permskii-krai,1,0,1,0.0,Зелёный
57.95,55.15,permskii-krai,0,1,1,1.0,Красный
57.99,41.99,kostromskaia-oblast,1,0,1,0.0,Зелёный
58.0,102.71,irkutskaia-oblast,0,1,1,1.0,Красный
58.01,56.05,permskii-krai,1,0,1,0.0,Зелёный
58.01,56.25,permskii-krai,1,0,1,0.0,Зелёный
58.06,38.76,iaroslavskaia-oblast,1,0,1,0.0,Зелёный
58.06,38.8,iaroslavskaia-oblast,1,0,1,0.0,Зелёный
58.08,55.73,permskii-krai,0,1,1,1.0,Красный
58.09,49.1,kirovskaia-oblast,0,1,1,1.0,Красный
58.09,68.22,tiumenskaia-oblast,1,0,1,0.0,Зелёный
58.12,55.5,permskii-krai,1,0,1,0.0,Зелёный
58.18,56.41,permskii-krai,0,1,1,1.0,Красный
58.2,29.29,pskovskaia-oblast,0,1,1,1.0,Красный
58.21,54.97,permskii-krai,0,1,1,1.0,Красный
58.24,59.86,sverdlovskaia-oblast,0,1,1,1.0,Красный
58.25,33.43,novgorodskaia-oblast,1,0,1,0.0,Зелёный
58.28,56.46,permskii-krai,0,1,1,1.0,Красный
58.29,48.17,kirovskaia-oblast,1,0,1,0.0,Зелёный
58.3,48.34,kirovskaia-oblast,1,0,1,0.0,Зелёный
58.32,59.89,sverdlovskaia-oblast,1,0,1,0.0,Зелёный
58.33,46.68,kirovskaia-oblast,1,0,1,0.0,Зелёный
58.34,68.34,tiumenskaia-oblast,1,0,1,0.0,Зелёный
58.38,44.79,kostromskaia-oblast,1,0,1,0.0,Зелёный
58.39,32.99,novgorodskaia-oblast,1,0,1,0.0,Зелёный
58.4,48.47,kirovskaia-oblast,1,0,1,0.0,Зелёный
58.45,41.57,kostromskaia-oblast,0,1,1,1.0,Красный
58.45,68.47,tiumenskaia-oblast,1,0,1,0.0,Зелёный
58.46,35.6,vologodskaia-oblast,1,0,1,0.0,Зелёный
58.48,49.72,kirovskaia-oblast,0,1,1,1.0,Красный
58.49,55.83,permskii-krai,1,0,1,0.0,Зелёный
58.5,49.72,kirovskaia-oblast,1,0,1,0.0,Зелёный
58.54,31.26,novgorodskaia-oblast,2,0,2,0.0,Зелёный
58.55,31.29,novgorodskaia-oblast,1,0,1,0.0,Зелёный
58.57,49.64,kirovskaia-oblast,1,0,1,0.0,Зелёный
58.6,49.61,kirovskaia-oblast,0,1,1,1.0,Красный
58.6,49.65,kirovskaia-oblast,0,1,1,1.0,Красный
58.62,49.68,kirovskaia-oblast,1,0,1,0.0,Зелёный
58.66,31.41,novgorodskaia-oblast,1,0,1,0.0,Зелёный
58.7,31.4,novgorodskaia-oblast,0,1,1,1.0,Красный
58.72,50.17,kirovskaia-oblast,1,0,1,0.0,Зелёный
58.76,49.51,kirovskaia-oblast,1,0,1,0.0,Зелёный
58.79,29.89,leningradskaia-oblast,1,0,1,0.0,Зелёный
58.82,29.91,leningradskaia-oblast,0,1,1,1.0,Красный
58.83,54.07,permskii-krai,1,0,1,0.0,Зелёный
58.84,36.43,vologodskaia-oblast,0,1,1,1.0,Красный
58.86,32.58,novgorodskaia-oblast,1,0,1,0.0,Зелёный
58.9,34.52,novgorodskaia-oblast,1,0,1,0.0,Зелёный
58.96,29.97,leningradskaia-oblast,1,0,1,0.0,Зелёный
59.0,30.0,sankt-peterburg,1,0,1,0.0,Зелёный
59.0,69.0,tiumenskaia-oblast,1,0,1,0.0,Зелёный
59.04,60.57,sverdlovskaia-oblast,1,0,1,0.0,Зелёный
59.1,37.92,vologodskaia-oblast,1,0,1,0.0,Зелёный
59.11,37.9,vologodskaia-oblast,1,0,1,0.0,Зелёный
59.11,41.13,vologodskaia-oblast,1,0,1,0.0,Зелёный
59.12,39.07,vologodskaia-oblast,1,0,1,0.0,Зелёный
59.13,37.92,vologodskaia-oblast,1,0,1,0.0,Зелёный
59.13,37.93,vologodskaia-oblast,1,0,1,0.0,Зелёный
59.15,37.83,vologodskaia-oblast,1,0,1,0.0,Зелёный
59.18,39.87,vologodskaia-oblast,1,0,1,0.0,Зелёный
59.21,38.6,vologodskaia-oblast,1,0,1,0.0,Зелёный
59.22,39.77,vologodskaia-oblast,1,0,1,0.0,Зелёный
59.22,39.85,vologodskaia-oblast,1,0,1,0.0,Зелёный
59.22,39.92,vologodskaia-oblast,1,0,1,0.0,Зелёный
59.27,29.94,leningradskaia-oblast,1,0,1,0.0,Зелёный
59.27,59.27,permskii-krai,1,0,1,0.0,Зелёный
59.28,34.35,leningradskaia-oblast,1,0,1,0.0,Зелёный
59.37,54.17,permskii-krai,1,0,1,0.0,Зелёный
59.46,39.59,vologodskaia-oblast,0,1,1,1.0,Красный
59.46,56.85,permskii-krai,1,0,1,0.0,Зелёный
59.47,30.12,leningradskaia-oblast,1,0,1,0.0,Зелёный
59.51,30.21,leningradskaia-oblast,0,1,1,1.0,Красный
59.51,30.31,leningradskaia-oblast,1,0,1,0.0,Зелёный
59.51,56.82,permskii-krai,1,0,1,0.0,Зелёный
59.55,30.16,leningradskaia-oblast,1,0,1,0.0,Зелёный
59.56,150.8,magadanskaia-oblast,1,0,1,0.0,Зелёный
59.57,54.3,permskii-krai,1,0,1,0.0,Зелёный
59.58,150.8,magadanskaia-oblast,1,0,1,0.0,Зелёный
59.6,60.6,sverdlovskaia-oblast,1,0,1,0.0,Зелёный
59.61,36.06,vologodskaia-oblast,0,1,1,1.0,Красный
59.61,40.1,vologodskaia-oblast,1,0,1,0.0,Зелёный
59.61,41.22,vologodskaia-oblast,1,0,1,0.0,Зелёный
59.65,41.85,vologodskaia-oblast,1,0,1,0.0,Зелёный
59.7,30.59,leningradskaia-oblast,1,0,1,0.0,Зелёный
59.71,150.92,magadanskaia-oblast,1,0,1,0.0,Зелёный
59.73,29.94,leningradskaia-oblast,0,1,1,1.0,Красный
59.8,30.16,sankt-peterburg,1,0,1,0.0,Зелёный
59.8,30.17,sankt-peterburg,0,1,1,1.0,Красный
59.81,30.37,sankt-peterburg,0,1,1,1.0,Красный
59.81,30.47,sankt-peterburg,0,1,1,1.0,Красный
59.82,30.3,sankt-peterburg,0,1,1,1.0,Красный
59.83,30.32,sankt-peterburg,1,0,1,0.0,Зелёный
59.85,30.47,sankt-peterburg,1,0,1,0.0,Зелёный
59.85,52.02,kirovskaia-oblast,1,0,1,0.0,Зелёный
59.86,30.25,sankt-peterburg,1,0,1,0.0,Зелёный
59.87,30.26,sankt-peterburg,1,0,1,0.0,Зелёный
59.93,30.29,sankt-peterburg,1,0,1,0.0,Зелёный
59.93,30.35,sankt-peterburg,1,0,1,0.0,Зелёный
59.94,30.29,sankt-peterburg,1,0,1,0.0,Зелёный
59.95,30.2,sankt-peterburg,1,0,1,0.0,Зелёный
59.95,30.33,sankt-peterburg,1,0,1,0.0,Зелёный
59.95,31.88,leningradskaia-oblast,0,1,1,1.0,Красный
59.96,30.21,sankt-peterburg,1,0,1,0.0,Зелёный
59.96,30.3,sankt-peterburg,1,0,1,0.0,Зелёный
59.97,30.55,leningradskaia-oblast,1,0,1,0.0,Зелёный
59.98,30.3,sankt-peterburg,1,0,1,0.0,Зелёный
59.99,30.35,sankt-peterburg,1,0,1,0.0,Зелёный
60.0,30.13,sankt-peterburg,1,0,1,0.0,Зелёный
60.01,30.24,sankt-peterburg,0,1,1,1.0,Красный
60.04,30.34,sankt-peterburg,0,1,1,1.0,Красный
60.06,30.31,sankt-peterburg,1,0,1,0.0,Зелёный
60.06,30.43,leningradskaia-oblast,0,1,1,1.0,Красный
60.06,30.47,leningradskaia-oblast,1,0,1,0.0,Зелёный
60.07,30.18,sankt-peterburg,0,1,1,1.0,Красный
60.1,30.1,sankt-peterburg,1,0,1,0.0,Зелёный
60.15,76.86,khanty-mansiiskii-avtonomnyi-okrug-iugra,0,1,1,1.0,Красный
60.2,29.7,sankt-peterburg,1,0,1,0.0,Зелёный
60.21,30.16,leningradskaia-oblast,1,0,1,0.0,Зелёный
60.36,29.52,leningradskaia-oblast,1,0,1,0.0,Зелёный
60.66,33.47,leningradskaia-oblast,1,0,1,0.0,Зелёный
60.71,28.85,leningradskaia-oblast,1,0,1,0.0,Зелёный
60.72,77.55,tomskaia-oblast,0,1,1,1.0,Красный
60.72,77.58,tomskaia-oblast,0,1,1,1.0,Красный
60.88,46.42,vologodskaia-oblast,0,1,1,1.0,Красный
60.93,33.16,respublika-kareliia,1,0,1,0.0,Зелёный
60.96,76.72,khanty-mansiiskii-avtonomnyi-okrug-iugra,1,0,1,0.0,Зелёный
60.97,69.06,khanty-mansiiskii-avtonomnyi-okrug-iugra,0,1,1,1.0,Красный
61.0,69.47,khanty-mansiiskii-avtonomnyi-okrug-iugra,1,0,1,0.0,Зелёный
61.0,73.0,khanty-mansiiskii-avtonomnyi-okrug-iugra,1,0,1,0.0,Зелёный
61.04,72.61,khanty-mansiiskii-avtonomnyi-okrug-iugra,1,0,1,0.0,Зелёный
61.09,72.69,khanty-mansiiskii-avtonomnyi-okrug-iugra,0,1,1,1.0,Красный
61.23,36.92,vologodskaia-oblast,0,1,1,1.0,Красный
61.23,46.51,arkhangelskaia-oblast,1,0,1,0.0,Зелёный
61.25,64.61,khanty-mansiiskii-avtonomnyi-okrug-iugra,1,0,1,0.0,Зелёный
61.31,47.18,arkhangelskaia-oblast,1,0,1,0.0,Зелёный
61.39,73.68,khanty-mansiiskii-avtonomnyi-okrug-iugra,1,0,1,0.0,Зелёный
61.43,128.0,respublika-sakha-iakutiia,1,0,1,0.0,Зелёный
61.44,127.99,respublika-sakha-iakutiia,0,1,1,1.0,Красный
61.48,34.15,respublika-kareliia,0,1,1,1.0,Красный
61.7,50.8,respublika-komi,1,0,1,0.0,Зелёный
61.73,53.73,respublika-komi,1,0,1,0.0,Зелёный
61.74,130.28,respublika-sakha-iakutiia,1,0,1,0.0,Зелёный
61.76,34.34,respublika-kareliia,0,1,1,1.0,Красный
61.76,34.37,respublika-kareliia,1,0,1,0.0,Зелёный
61.97,73.78,khanty-mansiiskii-avtonomnyi-okrug-iugra,1,0,1,0.0,Зелёный
62.01,131.79,respublika-sakha-iakutiia,0,1,1,1.0,Красный
62.19,34.22,respublika-kareliia,1,0,1,0.0,Зелёный
62.22,50.41,respublika-komi,1,0,1,0.0,Зелёный
62.24,45.76,arkhangelskaia-oblast,1,0,1,0.0,Зелёный
62.3,133.36,respublika-sakha-iakutiia,0,1,1,1.0,Красный
62.59,50.86,respublika-komi,0,1,1,1.0,Красный
62.6,40.1,arkhangelskaia-oblast,1,0,1,0.0,Зелёный
62.67,113.67,respublika-sakha-iakutiia,0,1,1,1.0,Красный
62.77,51.71,respublika-komi,1,0,1,0.0,Зелёный
63.05,76.77,iamalo-nenetskii-avtonomnyi-okrug,0,1,1,1.0,Красный
63.37,74.53,iamalo-nenetskii-avtonomnyi-okrug,1,0,1,0.0,Зелёный
63.54,53.44,respublika-komi,1,0,1,0.0,Зелёный
63.61,74.59,iamalo-nenetskii-avtonomnyi-okrug,0,1,1,1.0,Красный
64.08,75.01,iamalo-nenetskii-avtonomnyi-okrug,0,1,1,1.0,Красный
64.54,39.82,arkhangelskaia-oblast,1,0,1,0.0,Зелёный
64.58,40.51,arkhangelskaia-oblast,1,0,1,0.0,Зелёный
64.59,30.7,respublika-kareliia,1,0,1,0.0,Зелёный
64.59,39.84,arkhangelskaia-oblast,1,0,1,0.0,Зелёный
64.66,40.54,arkhangelskaia-oblast,1,0,1,0.0,Зелёный
64.9,77.5,iamalo-nenetskii-avtonomnyi-okrug,1,0,1,0.0,Зелёный
65.1,57.14,respublika-komi,1,0,1,0.0,Зелёный
65.51,73.33,iamalo-nenetskii-avtonomnyi-okrug,1,0,1,0.0,Зелёный
66.65,66.37,iamalo-nenetskii-avtonomnyi-okrug,1,0,1,0.0,Зелёный
66.65,66.44,iamalo-nenetskii-avtonomnyi-okrug,0,1,1,1.0,Красный
67.24,32.37,murmanskaia-oblast,0,1,1,1.0,Красный
67.49,64.05,respublika-komi,1,0,1,0.0,Зелёный
67.68,32.82,murmanskaia-oblast,1,0,1,0.0,Зелёный
69.38,87.52,krasnoiarskii-krai,1,0,1,0.0,Зелёный
