lat_round,lon_round,region,Лёгкий,Опасный,total,danger_ratio,level
5.38,44.12,nizhegorodskaia-oblast,1,0,1,0.0,Зелёный
15.34,24.59,altaiskii-krai,1,0,1,0.0,Зелёный
42.08,48.3,respublika-dagestan,1,0,1,0.0,Зелёный
42.37,47.29,respublika-dagestan,1,0,1,0.0,Зелёный
42.63,44.09,respublika-severnaia-osetiia-alaniia,1,0,1,0.0,Зелёный
42.71,43.97,respublika-severnaia-osetiia-alaniia,0,1,1,1.0,Красный
42.75,131.15,primorskii-krai,1,0,1,0.0,Зелёный
42.76,46.92,respublika-dagestan,0,1,1,1.0,Красный
42.8,47.62,respublika-dagestan,0,1,1,1.0,Красный
42.81,47.61,respublika-dagestan,0,1,1,1.0,Красный
42.82,132.89,primorskii-krai,1,0,1,0.0,Зелёный
42.84,47.15,respublika-dagestan,0,1,1,1.0,Красный
42.85,44.06,respublika-severnaia-osetiia-alaniia,1,0,1,0.0,Зелёный
42.86,132.69,primorskii-krai,1,0,1,0.0,Зелёный
42.89,132.88,primorskii-krai,1,0,1,0.0,Зелёный
42.92,132.55,primorskii-krai,1,0,1,0.0,Зелёный
42.95,47.53,respublika-dagestan,0,1,1,1.0,Красный
42.96,47.51,respublika-dagestan,0,1,1,1.0,Красный
42.97,47.52,respublika-dagestan,1,0,1,0.0,Зелёный
43.0,47.46,respublika-dagestan,1,0,1,0.0,Зелёный
43.01,44.67,respublika-severnaia-osetiia-alaniia,0,1,1,1.0,Красный
43.01,44.68,respublika-severnaia-osetiia-alaniia,1,0,1,0.0,Зелёный
43.03,44.64,respublika-severnaia-osetiia-alaniia,0,1,1,1.0,Красный
43.03,44.67,respublika-severnaia-osetiia-alaniia,0,1,1,1.0,Красный
43.04,132.44,primorskii-krai,0,1,1,1.0,Красный
43.06,44.64,respublika-severnaia-osetiia-alaniia,1,0,1,0.0,Зелёный
43.09,131.86,primorskii-krai,0,1,1,1.0,Красный
43.1,44.25,respublika-severnaia-osetiia-alaniia,1,0,1,0.0,Зелёный
43.1,131.94,primorskii-krai,1,0,1,0.0,Зелёный
43.11,131.9,primorskii-krai,1,0,1,0.0,Зелёный
43.12,131.94,primorskii-krai,0,1,1,1.0,Красный
43.13,131.9,primorskii-krai,0,1,1,1.0,Красный
43.15,44.27,respublika-severnaia-osetiia-alaniia,1,0,1,0.0,Зелёный
43.17,131.9,primorskii-krai,1,0,1,0.0,Зелёный
43.18,46.85,respublika-dagestan,1,0,1,0.0,Зелёный
43.19,46.79,respublika-dagestan,0,1,1,1.0,Красный
43.2,43.92,respublika-severnaia-osetiia-alaniia,0,1,1,1.0,Красный
43.2,46.86,respublika-dagestan,0,1,1,1.0,Красный
43.22,131.96,primorskii-krai,1,0,1,0.0,Зелёный
43.24,46.54,respublika-dagestan,1,0,1,0.0,Зелёный
43.25,46.33,chechenskaia-respublika,0,1,1,1.0,Красный
43.27,45.67,chechenskaia-respublika,1,0,1,0.0,Зелёный
43.28,43.55,kabardino-balkarskaia-respublika,1,0,1,0.0,Зелёный
43.29,44.91,respublika-ingushetiia,1,0,1,0.0,Зелёный
43.29,45.7,chechenskaia-respublika,1,0,1,0.0,Зелёный
43.3,39.52,krasnodarskii-krai,0,1,1,1.0,Красный
43.32,134.07,primorskii-krai,0,1,1,1.0,Красный
43.34,44.08,respublika-severnaia-osetiia-alaniia,1,0,1,0.0,Зелёный
43.35,44.79,respublika-ingushetiia,1,0,1,0.0,Зелёный
43.41,39.95,krasnodarskii-krai,1,0,1,0.0,Зелёный
43.48,39.9,krasnodarskii-krai,1,0,1,0.0,Зелёный
43.48,43.57,kabardino-balkarskaia-respublika,1,0,1,0.0,Зелёный
43.49,43.61,kabardino-balkarskaia-respublika,1,0,1,0.0,Зелёный
43.52,40.0,krasnodarskii-krai,1,0,1,0.0,Зелёный
43.53,39.82,krasnodarskii-krai,1,0,1,0.0,Зелёный
43.58,132.74,primorskii-krai,1,0,1,0.0,Зелёный
43.64,43.71,kabardino-balkarskaia-respublika,1,0,1,0.0,Зелёный
43.69,43.49,kabardino-balkarskaia-respublika,0,1,1,1.0,Красный
43.7,132.01,primorskii-krai,1,0,1,0.0,Зелёный
43.74,44.65,respublika-severnaia-osetiia-alaniia,1,0,1,0.0,Зелёный
43.97,132.02,primorskii-krai,1,0,1,0.0,Зелёный
44.01,43.39,stavropolskii-krai,1,0,1,0.0,Зелёный
44.06,41.97,karachaevo-cherkesskaia-respublika,1,0,1,0.0,Зелёный
44.1,39.06,krasnodarskii-krai,1,0,1,0.0,Зелёный
44.1,39.09,krasnodarskii-krai,1,0,1,0.0,Зелёный
44.14,42.01,karachaevo-cherkesskaia-respublika,1,0,1,0.0,Зелёный
44.26,38.46,krasnodarskii-krai,0,1,1,1.0,Красный
44.29,42.97,stavropolskii-krai,0,1,1,1.0,Красный
44.38,43.98,stavropolskii-krai,1,0,1,0.0,Зелёный
44.49,34.14,respublika-krym,0,1,1,1.0,Красный
44.52,38.92,krasnodarskii-krai,1,0,1,0.0,Зелёный
44.54,38.27,krasnodarskii-krai,1,0,1,0.0,Зелёный
44.55,38.17,krasnodarskii-krai,1,0,1,0.0,Зелёный
44.56,33.69,sevastopol,1,0,1,0.0,Зелёный
44.58,33.44,sevastopol,0,1,1,1.0,Красный
44.59,34.33,respublika-krym,1,0,1,0.0,Зелёный
44.63,40.56,krasnodarskii-krai,1,0,1,0.0,Зелёный
44.64,33.6,sevastopol,0,1,1,1.0,Красный
44.69,33.59,sevastopol,0,1,1,1.0,Красный
44.69,33.71,sevastopol,1,0,1,0.0,Зелёный
44.7,41.22,krasnodarskii-krai,1,0,1,0.0,Зелёный
44.73,37.66,krasnodarskii-krai,1,0,1,0.0,Зелёный
44.74,37.78,krasnodarskii-krai,1,0,1,0.0,Зелёный
44.77,34.34,respublika-krym,0,1,1,1.0,Красный
44.86,38.6,krasnodarskii-krai,1,0,1,0.0,Зелёный
44.87,41.13,krasnodarskii-krai,0,1,1,1.0,Красный
44.93,42.56,stavropolskii-krai,1,0,1,0.0,Зелёный
44.99,34.07,respublika-krym,1,0,1,0.0,Зелёный
45.01,41.16,krasnodarskii-krai,1,0,1,0.0,Зелёный
45.01,41.92,stavropolskii-krai,1,0,1,0.0,Зелёный
45.04,38.98,krasnodarskii-krai,0,1,1,1.0,Красный
45.04,39.0,krasnodarskii-krai,1,0,1,0.0,Зелёный
45.04,39.06,krasnodarskii-krai,1,0,1,0.0,Зелёный
45.04,41.91,stavropolskii-krai,1,0,1,0.0,Зелёный
45.05,39.13,krasnodarskii-krai,0,1,1,1.0,Красный
45.06,40.98,krasnodarskii-krai,0,1,1,1.0,Красный
45.1,38.99,krasnodarskii-krai,0,1,1,1.0,Красный
45.19,39.51,krasnodarskii-krai,1,0,1,0.0,Зелёный
45.21,36.61,krasnodarskii-krai,0,1,1,1.0,Красный
45.22,39.63,krasnodarskii-krai,0,1,1,1.0,Красный
45.26,38.86,krasnodarskii-krai,0,1,1,1.0,Красный
45.27,40.31,krasnodarskii-krai,0,1,1,1.0,Красный
45.29,36.42,respublika-krym,1,0,1,0.0,Зелёный
45.32,36.43,respublika-krym,1,0,1,0.0,Зелёный
45.32,36.5,respublika-krym,1,0,1,0.0,Зелёный
45.36,36.47,respublika-krym,0,1,1,1.0,Красный
45.37,43.06,stavropolskii-krai,1,0,1,0.0,Зелёный
45.45,40.53,krasnodarskii-krai,1,0,1,0.0,Зелёный
45.48,33.41,respublika-krym,1,0,1,0.0,Зелёный
45.57,39.5,krasnodarskii-krai,0,1,1,1.0,Красный
45.58,33.77,respublika-krym,1,0,1,0.0,Зелёный
45.61,38.96,krasnodarskii-krai,0,1,1,1.0,Красный
45.79,54.4,respublika-mordoviia,1,0,1,0.0,Зелёный
45.94,47.61,astrakhanskaia-oblast,1,0,1,0.0,Зелёный
45.95,40.71,krasnodarskii-krai,1,0,1,0.0,Зелёный
45.96,133.78,primorskii-krai,2,0,2,0.0,Зелёный
45.98,39.47,krasnodarskii-krai,1,0,1,0.0,Зелёный
45.99,39.72,krasnodarskii-krai,1,0,1,0.0,Зелёный
46.02,33.69,respublika-krym,1,0,1,0.0,Зелёный
46.09,39.51,krasnodarskii-krai,0,1,1,1.0,Красный
46.18,47.83,astrakhanskaia-oblast,1,0,1,0.0,Зелёный
46.27,39.75,krasnodarskii-krai,1,0,1,0.0,Зелёный
46.27,39.76,krasnodarskii-krai,1,0,1,0.0,Зелёный
46.32,40.49,rostovskaia-oblast,1,0,1,0.0,Зелёный
46.32,48.01,astrakhanskaia-oblast,0,1,1,1.0,Красный
46.35,48.08,astrakhanskaia-oblast,1,0,1,0.0,Зелёный
46.36,48.0,astrakhanskaia-oblast,1,0,1,0.0,Зелёный
46.37,48.06,astrakhanskaia-oblast,1,0,1,0.0,Зелёный
46.4,38.12,krasnodarskii-krai,1,0,1,0.0,Зелёный
46.43,47.98,astrakhanskaia-oblast,1,0,1,0.0,Зелёный
46.48,41.54,rostovskaia-oblast,1,0,1,0.0,Зелёный
46.57,38.98,krasnodarskii-krai,0,1,1,1.0,Красный
46.63,142.76,sakhalinskaia-oblast,1,0,1,0.0,Зелёный
46.63,142.78,sakhalinskaia-oblast,1,0,1,0.0,Зелёный
46.72,38.28,krasnodarskii-krai,1,0,1,0.0,Зелёный
46.89,39.7,rostovskaia-oblast,1,0,1,0.0,Зелёный
46.95,142.74,sakhalinskaia-oblast,1,0,1,0.0,Зелёный
47.08,142.74,sakhalinskaia-oblast,1,0,1,0.0,Зелёный
47.19,142.75,sakhalinskaia-oblast,1,0,1,0.0,Зелёный
47.2,39.71,rostovskaia-oblast,1,0,1,0.0,Зелёный
47.2,39.72,rostovskaia-oblast,1,0,1,0.0,Зелёный
47.23,39.56,rostovskaia-oblast,1,0,1,0.0,Зелёный
47.23,39.7,rostovskaia-oblast,1,0,1,0.0,Зелёный
47.35,39.88,rostovskaia-oblast,0,1,1,1.0,Красный
47.4,42.7,rostovskaia-oblast,1,0,1,0.0,Зелёный
47.43,39.98,rostovskaia-oblast,0,1,1,1.0,Красный
47.84,38.88,rostovskaia-oblast,0,1,1,1.0,Красный
47.86,43.51,volgogradskaia-oblast,1,0,1,0.0,Зелёный
47.95,135.08,khabarovskii-krai,1,0,1,0.0,Зелёный
48.0,135.0,khabarovskii-krai,0,1,1,1.0,Красный
48.02,44.06,volgogradskaia-oblast,0,1,1,1.0,Красный
48.38,135.13,khabarovskii-krai,1,0,1,0.0,Зелёный
48.4,132.69,evreiskaia-avtonomnaia-oblast,0,1,1,1.0,Красный
48.44,135.13,khabarovskii-krai,2,0,2,0.0,Зелёный
48.47,44.64,volgogradskaia-oblast,0,1,1,1.0,Красный
48.47,135.12,khabarovskii-krai,1,0,1,0.0,Зелёный
48.48,135.05,khabarovskii-krai,1,0,1,0.0,Зелёный
48.48,135.06,khabarovskii-krai,1,0,1,0.0,Зелёный
48.49,135.11,khabarovskii-krai,1,0,1,0.0,Зелёный
48.51,135.07,khabarovskii-krai,1,0,1,0.0,Зелёный
48.51,135.13,khabarovskii-krai,0,1,1,1.0,Красный
48.58,45.73,astrakhanskaia-oblast,1,0,1,0.0,Зелёный
48.67,43.88,volgogradskaia-oblast,1,0,1,0.0,Зелёный
48.67,44.46,volgogradskaia-oblast,1,0,1,0.0,Зелёный
48.67,135.17,khabarovskii-krai,1,0,1,0.0,Зелёный
48.72,44.54,volgogradskaia-oblast,0,1,1,1.0,Красный
48.75,44.51,volgogradskaia-oblast,1,0,1,0.0,Зелёный
48.78,44.38,volgogradskaia-oblast,1,0,1,0.0,Зелёный
48.88,44.76,volgogradskaia-oblast,0,1,1,1.0,Красный
48.88,132.85,evreiskaia-avtonomnaia-oblast,1,0,1,0.0,Зелёный
48.89,136.18,khabarovskii-krai,1,0,1,0.0,Зелёный
48.97,131.02,evreiskaia-avtonomnaia-oblast,1,0,1,0.0,Зелёный
48.97,140.28,khabarovskii-krai,1,0,1,0.0,Зелёный
49.11,139.85,khabarovskii-krai,0,1,1,1.0,Красный
49.43,130.05,amurskaia-oblast,1,0,1,0.0,Зелёный
49.58,128.27,amurskaia-oblast,0,1,1,1.0,Красный
49.66,45.67,volgogradskaia-oblast,0,1,1,1.0,Красный
49.75,39.8,voronezhskaia-oblast,1,0,1,0.0,Зелёный
49.83,88.93,respublika-altai,1,0,1,0.0,Зелёный
49.95,38.8,belgorodskaia-oblast,1,0,1,0.0,Зелёный
50.03,45.54,volgogradskaia-oblast,1,0,1,0.0,Зелёный
50.09,45.38,volgogradskaia-oblast,0,1,1,1.0,Красный
50.27,127.51,amurskaia-oblast,1,0,1,0.0,Зелёный
50.27,127.56,amurskaia-oblast,1,0,1,0.0,Зелёный
50.28,127.53,amurskaia-oblast,1,0,1,0.0,Зелёный
50.29,127.67,amurskaia-oblast,1,0,1,0.0,Зелёный
50.3,127.54,amurskaia-oblast,1,0,1,0.0,Зелёный
50.35,37.81,moskovskaia-oblast,0,1,1,1.0,Красный
50.4,136.89,khabarovskii-krai,1,0,1,0.0,Зелёный
50.45,40.17,voronezhskaia-oblast,1,0,1,0.0,Зелёный
50.53,137.01,khabarovskii-krai,1,0,1,0.0,Зелёный
50.54,136.92,khabarovskii-krai,1,0,1,0.0,Зелёный
50.55,127.12,amurskaia-oblast,1,0,1,0.0,Зелёный
50.57,36.34,belgorodskaia-oblast,1,0,1,0.0,Зелёный
50.59,36.59,belgorodskaia-oblast,1,0,1,0.0,Зелёный
50.6,36.58,belgorodskaia-oblast,1,0,1,0.0,Зелёный
50.61,36.07,belgorodskaia-oblast,0,1,1,1.0,Красный
50.63,36.57,belgorodskaia-oblast,1,0,1,0.0,Зелёный
50.69,127.7,amurskaia-oblast,1,0,1,0.0,Зелёный
50.76,43.16,volgogradskaia-oblast,1,0,1,0.0,Зелёный
50.86,39.08,voronezhskaia-oblast,1,0,1,0.0,Зелёный
50.88,59.33,orenburgskaia-oblast,1,0,1,0.0,Зелёный
50.91,44.6,volgogradskaia-oblast,0,1,1,1.0,Красный
50.94,43.8,volgogradskaia-oblast,1,0,1,0.0,Зелёный
50.96,44.77,volgogradskaia-oblast,0,1,1,1.0,Красный
50.97,44.34,volgogradskaia-oblast,1,0,1,0.0,Зелёный
51.02,107.78,respublika-buriatiia,1,0,1,0.0,Зелёный
51.08,115.26,zabaikalskii-krai,1,0,1,0.0,Зелёный
51.09,39.45,voronezhskaia-oblast,1,0,1,0.0,Зелёный
51.09,55.45,orenburgskaia-oblast,0,1,1,1.0,Красный
51.1,107.25,respublika-buriatiia,1,0,1,0.0,Зелёный
51.11,115.24,zabaikalskii-krai,1,0,1,0.0,Зелёный
51.13,114.69,zabaikalskii-krai,1,0,1,0.0,Зелёный
51.15,36.13,kurskaia-oblast,0,1,1,1.0,Красный
51.16,108.89,zabaikalskii-krai,0,1,1,1.0,Красный
51.22,114.17,zabaikalskii-krai,0,1,1,1.0,Красный
51.23,41.23,voronezhskaia-oblast,0,1,1,1.0,Красный
51.26,55.03,orenburgskaia-oblast,0,1,1,1.0,Красный
51.28,91.32,respublika-tyva,1,0,1,0.0,Зелёный
51.3,113.66,zabaikalskii-krai,0,1,1,1.0,Красный
51.34,110.47,zabaikalskii-krai,0,1,1,1.0,Красный
51.41,112.52,zabaikalskii-krai,1,0,1,0.0,Зелёный
51.42,48.23,saratovskaia-oblast,1,0,1,0.0,Зелёный
51.43,128.39,amurskaia-oblast,1,0,1,0.0,Зелёный
51.44,104.72,respublika-buriatiia,0,1,1,1.0,Красный
51.45,46.14,saratovskaia-oblast,0,1,1,1.0,Красный
51.46,37.92,kurskaia-oblast,1,0,1,0.0,Зелёный
51.47,107.38,respublika-buriatiia,1,0,1,0.0,Зелёный
51.49,44.59,saratovskaia-oblast,0,1,1,1.0,Красный
51.49,108.29,respublika-buriatiia,0,1,1,1.0,Красный
51.5,36.05,kurskaia-oblast,1,0,1,0.0,Зелёный
51.51,45.93,saratovskaia-oblast,1,0,1,0.0,Зелёный
51.51,81.2,altaiskii-krai,1,0,1,0.0,Зелёный
51.52,45.06,saratovskaia-oblast,1,0,1,0.0,Зелёный
51.52,45.26,saratovskaia-oblast,1,0,1,0.0,Зелёный
51.52,45.27,saratovskaia-oblast,1,0,1,0.0,Зелёный
51.52,46.01,saratovskaia-oblast,1,0,1,0.0,Зелёный
51.53,107.08,respublika-buriatiia,1,0,1,0.0,Зелёный
51.53,114.0,zabaikalskii-krai,0,1,1,1.0,Красный
51.54,46.03,saratovskaia-oblast,0,1,1,1.0,Красный
51.55,46.01,saratovskaia-oblast,1,0,1,0.0,Зелёный
51.55,113.99,zabaikalskii-krai,0,1,1,1.0,Красный
51.56,43.04,saratovskaia-oblast,0,1,1,1.0,Красный
51.57,103.97,irkutskaia-oblast,1,0,1,0.0,Зелёный
51.58,46.03,saratovskaia-oblast,1,0,1,0.0,Зелёный
51.58,46.11,saratovskaia-oblast,0,1,1,1.0,Красный
51.6,54.25,orenburgskaia-oblast,1,0,1,0.0,Зелёный
51.63,45.93,saratovskaia-oblast,1,0,1,0.0,Зелёный
51.65,114.01,zabaikalskii-krai,0,1,1,1.0,Красный
51.66,36.13,kurskaia-oblast,1,0,1,0.0,Зелёный
51.66,36.14,kurskaia-oblast,1,0,1,0.0,Зелёный
51.67,102.28,respublika-buriatiia,1,0,1,0.0,Зелёный
51.7,46.75,saratovskaia-oblast,1,0,1,0.0,Зелёный
51.7,94.41,respublika-tyva,1,0,1,0.0,Зелёный
51.72,39.07,voronezhskaia-oblast,1,0,1,0.0,Зелёный
51.73,36.43,kurskaia-oblast,1,0,1,0.0,Зелёный
51.75,107.46,respublika-buriatiia,1,0,1,0.0,Зелёный
51.76,44.98,saratovskaia-oblast,1,0,1,0.0,Зелёный
51.78,56.39,orenburgskaia-oblast,1,0,1,0.0,Зелёный
51.82,55.18,orenburgskaia-oblast,0,1,1,1.0,Красный
51.82,107.63,respublika-buriatiia,1,0,1,0.0,Зелёный
51.83,55.14,orenburgskaia-oblast,1,0,1,0.0,Зелёный
51.83,107.59,respublika-buriatiia,1,0,1,0.0,Зелёный
51.84,54.93,orenburgskaia-oblast,1,0,1,0.0,Зелёный
51.84,107.64,respublika-buriatiia,0,1,1,1.0,Красный
51.85,55.15,orenburgskaia-oblast,1,0,1,0.0,Зелёный
51.85,107.51,respublika-buriatiia,1,0,1,0.0,Зелёный
51.85,107.57,respublika-buriatiia,0,1,1,1.0,Красный
51.85,107.63,respublika-buriatiia,0,1,1,1.0,Красный
51.89,47.6,saratovskaia-oblast,1,0,1,0.0,Зелёный
51.91,116.61,zabaikalskii-krai,1,0,1,0.0,Зелёный
51.93,47.31,saratovskaia-oblast,1,0,1,0.0,Зелёный
51.94,46.83,saratovskaia-oblast,0,1,1,1.0,Красный
51.94,86.27,respublika-altai,1,0,1,0.0,Зелёный
51.98,113.6,zabaikalskii-krai,0,1,1,1.0,Красный
52.0,39.0,lipetskaia-oblast,0,1,1,1.0,Красный
52.02,41.69,tambovskaia-oblast,0,1,1,1.0,Красный
52.02,48.8,saratovskaia-oblast,0,1,1,1.0,Красный
52.07,113.49,zabaikalskii-krai,1,0,1,0.0,Зелёный
52.08,41.11,tambovskaia-oblast,1,0,1,0.0,Зелёный
52.1,127.7,amurskaia-oblast,1,0,1,0.0,Зелёный
52.11,84.08,altaiskii-krai,1,0,1,0.0,Зелёный
52.12,93.94,respublika-tyva,1,0,1,0.0,Зелёный
52.17,52.76,orenburgskaia-oblast,0,1,1,1.0,Красный
52.24,41.59,tambovskaia-oblast,1,0,1,0.0,Зелёный
52.25,43.8,saratovskaia-oblast,1,0,1,0.0,Зелёный
52.28,104.23,irkutskaia-oblast,1,0,1,0.0,Зелёный
52.28,104.25,irkutskaia-oblast,1,0,1,0.0,Зелёный
52.29,54.51,orenburgskaia-oblast,1,0,1,0.0,Зелёный
52.31,113.58,zabaikalskii-krai,1,0,1,0.0,Зелёный
52.32,45.58,saratovskaia-oblast,1,0,1,0.0,Зелёный
52.32,104.29,irkutskaia-oblast,1,0,1,0.0,Зелёный
52.35,35.37,kurskaia-oblast,0,1,1,1.0,Красный
52.36,38.4,lipetskaia-oblast,0,1,1,1.0,Красный
52.36,104.12,irkutskaia-oblast,1,0,1,0.0,Зелёный
52.38,104.07,irkutskaia-oblast,1,0,1,0.0,Зелёный
52.42,43.53,penzenskaia-oblast,0,1,1,1.0,Красный
52.46,34.95,orlovskaia-oblast,1,0,1,0.0,Зелёный
52.49,103.8,irkutskaia-oblast,1,0,1,0.0,Зелёный
52.51,50.4,samarskaia-oblast,1,0,1,0.0,Зелёный
52.51,85.13,altaiskii-krai,0,1,1,1.0,Красный
52.55,50.5,samarskaia-oblast,1,0,1,0.0,Зелёный
52.58,85.17,altaiskii-krai,1,0,1,0.0,Зелёный
52.6,32.65,brianskaia-oblast,0,1,1,1.0,Красный
52.6,39.39,lipetskaia-oblast,1,0,1,0.0,Зелёный
52.61,50.49,samarskaia-oblast,0,1,1,1.0,Красный
52.62,40.23,tambovskaia-oblast,0,1,1,1.0,Красный
52.63,39.54,lipetskaia-oblast,0,1,1,1.0,Красный
52.67,59.32,cheliabinskaia-oblast,1,0,1,0.0,Зелёный
52.71,41.47,tambovskaia-oblast,0,1,1,1.0,Красный
52.72,85.38,altaiskii-krai,1,0,1,0.0,Зелёный
52.73,38.51,lipetskaia-oblast,1,0,1,0.0,Зелёный
52.73,41.44,tambovskaia-oblast,2,0,2,0.0,Зелёный
52.75,38.46,lipetskaia-oblast,0,1,1,1.0,Красный
52.75,43.23,penzenskaia-oblast,1,0,1,0.0,Зелёный
52.79,39.36,lipetskaia-oblast,0,1,1,1.0,Красный
52.79,45.03,penzenskaia-oblast,0,1,1,1.0,Красный
52.86,35.34,orlovskaia-oblast,0,1,1,1.0,Красный
52.91,86.37,altaiskii-krai,1,0,1,0.0,Зелёный
52.95,36.02,orlovskaia-oblast,0,1,1,1.0,Красный
52.97,49.7,samarskaia-oblast,0,1,1,1.0,Красный
53.0,36.09,orlovskaia-oblast,1,0,1,0.0,Зелёный
53.0,36.11,orlovskaia-oblast,1,0,1,0.0,Зелёный
53.0,82.0,altaiskii-krai,1,0,1,0.0,Зелёный
53.07,46.1,penzenskaia-oblast,0,1,1,1.0,Красный
53.07,158.34,kamchatskii-krai,0,1,1,1.0,Красный
53.08,87.52,kemerovskaia-oblast-kuzbass,1,0,1,0.0,Зелёный
53.1,35.12,brianskaia-oblast,0,1,1,1.0,Красный
53.1,50.17,samarskaia-oblast,0,1,1,1.0,Красный
53.11,50.07,samarskaia-oblast,0,1,1,1.0,Красный
53.11,50.14,samarskaia-oblast,1,0,1,0.0,Зелёный
53.12,50.13,samarskaia-oblast,1,0,1,0.0,Зелёный
53.16,44.0,penzenskaia-oblast,1,0,1,0.0,Зелёный
53.16,44.66,penzenskaia-oblast,1,0,1,0.0,Зелёный
53.18,48.49,samarskaia-oblast,1,0,1,0.0,Зелёный
53.18,55.37,respublika-bashkortostan,1,0,1,0.0,Зелёный
53.2,45.0,penzenskaia-oblast,1,0,1,0.0,Зелёный
53.21,157.39,kamchatskii-krai,0,1,1,1.0,Красный
53.23,36.67,orlovskaia-oblast,0,1,1,1.0,Красный
53.23,45.34,penzenskaia-oblast,1,0,1,0.0,Зелёный
53.23,50.25,samarskaia-oblast,1,0,1,0.0,Зелёный
53.24,58.85,respublika-bashkortostan,1,0,1,0.0,Зелёный
53.25,34.33,brianskaia-oblast,1,0,1,0.0,Зелёный
53.25,50.2,samarskaia-oblast,1,0,1,0.0,Зелёный
53.25,55.92,respublika-bashkortostan,1,0,1,0.0,Зелёный
53.27,50.19,samarskaia-oblast,1,0,1,0.0,Зелёный
53.28,34.2,brianskaia-oblast,1,0,1,0.0,Зелёный
53.28,79.01,altaiskii-krai,1,0,1,0.0,Зелёный
53.29,84.3,altaiskii-krai,1,0,1,0.0,Зелёный
53.29,85.69,altaiskii-krai,0,1,1,1.0,Красный
53.31,83.55,altaiskii-krai,1,0,1,0.0,Зелёный
53.31,83.7,altaiskii-krai,0,1,1,1.0,Красный
53.32,42.94,penzenskaia-oblast,0,1,1,1.0,Красный
53.32,83.05,altaiskii-krai,1,0,1,0.0,Зелёный
53.32,103.87,irkutskaia-oblast,1,0,1,0.0,Зелёный
53.33,83.79,altaiskii-krai,1,0,1,0.0,Зелёный
53.34,83.74,altaiskii-krai,1,0,1,0.0,Зелёный
53.34,83.76,altaiskii-krai,1,0,1,0.0,Зелёный
53.35,55.95,respublika-bashkortostan,1,0,1,0.0,Зелёный
53.35,83.81,altaiskii-krai,1,0,1,0.0,Зелёный
53.36,58.98,cheliabinskaia-oblast,1,0,1,0.0,Зелёный
53.36,83.51,altaiskii-krai,0,1,1,1.0,Красный
53.36,102.76,irkutskaia-oblast,0,1,1,1.0,Красный
53.37,58.95,cheliabinskaia-oblast,0,1,1,1.0,Красный
53.37,83.71,altaiskii-krai,0,1,1,1.0,Красный
53.38,43.4,penzenskaia-oblast,1,0,1,0.0,Зелёный
53.38,44.67,penzenskaia-oblast,1,0,1,0.0,Зелёный
53.38,50.43,samarskaia-oblast,0,1,1,1.0,Красный
53.38,51.35,samarskaia-oblast,1,0,1,0.0,Зелёный
53.38,83.98,altaiskii-krai,1,0,1,0.0,Зелёный
53.39,83.7,altaiskii-krai,1,0,1,0.0,Зелёный
53.39,83.71,altaiskii-krai,1,0,1,0.0,Зелёный
53.41,40.15,riazanskaia-oblast,1,0,1,0.0,Зелёный
53.42,59.02,cheliabinskaia-oblast,0,1,1,1.0,Красный
53.44,59.0,cheliabinskaia-oblast,0,1,1,1.0,Красный
53.44,60.88,cheliabinskaia-oblast,1,0,1,0.0,Зелёный
53.48,40.1,riazanskaia-oblast,0,1,1,1.0,Красный
53.48,54.84,respublika-bashkortostan,1,0,1,0.0,Зелёный
53.51,43.17,penzenskaia-oblast,1,0,1,0.0,Зелёный
53.52,49.71,samarskaia-oblast,0,1,1,1.0,Красный
53.53,87.24,kemerovskaia-oblast-kuzbass,1,0,1,0.0,Зелёный
53.61,55.95,respublika-bashkortostan,1,0,1,0.0,Зелёный
53.69,120.25,zabaikalskii-krai,0,1,1,1.0,Красный
53.7,39.94,riazanskaia-oblast,1,0,1,0.0,Зелёный
53.7,86.99,kemerovskaia-oblast-kuzbass,0,1,1,1.0,Красный
53.71,91.37,respublika-khakasiia,0,1,1,1.0,Красный
53.73,33.08,smolenskaia-oblast,0,1,1,1.0,Красный
53.74,50.85,samarskaia-oblast,1,0,1,0.0,Зелёный
53.75,87.02,kemerovskaia-oblast-kuzbass,1,0,1,0.0,Зелёный
53.76,87.11,kemerovskaia-oblast-kuzbass,1,0,1,0.0,Зелёный
53.85,39.55,riazanskaia-oblast,1,0,1,0.0,Зелёный
53.85,43.28,penzenskaia-oblast,1,0,1,0.0,Зелёный
53.86,34.45,kaluzhskaia-oblast,1,0,1,0.0,Зелёный
53.88,86.68,kemerovskaia-oblast-kuzbass,1,0,1,0.0,Зелёный
53.89,86.76,kemerovskaia-oblast-kuzbass,1,0,1,0.0,Зелёный
53.92,48.24,ulianovskaia-oblast,0,1,1,1.0,Красный
53.93,37.63,tulskaia-oblast,1,0,1,0.0,Зелёный
53.95,37.5,tulskaia-oblast,1,0,1,0.0,Зелёный
53.96,58.41,respublika-bashkortostan,0,1,1,1.0,Красный
53.97,32.88,smolenskaia-oblast,1,0,1,0.0,Зелёный
53.98,38.16,tulskaia-oblast,1,0,1,0.0,Зелёный
54.03,34.33,kaluzhskaia-oblast,1,0,1,0.0,Зелёный
54.07,35.15,kaluzhskaia-oblast,1,0,1,0.0,Зелёный
54.08,34.28,kaluzhskaia-oblast,1,0,1,0.0,Зелёный
54.1,35.32,kaluzhskaia-oblast,1,0,1,0.0,Зелёный
54.1,37.49,tulskaia-oblast,0,1,1,1.0,Красный
54.14,86.41,kemerovskaia-oblast-kuzbass,1,0,1,0.0,Зелёный
54.17,37.57,tulskaia-oblast,1,0,1,0.0,Зелёный
54.17,37.59,tulskaia-oblast,1,0,1,0.0,Зелёный
54.17,83.0,novosibirskaia-oblast,1,0,1,0.0,Зелёный
54.18,37.6,tulskaia-oblast,1,0,1,0.0,Зелёный
54.18,53.82,respublika-bashkortostan,1,0,1,0.0,Зелёный
54.19,73.59,omskaia-oblast,1,0,1,0.0,Зелёный
54.21,83.38,novosibirskaia-oblast,1,0,1,0.0,Зелёный
54.22,63.13,kurganskaia-oblast,0,1,1,1.0,Красный
54.26,48.32,ulianovskaia-oblast,1,0,1,0.0,Зелёный
54.26,48.34,ulianovskaia-oblast,1,0,1,0.0,Зелёный
54.27,37.99,tulskaia-oblast,1,0,1,0.0,Зелёный
54.27,38.16,tulskaia-oblast,1,0,1,0.0,Зелёный
54.27,91.52,krasnoiarskii-krai,1,0,1,0.0,Зелёный
54.28,35.4,kaluzhskaia-oblast,0,1,1,1.0,Красный
54.28,48.28,ulianovskaia-oblast,1,0,1,0.0,Зелёный
54.32,37.56,tulskaia-oblast,1,0,1,0.0,Зелёный
54.33,48.36,ulianovskaia-oblast,0,1,1,1.0,Красный
54.35,21.79,kaliningradskaia-oblast,1,0,1,0.0,Зелёный
54.35,35.22,kaluzhskaia-oblast,0,1,1,1.0,Красный
54.35,48.59,ulianovskaia-oblast,1,0,1,0.0,Зелёный
54.35,77.44,novosibirskaia-oblast,1,0,1,0.0,Зелёный
54.36,36.18,kaluzhskaia-oblast,0,1,1,1.0,Красный
54.37,35.72,kaluzhskaia-oblast,1,0,1,0.0,Зелёный
54.37,86.45,kemerovskaia-oblast-kuzbass,0,1,1,1.0,Красный
54.39,81.33,novosibirskaia-oblast,0,1,1,1.0,Красный
54.41,86.33,kemerovskaia-oblast-kuzbass,1,0,1,0.0,Зелёный
54.42,48.16,ulianovskaia-oblast,0,1,1,1.0,Красный
54.44,40.04,riazanskaia-oblast,0,1,1,1.0,Красный
54.45,43.23,nizhegorodskaia-oblast,1,0,1,0.0,Зелёный
54.47,38.63,moskovskaia-oblast,1,0,1,0.0,Зелёный
54.47,86.4,kemerovskaia-oblast-kuzbass,0,1,1,1.0,Красный
54.49,35.97,kaluzhskaia-oblast,1,0,1,0.0,Зелёный
54.5,36.23,kaluzhskaia-oblast,1,0,1,0.0,Зелёный
54.5,45.0,nizhegorodskaia-oblast,1,0,1,0.0,Зелёный
54.53,36.17,kaluzhskaia-oblast,1,0,1,0.0,Зелёный
54.54,36.28,kaluzhskaia-oblast,1,0,1,0.0,Зелёный
54.57,38.35,tulskaia-oblast,1,0,1,0.0,Зелёный
54.57,73.77,omskaia-oblast,0,1,1,1.0,Красный
54.58,39.8,riazanskaia-oblast,1,0,1,0.0,Зелёный
54.6,22.22,kaliningradskaia-oblast,0,1,1,1.0,Красный
54.6,39.79,riazanskaia-oblast,1,0,1,0.0,Зелёный
54.61,39.75,riazanskaia-oblast,0,1,1,1.0,Красный
54.63,39.7,riazanskaia-oblast,1,0,1,0.0,Зелёный
54.65,19.91,kaliningradskaia-oblast,1,0,1,0.0,Зелёный
54.66,39.62,riazanskaia-oblast,0,1,1,1.0,Красный
54.67,20.49,kaliningradskaia-oblast,1,0,1,0.0,Зелёный
54.67,20.96,kaliningradskaia-oblast,0,1,1,1.0,Красный
54.67,55.86,respublika-bashkortostan,0,1,1,1.0,Красный
54.68,20.48,kaliningradskaia-oblast,1,0,1,0.0,Зелёный
54.68,73.01,omskaia-oblast,1,0,1,0.0,Зелёный
54.69,20.49,kaliningradskaia-oblast,1,0,1,0.0,Зелёный
54.77,56.02,respublika-bashkortostan,1,0,1,0.0,Зелёный
54.78,35.93,kaluzhskaia-oblast,1,0,1,0.0,Зелёный
54.78,37.49,tulskaia-oblast,0,1,1,1.0,Красный
54.78,65.11,kurganskaia-oblast,0,1,1,1.0,Красный
54.79,32.05,smolenskaia-oblast,1,0,1,0.0,Зелёный
54.79,56.08,respublika-bashkortostan,1,0,1,0.0,Зелёный
54.8,35.93,kaluzhskaia-oblast,0,1,1,1.0,Красный
54.8,38.9,moskovskaia-oblast,1,0,1,0.0,Зелёный
54.81,38.05,moskovskaia-oblast,1,0,1,0.0,Зелёный
54.82,38.05,moskovskaia-oblast,0,1,1,1.0,Красный
54.82,56.1,respublika-bashkortostan,1,0,1,0.0,Зелёный
54.83,57.1,respublika-bashkortostan,1,0,1,0.0,Зелёный
54.83,73.55,omskaia-oblast,1,0,1,0.0,Зелёный
54.84,56.1,respublika-bashkortostan,1,0,1,0.0,Зелёный
54.84,71.35,omskaia-oblast,0,1,1,1.0,Красный
54.85,46.4,respublika-mordoviia,1,0,1,0.0,Зелёный
54.85,61.46,cheliabinskaia-oblast,1,0,1,0.0,Зелёный
54.87,19.97,kaliningradskaia-oblast,1,0,1,0.0,Зелёный
54.89,37.18,moskovskaia-oblast,0,1,1,1.0,Красный
54.9,82.78,novosibirskaia-oblast,1,0,1,0.0,Зелёный
54.91,32.57,smolenskaia-oblast,1,0,1,0.0,Зелёный
54.91,65.11,kurganskaia-oblast,1,0,1,0.0,Зелёный
54.91,83.19,novosibirskaia-oblast,1,0,1,0.0,Зелёный
54.91,99.03,irkutskaia-oblast,1,0,1,0.0,Зелёный
54.92,36.48,kaluzhskaia-oblast,1,0,1,0.0,Зелёный
54.92,43.32,nizhegorodskaia-oblast,0,1,1,1.0,Красный
54.92,58.77,cheliabinskaia-oblast,1,0,1,0.0,Зелёный
54.92,60.32,cheliabinskaia-oblast,1,0,1,0.0,Зелёный
54.93,36.41,kaluzhskaia-oblast,0,1,1,1.0,Красный
54.95,58.82,cheliabinskaia-oblast,1,0,1,0.0,Зелёный
54.96,60.93,cheliabinskaia-oblast,1,0,1,0.0,Зелёный
54.96,82.9,novosibirskaia-oblast,1,0,1,0.0,Зелёный
54.97,73.35,omskaia-oblast,1,0,1,0.0,Зелёный
54.97,84.01,novosibirskaia-oblast,1,0,1,0.0,Зелёный
54.98,39.06,moskovskaia-oblast,1,0,1,0.0,Зелёный
54.98,73.39,omskaia-oblast,1,0,1,0.0,Зелёный
54.98,73.4,omskaia-oblast,1,0,1,0.0,Зелёный
54.98,82.88,novosibirskaia-oblast,0,1,1,1.0,Красный
54.99,60.97,cheliabinskaia-oblast,1,0,1,0.0,Зелёный
54.99,73.35,omskaia-oblast,0,1,1,1.0,Красный
55.0,37.0,moskovskaia-oblast,1,0,1,0.0,Зелёный
55.0,37.0,moskva,0,1,1,1.0,Красный
55.0,51.79,respublika-tatarstan-tatarstan,0,1,1,1.0,Красный
55.0,65.0,kurganskaia-oblast,1,0,1,0.0,Зелёный
55.0,73.28,omskaia-oblast,0,1,1,1.0,Красный
55.0,82.9,novosibirskaia-oblast,1,0,1,0.0,Зелёный
55.0,98.83,irkutskaia-oblast,1,0,1,0.0,Зелёный
55.02,60.25,cheliabinskaia-oblast,1,0,1,0.0,Зелёный
55.02,82.89,novosibirskaia-oblast,1,0,1,0.0,Зелёный
55.02,82.92,novosibirskaia-oblast,0,1,1,1.0,Красный
55.02,82.94,novosibirskaia-oblast,1,0,1,0.0,Зелёный
55.03,73.38,omskaia-oblast,0,1,1,1.0,Красный
55.04,37.73,moskovskaia-oblast,1,0,1,0.0,Зелёный
55.04,82.94,novosibirskaia-oblast,1,0,1,0.0,Зелёный
55.04,86.27,kemerovskaia-oblast-kuzbass,0,1,1,1.0,Красный
55.05,61.41,cheliabinskaia-oblast,1,0,1,0.0,Зелёный
55.05,82.91,novosibirskaia-oblast,1,0,1,0.0,Зелёный
55.05,83.08,novosibirskaia-oblast,1,0,1,0.0,Зелёный
55.07,82.94,novosibirskaia-oblast,1,0,1,0.0,Зелёный
55.08,21.65,kaliningradskaia-oblast,0,1,1,1.0,Красный
55.1,36.6,kaluzhskaia-oblast,1,0,1,0.0,Зелёный
55.12,37.14,moskva,0,1,1,1.0,Красный
55.12,54.81,respublika-bashkortostan,1,0,1,0.0,Зелёный
55.13,75.22,omskaia-oblast,0,1,1,1.0,Красный
55.15,61.41,cheliabinskaia-oblast,1,0,1,0.0,Зелёный
55.15,101.12,irkutskaia-oblast,0,1,1,1.0,Красный
55.16,61.38,cheliabinskaia-oblast,1,0,1,0.0,Зелёный
55.16,82.99,novosibirskaia-oblast,1,0,1,0.0,Зелёный
55.17,61.4,cheliabinskaia-oblast,1,0,1,0.0,Зелёный
55.18,37.5,moskovskaia-oblast,0,1,1,1.0,Красный
55.18,61.39,cheliabinskaia-oblast,1,0,1,0.0,Зелёный
55.22,67.35,kurganskaia-oblast,1,0,1,0.0,Зелёный
55.22,86.06,kemerovskaia-oblast-kuzbass,1,0,1,0.0,Зелёный
55.23,45.44,nizhegorodskaia-oblast,1,0,1,0.0,Зелёный
55.23,61.33,cheliabinskaia-oblast,0,1,1,1.0,Красный
55.26,37.54,moskovskaia-oblast,1,0,1,0.0,Зелёный
55.26,61.41,cheliabinskaia-oblast,1,0,1,0.0,Зелёный
55.26,73.53,omskaia-oblast,0,1,1,1.0,Красный
55.26,91.65,krasnoiarskii-krai,1,0,1,0.0,Зелёный
55.27,76.9,novosibirskaia-oblast,0,1,1,1.0,Красный
55.28,36.56,moskva,0,1,1,1.0,Красный
55.3,43.92,nizhegorodskaia-oblast,1,0,1,0.0,Зелёный
55.31,66.94,kurganskaia-oblast,0,1,1,1.0,Красный
55.32,37.56,moskovskaia-oblast,1,0,1,0.0,Зелёный
55.33,42.2,nizhegorodskaia-oblast,1,0,1,0.0,Зелёный
55.33,79.65,novosibirskaia-oblast,0,1,1,1.0,Красный
55.34,86.12,kemerovskaia-oblast-kuzbass,1,0,1,0.0,Зелёный
55.34,86.14,kemerovskaia-oblast-kuzbass,1,0,1,0.0,Зелёный
55.35,43.49,nizhegorodskaia-oblast,0,1,1,1.0,Красный
55.37,37.25,moskva,1,0,1,0.0,Зелёный
55.37,86.13,kemerovskaia-oblast-kuzbass,1,0,1,0.0,Зелёный
55.38,37.6,moskovskaia-oblast,1,0,1,0.0,Зелёный
55.38,43.74,nizhegorodskaia-oblast,1,0,1,0.0,Зелёный
55.39,86.03,kemerovskaia-oblast-kuzbass,1,0,1,0.0,Зелёный
55.4,37.81,moskovskaia-oblast,1,0,1,0.0,Зелёный
55.4,47.52,chuvashskaia-respublika-chuvashiia,0,1,1,1.0,Красный
55.4,65.39,kurganskaia-oblast,0,1,1,1.0,Красный
55.4,86.12,kemerovskaia-oblast-kuzbass,0,1,1,1.0,Красный
55.41,86.13,kemerovskaia-oblast-kuzbass,1,0,1,0.0,Зелёный
55.42,37.8,moskovskaia-oblast,0,1,1,1.0,Красный
55.43,37.87,moskovskaia-oblast,1,0,1,0.0,Зелёный
55.45,36.89,moskva,0,1,1,1.0,Красный
55.47,37.3,moskva,0,1,1,1.0,Красный
55.47,51.51,respublika-tatarstan-tatarstan,1,0,1,0.0,Зелёный
55.47,58.13,respublika-bashkortostan,0,1,1,1.0,Красный
55.49,37.31,moskva,1,0,1,0.0,Зелёный
55.51,33.47,smolenskaia-oblast,0,1,1,1.0,Красный
55.51,37.49,moskva,1,0,1,0.0,Зелёный
55.52,47.73,chuvashskaia-respublika-chuvashiia,1,0,1,0.0,Зелёный
55.53,37.52,moskva,1,0,1,0.0,Зелёный
55.53,58.27,respublika-bashkortostan,1,0,1,0.0,Зелёный
55.53,85.65,kemerovskaia-oblast-kuzbass,1,0,1,0.0,Зелёный
55.54,43.01,nizhegorodskaia-oblast,1,0,1,0.0,Зелёный
55.54,47.26,chuvashskaia-respublika-chuvashiia,1,0,1,0.0,Зелёный
55.56,35.02,smolenskaia-oblast,0,1,1,1.0,Красный
55.56,37.15,moskva,1,0,1,0.0,Зелёный
55.56,37.67,moskva,0,1,1,1.0,Красный
55.57,36.72,moskovskaia-oblast,1,0,1,0.0,Зелёный
55.57,37.67,moskva,0,1,1,1.0,Красный
55.57,42.05,vladimirskaia-oblast,1,0,1,0.0,Зелёный
55.58,37.76,moskovskaia-oblast,1,0,1,0.0,Зелёный
55.6,37.73,moskva,1,0,1,0.0,Зелёный
55.61,37.29,moskva,1,0,1,0.0,Зелёный
55.61,37.49,moskva,0,1,1,1.0,Красный
55.61,37.6,moskva,1,0,1,0.0,Зелёный
55.61,37.66,moskva,1,0,1,0.0,Зелёный
55.61,86.04,kemerovskaia-oblast-kuzbass,0,1,1,1.0,Красный
55.62,37.79,moskva,0,1,1,1.0,Красный
55.63,37.52,moskva,1,0,1,0.0,Зелёный
55.63,37.74,moskva,1,0,1,0.0,Зелёный
55.63,47.33,chuvashskaia-respublika-chuvashiia,0,1,1,1.0,Красный
55.64,37.52,moskva,1,0,1,0.0,Зелёный
55.64,37.69,moskva,0,1,1,1.0,Красный
55.65,51.37,respublika-tatarstan-tatarstan,1,0,1,0.0,Зелёный
55.66,37.62,moskva,1,0,1,0.0,Зелёный
55.66,49.31,respublika-tatarstan-tatarstan,1,0,1,0.0,Зелёный
55.67,37.28,moskovskaia-oblast,1,0,1,0.0,Зелёный
55.67,37.56,moskva,0,1,1,1.0,Красный
55.67,37.84,moskva,0,1,1,1.0,Красный
55.67,65.48,kurganskaia-oblast,1,0,1,0.0,Зелёный
55.68,37.19,moskovskaia-oblast,0,1,1,1.0,Красный
55.68,37.47,moskva,1,0,1,0.0,Зелёный
55.68,37.75,moskva,1,0,1,0.0,Зелёный
55.69,37.67,moskva,1,1,2,0.5,Жёлтый
55.7,37.61,moskva,1,0,1,0.0,Зелёный
55.7,37.75,moskva,1,0,1,0.0,Зелёный
55.71,37.39,moskva,0,1,1,1.0,Красный
55.71,37.59,moskva,1,0,1,0.0,Зелёный
55.71,37.62,moskva,1,0,1,0.0,Зелёный
55.72,36.39,moskovskaia-oblast,0,1,1,1.0,Красный
55.72,37.57,moskva,0,1,1,1.0,Красный
55.72,37.62,moskva,0,1,1,1.0,Красный
55.72,37.77,moskva,0,1,1,1.0,Красный
55.72,37.79,moskva,0,1,1,1.0,Красный
55.72,49.21,respublika-tatarstan-tatarstan,0,1,1,1.0,Красный
55.73,37.41,moskva,1,0,1,0.0,Зелёный
55.73,37.61,moskva,1,0,1,0.0,Зелёный
55.73,37.84,moskva,1,0,1,0.0,Зелёный
55.73,38.95,moskovskaia-oblast,1,0,1,0.0,Зелёный
55.75,37.57,moskva,0,1,1,1.0,Красный
55.75,37.58,moskva,0,1,1,1.0,Красный
55.75,37.59,moskva,1,0,1,0.0,Зелёный
55.75,37.84,moskva,0,1,1,1.0,Красный
55.75,37.93,moskovskaia-oblast,1,0,1,0.0,Зелёный
55.75,38.05,moskovskaia-oblast,0,1,1,1.0,Красный
55.75,52.24,respublika-tatarstan-tatarstan,0,1,1,1.0,Красный
55.76,37.74,moskva,0,1,1,1.0,Красный
55.76,37.81,moskva,1,0,1,0.0,Зелёный
55.76,37.84,moskva,1,0,1,0.0,Зелёный
55.76,37.86,moskovskaia-oblast,1,0,1,0.0,Зелёный
55.77,37.53,moskva,1,0,1,0.0,Зелёный
55.77,37.6,moskva,1,0,1,0.0,Зелёный
55.77,38.97,moskovskaia-oblast,1,0,1,0.0,Зелёный
55.78,37.56,moskva,1,0,1,0.0,Зелёный
55.78,37.67,moskva,1,0,1,0.0,Зелёный
55.79,37.49,moskva,0,1,1,1.0,Красный
55.79,37.95,moskovskaia-oblast,1,0,1,0.0,Зелёный
55.8,30.52,pskovskaia-oblast,0,1,1,1.0,Красный
55.8,37.75,moskva,1,0,1,0.0,Зелёный
55.8,37.84,moskva,1,0,1,0.0,Зелёный
55.8,49.12,respublika-tatarstan-tatarstan,1,0,1,0.0,Зелёный
55.8,49.22,respublika-tatarstan-tatarstan,1,0,1,0.0,Зелёный
55.81,37.33,moskovskaia-oblast,1,0,1,0.0,Зелёный
55.81,37.48,moskva,1,0,1,0.0,Зелёный
55.81,47.6,chuvashskaia-respublika-chuvashiia,1,0,1,0.0,Зелёный
55.81,86.04,kemerovskaia-oblast-kuzbass,1,0,1,0.0,Зелёный
55.82,37.73,moskva,0,1,1,1.0,Красный
55.82,37.87,moskva,1,0,1,0.0,Зелёный
55.83,37.64,moskva,1,0,1,0.0,Зелёный
55.83,37.72,moskva,1,0,1,0.0,Зелёный
55.83,49.02,respublika-tatarstan-tatarstan,1,0,1,0.0,Зелёный
55.83,49.09,respublika-tatarstan-tatarstan,0,1,1,1.0,Красный
55.84,36.64,kaluzhskaia-oblast,1,0,1,0.0,Зелёный
55.84,37.29,moskovskaia-oblast,0,1,1,1.0,Красный
55.84,37.48,moskva,1,0,1,0.0,Зелёный
55.84,48.94,respublika-tatarstan-tatarstan,1,0,1,0.0,Зелёный
55.85,37.43,moskva,1,0,1,0.0,Зелёный
55.85,37.5,moskva,1,0,1,0.0,Зелёный
55.85,37.59,moskva,1,0,1,0.0,Зелёный
55.86,37.35,moskva,1,0,1,0.0,Зелёный
55.86,38.47,moskovskaia-oblast,1,0,1,0.0,Зелёный
55.87,38.78,moskovskaia-oblast,1,0,1,0.0,Зелёный
55.87,47.46,chuvashskaia-respublika-chuvashiia,1,0,1,0.0,Зелёный
55.88,37.72,moskva,0,1,1,1.0,Красный
55.88,87.2,kemerovskaia-oblast-kuzbass,0,1,1,1.0,Красный
55.88,99.34,irkutskaia-oblast,0,1,1,1.0,Красный
55.89,37.54,moskva,1,0,1,0.0,Зелёный
55.9,37.37,moskva,1,0,1,0.0,Зелёный
55.9,37.54,moskva,0,1,1,1.0,Красный
55.91,37.55,moskva,0,1,1,1.0,Красный
55.91,69.34,tiumenskaia-oblast,0,1,1,1.0,Красный
55.97,48.61,respublika-marii-el,1,0,1,0.0,Зелёный
55.98,37.15,moskva,1,0,1,0.0,Зелёный
55.99,59.24,cheliabinskaia-oblast,1,0,1,0.0,Зелёный
55.99,92.89,krasnoiarskii-krai,1,0,1,0.0,Зелёный
56.0,60.0,sverdlovskaia-oblast,1,0,1,0.0,Зелёный
56.01,92.77,krasnoiarskii-krai,1,0,1,0.0,Зелёный
56.01,92.88,krasnoiarskii-krai,1,0,1,0.0,Зелёный
56.02,46.24,chuvashskaia-respublika-chuvashiia,1,0,1,0.0,Зелёный
56.02,47.32,chuvashskaia-respublika-chuvashiia,1,0,1,0.0,Зелёный
56.02,92.74,krasnoiarskii-krai,0,1,1,1.0,Красный
56.03,44.55,nizhegorodskaia-oblast,1,0,1,0.0,Зелёный
56.03,92.92,krasnoiarskii-krai,1,0,1,0.0,Зелёный
56.04,47.33,chuvashskaia-respublika-chuvashiia,1,0,1,0.0,Зелёный
56.04,48.02,respublika-marii-el,0,1,1,1.0,Красный
56.04,92.62,krasnoiarskii-krai,1,0,1,0.0,Зелёный
56.05,92.91,krasnoiarskii-krai,1,0,1,0.0,Зелёный
56.06,92.87,krasnoiarskii-krai,0,1,1,1.0,Красный
56.08,92.76,krasnoiarskii-krai,1,0,1,0.0,Зелёный
56.1,43.59,nizhegorodskaia-oblast,0,1,1,1.0,Красный
56.1,47.26,chuvashskaia-respublika-chuvashiia,1,0,1,0.0,Зелёный
56.1,94.59,krasnoiarskii-krai,1,0,1,0.0,Зелёный
56.11,47.46,chuvashskaia-respublika-chuvashiia,0,1,1,1.0,Красный
56.11,63.68,kurganskaia-oblast,1,0,1,0.0,Зелёный
56.13,47.34,chuvashskaia-respublika-chuvashiia,1,0,1,0.0,Зелёный
56.14,40.36,vladimirskaia-oblast,0,1,1,1.0,Красный
56.14,47.17,chuvashskaia-respublika-chuvashiia,2,0,2,0.0,Зелёный
56.14,47.2,chuvashskaia-respublika-chuvashiia,1,0,1,0.0,Зелёный
56.14,63.59,kurganskaia-oblast,1,0,1,0.0,Зелёный
56.16,40.37,vladimirskaia-oblast,1,0,1,0.0,Зелёный
56.16,63.36,kurganskaia-oblast,1,0,1,0.0,Зелёный
56.17,40.39,vladimirskaia-oblast,1,0,1,0.0,Зелёный
56.18,36.85,moskovskaia-oblast,1,0,1,0.0,Зелёный
56.19,42.69,vladimirskaia-oblast,0,1,1,1.0,Красный
56.2,91.74,krasnoiarskii-krai,1,0,1,0.0,Зелёный
56.21,48.24,respublika-marii-el,1,0,1,0.0,Зелёный
56.21,96.12,krasnoiarskii-krai,0,1,1,1.0,Красный
56.22,42.24,vladimirskaia-oblast,0,1,1,1.0,Красный
56.22,43.83,nizhegorodskaia-oblast,0,1,1,1.0,Красный
56.23,36.92,moskovskaia-oblast,0,1,1,1.0,Красный
56.23,41.71,vladimirskaia-oblast,1,0,1,0.0,Зелёный
56.23,43.44,nizhegorodskaia-oblast,0,1,1,1.0,Красный
56.23,43.47,nizhegorodskaia-oblast,1,0,1,0.0,Зелёный
56.23,44.1,nizhegorodskaia-oblast,0,1,1,1.0,Красный
56.23,46.23,respublika-marii-el,1,0,1,0.0,Зелёный
56.23,101.64,irkutskaia-oblast,0,1,1,1.0,Красный
56.24,38.89,vladimirskaia-oblast,0,1,1,1.0,Красный
56.24,86.37,kemerovskaia-oblast-kuzbass,1,0,1,0.0,Зелёный
56.24,95.7,krasnoiarskii-krai,1,0,1,0.0,Зелёный
56.25,38.16,moskovskaia-oblast,1,0,1,0.0,Зелёный
56.28,37.19,moskovskaia-oblast,0,1,1,1.0,Красный
56.28,44.04,nizhegorodskaia-oblast,1,0,1,0.0,Зелёный
56.29,43.21,nizhegorodskaia-oblast,1,0,1,0.0,Зелёный
56.3,31.05,pskovskaia-oblast,0,1,1,1.0,Красный
56.3,34.27,tverskaia-oblast,1,0,1,0.0,Зелёный
56.3,43.92,nizhegorodskaia-oblast,1,0,1,0.0,Зелёный
56.3,101.67,irkutskaia-oblast,0,1,1,1.0,Красный
56.31,31.13,pskovskaia-oblast,0,1,1,1.0,Красный
56.31,44.08,nizhegorodskaia-oblast,1,0,1,0.0,Зелёный
56.32,43.93,nizhegorodskaia-oblast,1,0,1,0.0,Зелёный
56.32,44.01,nizhegorodskaia-oblast,1,0,1,0.0,Зелёный
56.32,44.03,nizhegorodskaia-oblast,1,0,1,0.0,Зелёный
56.32,48.26,respublika-marii-el,1,0,1,0.0,Зелёный
56.32,62.35,kurganskaia-oblast,0,1,1,1.0,Красный
56.33,44.02,nizhegorodskaia-oblast,1,0,1,0.0,Зелёный
56.38,43.83,nizhegorodskaia-oblast,1,0,1,0.0,Зелёный
56.39,68.39,tiumenskaia-oblast,1,0,1,0.0,Зелёный
56.39,101.61,irkutskaia-oblast,0,1,1,1.0,Красный
56.4,60.88,sverdlovskaia-oblast,0,1,1,1.0,Красный
56.45,52.22,udmurtskaia-respublika,0,1,1,1.0,Красный
56.47,85.0,tomskaia-oblast,0,1,1,1.0,Красный
56.48,53.82,udmurtskaia-respublika,1,0,1,0.0,Зелёный
56.5,66.56,tiumenskaia-oblast,1,0,1,0.0,Зелёный
56.5,84.99,tomskaia-oblast,1,0,1,0.0,Зелёный
56.53,39.6,vladimirskaia-oblast,1,0,1,0.0,Зелёный
56.53,56.08,permskii-krai,0,1,1,1.0,Красный
56.53,84.98,tomskaia-oblast,1,0,1,0.0,Зелёный
56.56,84.97,tomskaia-oblast,1,0,1,0.0,Зелёный
56.59,84.9,tomskaia-oblast,1,0,1,0.0,Зелёный
56.63,47.79,respublika-marii-el,3,0,3,0.0,Зелёный
56.63,47.9,respublika-marii-el,1,0,1,0.0,Зелёный
56.64,47.83,respublika-marii-el,0,1,1,1.0,Красный
56.64,47.89,respublika-marii-el,1,0,1,0.0,Зелёный
56.65,47.89,respublika-marii-el,1,0,1,0.0,Зелёный
56.67,43.63,nizhegorodskaia-oblast,1,0,1,0.0,Зелёный
56.73,42.88,nizhegorodskaia-oblast,1,0,1,0.0,Зелёный
56.74,56.16,permskii-krai,1,0,1,0.0,Зелёный
56.74,57.85,sverdlovskaia-oblast,1,0,1,0.0,Зелёный
56.76,54.12,permskii-krai,1,0,1,0.0,Зелёный
56.78,60.89,sverdlovskaia-oblast,0,1,1,1.0,Красный
56.78,61.26,sverdlovskaia-oblast,1,0,1,0.0,Зелёный
56.8,60.79,sverdlovskaia-oblast,1,0,1,0.0,Зелёный
56.81,60.78,sverdlovskaia-oblast,0,1,1,1.0,Красный
56.82,28.69,pskovskaia-oblast,0,1,1,1.0,Красный
56.82,35.82,tverskaia-oblast,0,1,1,1.0,Красный
56.82,53.17,udmurtskaia-respublika,1,0,1,0.0,Зелёный
56.82,53.21,udmurtskaia-respublika,0,1,1,1.0,Красный
56.82,60.59,sverdlovskaia-oblast,1,0,1,0.0,Зелёный
56.83,35.9,tverskaia-oblast,0,1,1,1.0,Красный
56.83,48.93,respublika-marii-el,1,0,1,0.0,Зелёный
56.83,60.56,sverdlovskaia-oblast,0,1,1,1.0,Красный
56.83,60.67,sverdlovskaia-oblast,0,1,1,1.0,Красный
56.84,47.54,respublika-marii-el,1,0,1,0.0,Зелёный
56.84,53.25,udmurtskaia-respublika,1,0,1,0.0,Зелёный
56.86,35.92,tverskaia-oblast,0,1,1,1.0,Красный
56.86,53.3,udmurtskaia-respublika,1,0,1,0.0,Зелёный
56.87,35.91,tverskaia-oblast,0,1,1,1.0,Красный
56.89,60.61,sverdlovskaia-oblast,0,1,1,1.0,Красный
56.9,65.87,tiumenskaia-oblast,1,0,1,0.0,Зелёный
56.91,35.82,tverskaia-oblast,0,1,1,1.0,Красный
56.91,53.36,udmurtskaia-respublika,1,0,1,0.0,Зелёный
56.93,60.51,sverdlovskaia-oblast,0,1,1,1.0,Красный
56.98,41.01,ivanovskaia-oblast,1,0,1,0.0,Зелёный
56.99,40.99,ivanovskaia-oblast,1,0,1,0.0,Зелёный
57.0,28.61,pskovskaia-oblast,0,1,1,1.0,Красный
57.05,34.96,tverskaia-oblast,0,1,1,1.0,Красный
57.05,39.29,iaroslavskaia-oblast,1,0,1,0.0,Зелёный
57.07,43.79,nizhegorodskaia-oblast,1,0,1,0.0,Зелёный
57.08,29.74,pskovskaia-oblast,1,0,1,0.0,Зелёный
57.09,65.69,tiumenskaia-oblast,1,0,1,0.0,Зелёный
57.1,65.56,tiumenskaia-oblast,0,1,1,1.0,Красный
57.11,65.6,tiumenskaia-oblast,1,0,1,0.0,Зелёный
57.12,65.61,tiumenskaia-oblast,0,1,1,1.0,Красный
57.13,65.56,tiumenskaia-oblast,1,0,1,0.0,Зелёный
57.14,39.1,iaroslavskaia-oblast,1,0,1,0.0,Зелёный
57.14,53.97,udmurtskaia-respublika,1,0,1,0.0,Зелёный
57.14,65.52,tiumenskaia-oblast,1,0,1,0.0,Зелёный
57.17,40.5,ivanovskaia-oblast,0,1,1,1.0,Красный
57.21,41.11,ivanovskaia-oblast,1,0,1,0.0,Зелёный
57.22,53.98,udmurtskaia-respublika,0,1,1,1.0,Красный
57.29,47.59,kirovskaia-oblast,1,0,1,0.0,Зелёный
57.29,52.69,udmurtskaia-respublika,1,0,1,0.0,Зелёный
57.43,67.07,tiumenskaia-oblast,1,0,1,0.0,Зелёный
57.51,34.55,tverskaia-oblast,1,0,1,0.0,Зелёный
57.56,39.82,iaroslavskaia-oblast,1,0,1,0.0,Зелёный
57.58,39.83,iaroslavskaia-oblast,0,1,1,1.0,Красный
57.6,56.53,permskii-krai,1,0,1,0.0,Зелёный
57.61,39.9,iaroslavskaia-oblast,1,0,1,0.0,Зелёный
57.62,46.35,nizhegorodskaia-oblast,0,1,1,1.0,Красный
57.62,56.39,permskii-krai,1,0,1,0.0,Зелёный
57.63,39.87,iaroslavskaia-oblast,1,0,1,0.0,Зелёный
57.67,39.84,iaroslavskaia-oblast,1,0,1,0.0,Зелёный
57.7,40.09,iaroslavskaia-oblast,1,0,1,0.0,Зелёный
57.74,50.09,kirovskaia-oblast,1,0,1,0.0,Зелёный
57.75,40.91,kostromskaia-oblast,1,0,1,0.0,Зелёный
57.76,40.97,kostromskaia-oblast,1,0,1,0.0,Зелёный
57.78,40.96,kostromskaia-oblast,1,0,1,0.0,Зелёный
57.8,28.33,pskovskaia-oblast,0,1,1,1.0,Красный
57.87,54.75,permskii-krai,1,0,1,0.0,Зелёный
57.89,125.47,respublika-sakha-iakutiia,0,1,1,1.0,Красный
57.91,56.31,permskii-krai,1,0,1,0.0,Зелёный
57.91,59.95,sverdlovskaia-oblast,1,0,1,0.0,Зелёный
57.91,59.96,sverdlovskaia-oblast,1,0,1,0.0,Зелёный
57.91,60.18,sverdlovskaia-oblast,1,0,1,0.0,Зелёный
57.92,38.45,iaroslavskaia-oblast,1,0,1,0.0,Зелёный
57.99,56.22,permskii-krai,1,0,1,0.0,Зелёный
58.0,56.0,permskii-krai,1,0,1,0.0,Зелёный
58.0,56.18,permskii-krai,0,1,1,1.0,Красный
58.02,56.05,permskii-krai,0,1,1,1.0,Красный
58.02,56.29,permskii-krai,1,0,1,0.0,Зелёный
58.04,38.81,iaroslavskaia-oblast,1,0,1,0.0,Зелёный
58.04,56.2,permskii-krai,1,0,1,0.0,Зелёный
58.06,52.91,udmurtskaia-respublika,1,0,1,0.0,Зелёный
58.08,56.43,permskii-krai,0,1,1,1.0,Красный
58.09,56.37,permskii-krai,1,0,1,0.0,Зелёный
58.12,41.6,kostromskaia-oblast,1,0,1,0.0,Зелёный
58.13,56.38,permskii-krai,1,0,1,0.0,Зелёный
58.16,49.24,kirovskaia-oblast,1,0,1,0.0,Зелёный
58.19,54.99,permskii-krai,1,0,1,0.0,Зелёный
58.25,57.05,permskii-krai,0,1,1,1.0,Красный
58.26,54.88,permskii-krai,0,1,1,1.0,Красный
58.28,56.42,permskii-krai,0,1,1,1.0,Красный
58.36,31.04,novgorodskaia-oblast,0,1,1,1.0,Красный
58.36,45.95,kostromskaia-oblast,1,0,1,0.0,Зелёный
58.37,32.06,novgorodskaia-oblast,1,0,1,0.0,Зелёный
58.39,33.29,novgorodskaia-oblast,0,1,1,1.0,Красный
58.4,29.71,pskovskaia-oblast,1,0,1,0.0,Зелёный
58.4,45.48,kostromskaia-oblast,1,0,1,0.0,Зелёный
58.5,49.62,kirovskaia-oblast,1,0,1,0.0,Зелёный
58.51,49.63,kirovskaia-oblast,1,0,1,0.0,Зелёный
58.52,31.25,novgorodskaia-oblast,1,0,1,0.0,Зелёный
58.54,31.7,novgorodskaia-oblast,1,0,1,0.0,Зелёный
58.58,49.59,kirovskaia-oblast,1,0,1,0.0,Зелёный
58.61,49.67,kirovskaia-oblast,1,0,1,0.0,Зелёный
58.62,49.63,kirovskaia-oblast,1,0,1,0.0,Зелёный
58.64,49.59,kirovskaia-oblast,1,0,1,0.0,Зелёный
58.64,59.79,sverdlovskaia-oblast,1,0,1,0.0,Зелёный
58.65,56.65,permskii-krai,1,0,1,0.0,Зелёный
58.72,50.18,kirovskaia-oblast,1,0,1,0.0,Зелёный
58.83,125.53,respublika-sakha-iakutiia,0,1,1,1.0,Красный
58.84,54.69,permskii-krai,0,1,1,1.0,Красный
58.86,57.57,permskii-krai,0,1,1,1.0,Красный
58.88,40.28,vologodskaia-oblast,1,0,1,0.0,Зелёный
58.91,40.24,vologodskaia-oblast,0,1,1,1.0,Красный
59.04,51.03,kirovskaia-oblast,1,0,1,0.0,Зелёный
59.04,51.94,kirovskaia-oblast,0,1,1,1.0,Красный
59.12,37.89,vologodskaia-oblast,1,0,1,0.0,Зелёный
59.18,56.78,permskii-krai,1,0,1,0.0,Зелёный
59.19,39.92,vologodskaia-oblast,1,0,1,0.0,Зелёный
59.22,39.93,vologodskaia-oblast,1,0,1,0.0,Зелёный
59.31,36.96,vologodskaia-oblast,1,0,1,0.0,Зелёный
59.33,60.46,sverdlovskaia-oblast,0,1,1,1.0,Красный
59.39,49.02,kirovskaia-oblast,1,0,1,0.0,Зелёный
59.4,56.83,permskii-krai,1,0,1,0.0,Зелёный
59.44,56.85,permskii-krai,0,1,1,1.0,Красный
59.47,33.83,leningradskaia-oblast,1,0,1,0.0,Зелёный
59.47,34.57,leningradskaia-oblast,0,1,1,1.0,Красный
59.51,30.37,leningradskaia-oblast,1,0,1,0.0,Зелёный
59.56,30.98,leningradskaia-oblast,0,1,1,1.0,Красный
59.56,150.81,magadanskaia-oblast,1,0,1,0.0,Зелёный
59.56,150.82,magadanskaia-oblast,1,0,1,0.0,Зелёный
59.57,30.67,leningradskaia-oblast,1,0,1,0.0,Зелёный
59.6,38.9,vologodskaia-oblast,0,1,1,1.0,Красный
59.6,60.54,sverdlovskaia-oblast,1,0,1,0.0,Зелёный
59.61,60.58,sverdlovskaia-oblast,1,0,1,0.0,Зелёный
59.63,33.48,leningradskaia-oblast,1,0,1,0.0,Зелёный
59.7,41.98,vologodskaia-oblast,1,0,1,0.0,Зелёный
59.73,30.54,sankt-peterburg,0,1,1,1.0,Красный
59.73,127.2,respublika-sakha-iakutiia,0,1,1,1.0,Красный
59.74,30.61,sankt-peterburg,1,0,1,0.0,Зелёный
59.8,30.32,sankt-peterburg,1,0,1,0.0,Зелёный
59.81,30.31,sankt-peterburg,1,0,1,0.0,Зелёный
59.83,30.29,sankt-peterburg,1,0,1,0.0,Зелёный
59.83,30.37,sankt-peterburg,1,0,1,0.0,Зелёный
59.83,30.51,sankt-peterburg,1,0,1,0.0,Зелёный
59.85,30.26,sankt-peterburg,1,0,1,0.0,Зелёный
59.85,30.32,sankt-peterburg,1,0,1,0.0,Зелёный
59.86,30.25,sankt-peterburg,1,0,1,0.0,Зелёный
59.86,30.48,sankt-peterburg,0,1,1,1.0,Красный
59.87,30.43,sankt-peterburg,1,0,1,0.0,Зелёный
59.87,30.53,leningradskaia-oblast,1,0,1,0.0,Зелёный
59.88,30.47,sankt-peterburg,0,1,1,1.0,Красный
59.89,30.52,leningradskaia-oblast,1,0,1,0.0,Зелёный
59.9,30.57,leningradskaia-oblast,1,0,1,0.0,Зелёный
59.91,30.3,sankt-peterburg,1,0,1,0.0,Зелёный
59.92,30.28,sankt-peterburg,0,1,1,1.0,Красный
59.92,77.18,tomskaia-oblast,1,0,1,0.0,Зелёный
59.94,30.41,sankt-peterburg,1,0,1,0.0,Зелёный
59.94,30.42,sankt-peterburg,1,0,1,0.0,Зелёный
59.95,30.41,sankt-peterburg,1,0,1,0.0,Зелёный
59.96,30.36,sankt-peterburg,1,0,1,0.0,Зелёный
59.97,30.41,sankt-peterburg,1,0,1,0.0,Зелёный
59.98,30.32,sankt-peterburg,1,0,1,0.0,Зелёный
59.99,30.23,sankt-peterburg,1,0,1,0.0,Зелёный
59.99,30.52,sankt-peterburg,0,1,1,1.0,Красный
60.01,30.25,sankt-peterburg,1,0,1,0.0,Зелёный
60.01,30.32,sankt-peterburg,0,1,1,1.0,Красный
60.04,30.43,sankt-peterburg,1,0,1,0.0,Зелёный
60.09,30.36,leningradskaia-oblast,1,0,1,0.0,Зелёный
60.1,29.95,sankt-peterburg,1,0,1,0.0,Зелёный
60.17,47.72,kirovskaia-oblast,0,1,1,1.0,Красный
60.23,72.14,khanty-mansiiskii-avtonomnyi-okrug-iugra,1,0,1,0.0,Зелёный
60.24,43.58,vologodskaia-oblast,0,1,1,1.0,Красный
60.54,34.16,leningradskaia-oblast,0,1,1,1.0,Красный
60.61,60.21,sverdlovskaia-oblast,1,0,1,0.0,Зелёный
60.79,28.7,leningradskaia-oblast,1,0,1,0.0,Зелёный
60.86,71.49,khanty-mansiiskii-avtonomnyi-okrug-iugra,1,0,1,0.0,Зелёный
60.91,30.16,leningradskaia-oblast,0,1,1,1.0,Красный
60.91,73.16,khanty-mansiiskii-avtonomnyi-okrug-iugra,0,1,1,1.0,Красный
60.94,71.08,khanty-mansiiskii-avtonomnyi-okrug-iugra,1,0,1,0.0,Зелёный
60.97,69.02,khanty-mansiiskii-avtonomnyi-okrug-iugra,1,0,1,0.0,Зелёный
60.99,68.98,khanty-mansiiskii-avtonomnyi-okrug-iugra,1,0,1,0.0,Зелёный
61.0,70.67,khanty-mansiiskii-avtonomnyi-okrug-iugra,1,0,1,0.0,Зелёный
61.0,70.7,khanty-mansiiskii-avtonomnyi-okrug-iugra,0,1,1,1.0,Красный
61.01,69.0,khanty-mansiiskii-avtonomnyi-okrug-iugra,0,1,1,1.0,Красный
61.12,149.63,magadanskaia-oblast,1,0,1,0.0,Зелёный
61.15,33.04,respublika-kareliia,1,0,1,0.0,Зелёный
61.25,46.97,arkhangelskaia-oblast,0,1,1,1.0,Красный
61.25,75.18,khanty-mansiiskii-avtonomnyi-okrug-iugra,0,1,1,1.0,Красный
61.29,73.36,khanty-mansiiskii-avtonomnyi-okrug-iugra,1,0,1,0.0,Зелёный
61.3,63.64,khanty-mansiiskii-avtonomnyi-okrug-iugra,0,1,1,1.0,Красный
61.44,29.98,respublika-kareliia,1,0,1,0.0,Зелёный
61.48,34.23,respublika-kareliia,1,0,1,0.0,Зелёный
61.51,42.11,arkhangelskaia-oblast,1,0,1,0.0,Зелёный
61.52,31.59,respublika-kareliia,0,1,1,1.0,Красный
61.55,50.61,respublika-komi,1,0,1,0.0,Зелёный
61.59,129.17,respublika-sakha-iakutiia,1,0,1,0.0,Зелёный
61.61,45.72,arkhangelskaia-oblast,1,0,1,0.0,Зелёный
61.65,50.88,respublika-komi,1,0,1,0.0,Зелёный
61.7,34.53,respublika-kareliia,0,1,1,1.0,Красный
61.75,50.77,respublika-komi,1,0,1,0.0,Зелёный
61.77,34.38,respublika-kareliia,1,0,1,0.0,Зелёный
61.8,34.28,respublika-kareliia,2,0,2,0.0,Зелёный
61.8,51.12,respublika-komi,1,0,1,0.0,Зелёный
61.85,34.18,respublika-kareliia,1,0,1,0.0,Зелёный
61.97,30.57,respublika-kareliia,1,0,1,0.0,Зелёный
62.02,129.68,respublika-sakha-iakutiia,1,0,1,0.0,Зелёный
62.03,129.74,respublika-sakha-iakutiia,1,0,1,0.0,Зелёный
62.03,129.75,respublika-sakha-iakutiia,0,1,1,1.0,Красный
62.07,129.75,respublika-sakha-iakutiia,1,0,1,0.0,Зелёный
62.16,117.64,respublika-sakha-iakutiia,1,0,1,0.0,Зелёный
62.56,35.7,respublika-kareliia,0,1,1,1.0,Красный
62.92,34.38,respublika-kareliia,1,0,1,0.0,Зелёный
63.55,53.9,respublika-komi,1,0,1,0.0,Зелёный
63.58,34.22,respublika-kareliia,1,0,1,0.0,Зелёный
63.75,75.78,iamalo-nenetskii-avtonomnyi-okrug,1,0,1,0.0,Зелёный
63.84,41.56,arkhangelskaia-oblast,1,0,1,0.0,Зелёный
64.1,121.74,respublika-sakha-iakutiia,0,1,1,1.0,Красный
64.31,40.34,arkhangelskaia-oblast,1,0,1,0.0,Зелёный
64.35,76.23,iamalo-nenetskii-avtonomnyi-okrug,1,0,1,0.0,Зелёный
64.38,77.52,iamalo-nenetskii-avtonomnyi-okrug,1,0,1,0.0,Зелёный
64.41,40.74,arkhangelskaia-oblast,1,0,1,0.0,Зелёный
64.45,76.56,iamalo-nenetskii-avtonomnyi-okrug,0,1,1,1.0,Красный
64.56,40.56,arkhangelskaia-oblast,1,0,1,0.0,Зелёный
64.58,39.86,arkhangelskaia-oblast,0,1,1,1.0,Красный
65.0,56.95,respublika-komi,1,0,1,0.0,Зелёный
65.86,75.24,iamalo-nenetskii-avtonomnyi-okrug,0,1,1,1.0,Красный
66.01,71.19,iamalo-nenetskii-avtonomnyi-okrug,1,0,1,0.0,Зелёный
66.08,76.53,iamalo-nenetskii-avtonomnyi-okrug,1,0,1,0.0,Зелёный
66.09,76.62,iamalo-nenetskii-avtonomnyi-okrug,1,0,1,0.0,Зелёный
66.11,76.67,iamalo-nenetskii-avtonomnyi-okrug,1,0,1,0.0,Зелёный
66.11,76.69,iamalo-nenetskii-avtonomnyi-okrug,1,0,1,0.0,Зелёный
66.53,66.62,iamalo-nenetskii-avtonomnyi-okrug,1,0,1,0.0,Зелёный
66.54,67.78,iamalo-nenetskii-avtonomnyi-okrug,1,0,1,0.0,Зелёный
66.65,32.77,murmanskaia-oblast,1,0,1,0.0,Зелёный
66.67,32.76,murmanskaia-oblast,1,0,1,0.0,Зелёный
66.76,65.97,iamalo-nenetskii-avtonomnyi-okrug,1,0,1,0.0,Зелёный
66.8,34.15,murmanskaia-oblast,1,0,1,0.0,Зелёный
66.86,70.84,iamalo-nenetskii-avtonomnyi-okrug,1,0,1,0.0,Зелёный
67.5,64.04,respublika-komi,1,0,1,0.0,Зелёный
67.59,33.44,murmanskaia-oblast,1,0,1,0.0,Зелёный
67.64,52.99,nenetskii-avtonomnyi-okrug,0,1,1,1.0,Красный
67.7,32.83,murmanskaia-oblast,1,0,1,0.0,Зелёный
67.73,80.65,iamalo-nenetskii-avtonomnyi-okrug,1,0,1,0.0,Зелёный
68.14,33.91,murmanskaia-oblast,1,0,1,0.0,Зелёный
68.59,62.65,nenetskii-avtonomnyi-okrug,1,0,1,0.0,Зелёный
68.87,33.13,murmanskaia-oblast,1,0,1,0.0,Зелёный
68.88,33.02,murmanskaia-oblast,1,0,1,0.0,Зелёный
68.92,33.1,murmanskaia-oblast,0,1,1,1.0,Красный
68.95,33.11,murmanskaia-oblast,1,0,1,0.0,Зелёный
68.96,33.07,murmanskaia-oblast,1,0,1,0.0,Зелёный
68.97,33.08,murmanskaia-oblast,1,0,1,0.0,Зелёный
69.01,33.09,murmanskaia-oblast,1,0,1,0.0,Зелёный
69.04,32.92,murmanskaia-oblast,1,0,1,0.0,Зелёный
69.05,69.05,khanty-mansiiskii-avtonomnyi-okrug-iugra,1,0,1,0.0,Зелёный
69.1,76.87,iamalo-nenetskii-avtonomnyi-okrug,0,1,1,1.0,Красный
69.34,88.25,krasnoiarskii-krai,1,0,1,0.0,Зелёный
69.35,87.75,krasnoiarskii-krai,0,1,1,1.0,Красный
69.36,32.15,murmanskaia-oblast,1,0,1,0.0,Зелёный
69.36,88.18,krasnoiarskii-krai,1,0,1,0.0,Зелёный
69.42,30.83,murmanskaia-oblast,0,1,1,1.0,Красный
69.48,88.39,krasnoiarskii-krai,1,0,1,0.0,Зелёный
69.5,31.13,murmanskaia-oblast,1,0,1,0.0,Зелёный
75.12,63.48,iamalo-nenetskii-avtonomnyi-okrug,0,1,1,1.0,Красный
