lat_round,lon_round,region,Лёгкий,Опасный,total,danger_ratio,level
0.01,0.01,lipetskaia-oblast,0,1,1,1.0,Красный
40.68,51.73,voronezhskaia-oblast,0,1,1,1.0,Красный
43.0,43.0,kabardino-balkarskaia-respublika,1,0,1,0.0,Зелёный
43.13,44.51,respublika-severnaia-osetiia-alaniia,0,1,1,1.0,Красный
43.18,44.3,respublika-severnaia-osetiia-alaniia,1,0,1,0.0,Зелёный
43.18,45.63,chechenskaia-respublika,0,1,1,1.0,Красный
43.22,44.52,respublika-severnaia-osetiia-alaniia,0,1,1,1.0,Красный
43.32,44.42,respublika-severnaia-osetiia-alaniia,0,1,1,1.0,Красный
43.48,44.11,kabardino-balkarskaia-respublika,0,1,1,1.0,Красный
43.55,41.1,karachaevo-cherkesskaia-respublika,0,1,1,1.0,Красный
43.64,43.93,kabardino-balkarskaia-respublika,0,1,1,1.0,Красный
43.85,44.04,kabardino-balkarskaia-respublika,0,1,1,1.0,Красный
43.86,43.25,kabardino-balkarskaia-respublika,0,1,1,1.0,Красный
44.11,41.32,krasnodarskii-krai,0,1,1,1.0,Красный
44.21,42.66,stavropolskii-krai,0,1,1,1.0,Красный
44.24,41.72,krasnodarskii-krai,0,1,1,1.0,Красный
44.28,44.56,stavropolskii-krai,0,1,1,1.0,Красный
44.5,41.58,krasnodarskii-krai,0,1,1,1.0,Красный
44.55,41.02,krasnodarskii-krai,0,1,1,1.0,Красный
44.69,40.87,krasnodarskii-krai,0,1,1,1.0,Красный
44.73,43.0,stavropolskii-krai,0,1,1,1.0,Красный
44.77,41.78,stavropolskii-krai,0,1,1,1.0,Красный
44.79,43.15,stavropolskii-krai,0,1,1,1.0,Красный
44.81,41.77,stavropolskii-krai,0,1,1,1.0,Красный
44.85,40.34,respublika-adygeia-adygeia,1,0,1,0.0,Зелёный
44.88,40.35,respublika-adygeia-adygeia,0,1,1,1.0,Красный
45.03,41.93,stavropolskii-krai,1,0,1,0.0,Зелёный
45.12,42.0,stavropolskii-krai,1,0,1,0.0,Зелёный
45.15,42.1,stavropolskii-krai,0,1,1,1.0,Красный
45.36,40.18,krasnodarskii-krai,1,0,1,0.0,Зелёный
45.36,40.87,krasnodarskii-krai,0,1,1,1.0,Красный
45.43,41.54,stavropolskii-krai,0,1,1,1.0,Красный
45.44,44.07,stavropolskii-krai,0,1,1,1.0,Красный
45.45,41.32,stavropolskii-krai,0,1,1,1.0,Красный
45.49,41.96,stavropolskii-krai,0,1,1,1.0,Красный
45.49,42.31,stavropolskii-krai,0,1,1,1.0,Красный
45.62,41.39,stavropolskii-krai,1,0,1,0.0,Зелёный
45.62,41.94,stavropolskii-krai,0,1,1,1.0,Красный
45.78,39.26,krasnodarskii-krai,0,1,1,1.0,Красный
46.17,40.28,krasnodarskii-krai,0,1,1,1.0,Красный
46.68,38.6,krasnodarskii-krai,0,1,1,1.0,Красный
47.36,42.24,rostovskaia-oblast,0,1,1,1.0,Красный
47.66,41.35,rostovskaia-oblast,1,0,1,0.0,Зелёный
49.93,40.56,voronezhskaia-oblast,1,0,1,0.0,Зелёный
49.96,40.59,voronezhskaia-oblast,0,1,1,1.0,Красный
50.72,38.65,belgorodskaia-oblast,0,1,1,1.0,Красный
50.8,81.52,altaiskii-krai,0,1,1,1.0,Красный
51.02,82.0,altaiskii-krai,1,0,1,0.0,Зелёный
51.05,37.2,belgorodskaia-oblast,0,1,1,1.0,Красный
51.07,39.73,voronezhskaia-oblast,1,0,1,0.0,Зелёный
51.1,37.68,belgorodskaia-oblast,1,0,1,0.0,Зелёный
51.17,36.0,kurskaia-oblast,0,1,1,1.0,Красный
51.17,116.24,zabaikalskii-krai,0,1,1,1.0,Красный
51.23,42.45,voronezhskaia-oblast,1,0,1,0.0,Зелёный
51.27,41.04,voronezhskaia-oblast,0,1,1,1.0,Красный
51.3,34.35,kurskaia-oblast,1,0,1,0.0,Зелёный
51.34,83.43,altaiskii-krai,0,1,1,1.0,Красный
51.35,36.48,kurskaia-oblast,0,1,1,1.0,Красный
51.35,47.32,respublika-bashkortostan,1,0,1,0.0,Зелёный
51.37,39.14,voronezhskaia-oblast,1,0,1,0.0,Зелёный
51.39,35.59,kurskaia-oblast,0,1,1,1.0,Красный
51.44,35.43,kurskaia-oblast,0,1,1,1.0,Красный
51.45,40.95,voronezhskaia-oblast,1,0,1,0.0,Зелёный
51.45,41.03,voronezhskaia-oblast,0,1,1,1.0,Красный
51.45,81.3,altaiskii-krai,1,0,1,0.0,Зелёный
51.46,38.79,voronezhskaia-oblast,0,1,1,1.0,Красный
51.46,80.54,altaiskii-krai,0,1,1,1.0,Красный
51.51,40.35,voronezhskaia-oblast,0,1,1,1.0,Красный
51.64,37.28,kurskaia-oblast,1,0,1,0.0,Зелёный
51.67,39.95,voronezhskaia-oblast,0,1,1,1.0,Красный
51.67,82.75,altaiskii-krai,0,1,1,1.0,Красный
51.68,82.75,altaiskii-krai,0,1,1,1.0,Красный
51.69,39.7,voronezhskaia-oblast,1,0,1,0.0,Зелёный
51.71,55.8,orenburgskaia-oblast,0,1,1,1.0,Красный
51.72,55.49,orenburgskaia-oblast,0,1,1,1.0,Красный
51.73,54.91,orenburgskaia-oblast,1,0,1,0.0,Зелёный
51.75,38.67,voronezhskaia-oblast,0,1,1,1.0,Красный
51.77,35.19,kurskaia-oblast,1,0,1,0.0,Зелёный
51.77,80.9,altaiskii-krai,0,1,1,1.0,Красный
51.79,46.62,saratovskaia-oblast,0,1,1,1.0,Красный
51.82,38.13,kurskaia-oblast,0,1,1,1.0,Красный
51.84,35.94,kurskaia-oblast,0,1,1,1.0,Красный
51.85,34.56,kurskaia-oblast,1,0,1,0.0,Зелёный
51.89,37.27,kurskaia-oblast,1,0,1,0.0,Зелёный
51.9,34.67,kurskaia-oblast,0,1,1,1.0,Красный
51.9,38.72,voronezhskaia-oblast,0,1,1,1.0,Красный
51.91,34.54,kurskaia-oblast,1,0,1,0.0,Зелёный
51.93,34.52,kurskaia-oblast,1,0,1,0.0,Зелёный
51.99,85.36,altaiskii-krai,1,0,1,0.0,Зелёный
52.05,35.46,kurskaia-oblast,0,1,1,1.0,Красный
52.09,85.23,altaiskii-krai,0,1,1,1.0,Красный
52.09,115.88,zabaikalskii-krai,0,1,1,1.0,Красный
52.1,34.87,kurskaia-oblast,0,1,1,1.0,Красный
52.1,49.03,saratovskaia-oblast,0,1,1,1.0,Красный
52.1,116.48,zabaikalskii-krai,0,1,1,1.0,Красный
52.15,46.4,penzenskaia-oblast,1,0,1,0.0,Зелёный
52.18,31.94,brianskaia-oblast,1,0,1,0.0,Зелёный
52.19,36.34,kurskaia-oblast,1,0,1,0.0,Зелёный
52.25,35.24,kurskaia-oblast,1,0,1,0.0,Зелёный
52.27,84.55,altaiskii-krai,1,0,1,0.0,Зелёный
52.28,85.24,altaiskii-krai,0,1,1,1.0,Красный
52.33,55.52,orenburgskaia-oblast,0,1,1,1.0,Красный
52.34,38.11,lipetskaia-oblast,1,0,1,0.0,Зелёный
52.35,56.27,orenburgskaia-oblast,0,1,1,1.0,Красный
52.42,41.52,tambovskaia-oblast,1,0,1,0.0,Зелёный
52.43,34.77,brianskaia-oblast,0,1,1,1.0,Красный
52.44,83.45,altaiskii-krai,0,1,1,1.0,Красный
52.48,44.96,penzenskaia-oblast,0,1,1,1.0,Красный
52.54,36.36,orlovskaia-oblast,0,1,1,1.0,Красный
52.58,85.23,altaiskii-krai,1,0,1,0.0,Зелёный
52.6,45.6,penzenskaia-oblast,1,0,1,0.0,Зелёный
52.61,42.84,tambovskaia-oblast,1,0,1,0.0,Зелёный
52.64,35.62,orlovskaia-oblast,1,0,1,0.0,Зелёный
52.64,85.08,altaiskii-krai,1,0,1,0.0,Зелёный
52.67,82.07,altaiskii-krai,0,1,1,1.0,Красный
52.69,38.69,lipetskaia-oblast,0,1,1,1.0,Красный
52.69,82.71,altaiskii-krai,1,0,1,0.0,Зелёный
52.7,58.28,respublika-bashkortostan,0,1,1,1.0,Красный
52.79,46.87,penzenskaia-oblast,1,0,1,0.0,Зелёный
52.81,35.16,orlovskaia-oblast,0,1,1,1.0,Красный
52.83,34.51,brianskaia-oblast,0,1,1,1.0,Красный
52.87,81.88,altaiskii-krai,0,1,1,1.0,Красный
52.88,44.23,penzenskaia-oblast,1,0,1,0.0,Зелёный
52.9,49.41,saratovskaia-oblast,0,1,1,1.0,Красный
52.92,45.24,penzenskaia-oblast,0,1,1,1.0,Красный
53.01,36.07,orlovskaia-oblast,0,1,1,1.0,Красный
53.17,80.01,altaiskii-krai,1,0,1,0.0,Зелёный
53.21,82.53,altaiskii-krai,0,1,1,1.0,Красный
53.25,34.44,brianskaia-oblast,0,1,1,1.0,Красный
53.25,82.74,altaiskii-krai,1,0,1,0.0,Зелёный
53.34,34.21,brianskaia-oblast,1,0,1,0.0,Зелёный
53.35,58.62,respublika-bashkortostan,0,1,1,1.0,Красный
53.35,91.22,respublika-khakasiia,1,0,1,0.0,Зелёный
53.37,82.7,altaiskii-krai,0,1,1,1.0,Красный
53.39,82.11,altaiskii-krai,0,1,1,1.0,Красный
53.48,37.71,tulskaia-oblast,0,1,1,1.0,Красный
53.5,34.37,brianskaia-oblast,0,1,1,1.0,Красный
53.52,55.94,respublika-bashkortostan,0,1,1,1.0,Красный
53.61,77.53,novosibirskaia-oblast,0,1,1,1.0,Красный
53.63,43.5,penzenskaia-oblast,0,1,1,1.0,Красный
53.66,84.01,altaiskii-krai,0,1,1,1.0,Красный
53.68,53.65,orenburgskaia-oblast,0,1,1,1.0,Красный
53.71,34.6,brianskaia-oblast,0,1,1,1.0,Красный
53.72,84.2,altaiskii-krai,0,1,1,1.0,Красный
53.77,92.13,krasnoiarskii-krai,1,0,1,0.0,Зелёный
53.8,54.43,respublika-bashkortostan,1,0,1,0.0,Зелёный
53.82,55.93,respublika-bashkortostan,0,1,1,1.0,Красный
53.85,92.5,krasnoiarskii-krai,1,0,1,0.0,Зелёный
53.86,57.78,respublika-bashkortostan,1,0,1,0.0,Зелёный
53.92,60.54,cheliabinskaia-oblast,0,1,1,1.0,Красный
53.93,37.2,tulskaia-oblast,1,0,1,0.0,Зелёный
53.94,37.55,tulskaia-oblast,1,0,1,0.0,Зелёный
53.95,84.32,altaiskii-krai,0,1,1,1.0,Красный
53.98,43.62,respublika-mordoviia,0,1,1,1.0,Красный
54.0,55.69,respublika-bashkortostan,0,1,1,1.0,Красный
54.0,86.0,kemerovskaia-oblast-kuzbass,1,0,1,0.0,Зелёный
54.01,82.28,novosibirskaia-oblast,1,0,1,0.0,Зелёный
54.09,56.71,respublika-bashkortostan,0,1,1,1.0,Красный
54.16,56.56,respublika-bashkortostan,1,0,1,0.0,Зелёный
54.17,55.52,respublika-bashkortostan,0,1,1,1.0,Красный
54.18,37.78,tulskaia-oblast,1,0,1,0.0,Зелёный
54.22,59.57,respublika-bashkortostan,0,1,1,1.0,Красный
54.23,56.55,respublika-bashkortostan,0,1,1,1.0,Красный
54.24,41.91,riazanskaia-oblast,0,1,1,1.0,Красный
54.25,81.65,novosibirskaia-oblast,0,1,1,1.0,Красный
54.27,74.68,omskaia-oblast,1,0,1,0.0,Зелёный
54.34,38.27,tulskaia-oblast,1,0,1,0.0,Зелёный
54.35,90.46,respublika-khakasiia,0,1,1,1.0,Красный
54.38,92.15,krasnoiarskii-krai,0,1,1,1.0,Красный
54.39,40.18,riazanskaia-oblast,0,1,1,1.0,Красный
54.39,50.51,respublika-tatarstan-tatarstan,0,1,1,1.0,Красный
54.4,56.11,respublika-bashkortostan,0,1,1,1.0,Красный
54.47,40.58,riazanskaia-oblast,1,0,1,0.0,Зелёный
54.57,31.45,smolenskaia-oblast,1,0,1,0.0,Зелёный
54.68,80.27,novosibirskaia-oblast,0,1,1,1.0,Красный
54.7,48.56,respublika-tatarstan-tatarstan,0,1,1,1.0,Красный
54.7,85.17,kemerovskaia-oblast-kuzbass,1,0,1,0.0,Зелёный
54.76,42.73,respublika-mordoviia,1,0,1,0.0,Зелёный
54.8,85.45,kemerovskaia-oblast-kuzbass,0,2,2,1.0,Красный
54.82,55.69,respublika-bashkortostan,1,0,1,0.0,Зелёный
54.82,82.85,novosibirskaia-oblast,0,1,1,1.0,Красный
54.84,84.68,novosibirskaia-oblast,0,1,1,1.0,Красный
54.88,84.59,novosibirskaia-oblast,0,1,1,1.0,Красный
54.89,61.38,cheliabinskaia-oblast,0,1,1,1.0,Красный
54.93,49.41,respublika-tatarstan-tatarstan,0,1,1,1.0,Красный
54.93,71.18,omskaia-oblast,0,1,1,1.0,Красный
54.96,85.81,kemerovskaia-oblast-kuzbass,0,1,1,1.0,Красный
54.99,72.78,omskaia-oblast,1,0,1,0.0,Зелёный
55.01,55.3,respublika-bashkortostan,1,0,1,0.0,Зелёный
55.02,50.8,respublika-tatarstan-tatarstan,0,1,1,1.0,Красный
55.03,76.07,novosibirskaia-oblast,0,1,1,1.0,Красный
55.07,47.28,chuvashskaia-respublika-chuvashiia,1,0,1,0.0,Зелёный
55.08,74.52,omskaia-oblast,0,1,1,1.0,Красный
55.09,74.74,omskaia-oblast,1,0,1,0.0,Зелёный
55.1,56.1,respublika-bashkortostan,0,1,1,1.0,Красный
55.11,47.37,chuvashskaia-respublika-chuvashiia,0,1,1,1.0,Красный
55.11,84.7,novosibirskaia-oblast,0,1,1,1.0,Красный
55.13,50.62,respublika-tatarstan-tatarstan,1,0,1,0.0,Зелёный
55.13,53.73,respublika-bashkortostan,0,1,1,1.0,Красный
55.14,54.66,respublika-bashkortostan,0,1,1,1.0,Красный
55.18,53.8,respublika-bashkortostan,1,0,1,0.0,Зелёный
55.21,48.36,respublika-tatarstan-tatarstan,1,0,1,0.0,Зелёный
55.26,47.56,chuvashskaia-respublika-chuvashiia,0,1,1,1.0,Красный
55.31,55.54,respublika-bashkortostan,0,1,1,1.0,Красный
55.32,48.64,respublika-tatarstan-tatarstan,0,1,1,1.0,Красный
55.4,54.19,respublika-bashkortostan,0,1,1,1.0,Красный
55.43,73.93,omskaia-oblast,0,1,1,1.0,Красный
55.45,51.55,respublika-tatarstan-tatarstan,1,0,1,0.0,Зелёный
55.49,54.36,respublika-bashkortostan,0,1,1,1.0,Красный
55.49,54.81,respublika-bashkortostan,0,1,1,1.0,Красный
55.5,54.86,respublika-bashkortostan,0,1,1,1.0,Красный
55.53,58.27,respublika-bashkortostan,0,1,1,1.0,Красный
55.53,83.86,novosibirskaia-oblast,1,0,1,0.0,Зелёный
55.54,47.43,chuvashskaia-respublika-chuvashiia,0,1,1,1.0,Красный
55.55,54.2,respublika-bashkortostan,0,1,1,1.0,Красный
55.56,74.1,omskaia-oblast,0,1,1,1.0,Красный
55.61,46.87,chuvashskaia-respublika-chuvashiia,0,1,1,1.0,Красный
55.61,58.21,respublika-bashkortostan,1,0,1,0.0,Зелёный
55.77,57.88,respublika-bashkortostan,0,1,1,1.0,Красный
55.82,52.77,respublika-tatarstan-tatarstan,1,0,1,0.0,Зелёный
55.85,37.73,moskva,0,1,1,1.0,Красный
55.93,58.49,respublika-bashkortostan,0,1,1,1.0,Красный
55.94,40.59,vladimirskaia-oblast,0,1,1,1.0,Красный
55.97,48.78,respublika-tatarstan-tatarstan,0,1,1,1.0,Красный
55.98,37.17,moskva,1,0,1,0.0,Зелёный
56.0,60.0,sverdlovskaia-oblast,1,0,1,0.0,Зелёный
56.07,49.19,respublika-tatarstan-tatarstan,0,1,1,1.0,Красный
56.14,97.23,krasnoiarskii-krai,0,1,1,1.0,Красный
56.22,49.27,respublika-tatarstan-tatarstan,1,0,1,0.0,Зелёный
56.22,52.12,udmurtskaia-respublika,1,0,1,0.0,Зелёный
56.25,49.43,respublika-tatarstan-tatarstan,1,0,1,0.0,Зелёный
56.35,55.33,permskii-krai,0,1,1,1.0,Красный
56.93,75.89,omskaia-oblast,1,0,1,0.0,Зелёный
57.0,37.0,orlovskaia-oblast,1,0,1,0.0,Зелёный
57.04,28.59,pskovskaia-oblast,0,1,1,1.0,Красный
57.12,65.58,tiumenskaia-oblast,1,0,1,0.0,Зелёный
57.3,39.54,iaroslavskaia-oblast,0,1,1,1.0,Красный
57.59,61.72,sverdlovskaia-oblast,0,1,1,1.0,Красный
57.86,29.57,pskovskaia-oblast,0,1,1,1.0,Красный
57.98,51.6,udmurtskaia-respublika,0,1,1,1.0,Красный
58.08,63.4,sverdlovskaia-oblast,0,1,1,1.0,Красный
59.41,30.13,leningradskaia-oblast,0,1,1,1.0,Красный
59.42,31.16,leningradskaia-oblast,0,1,1,1.0,Красный
60.72,56.7,permskii-krai,0,1,1,1.0,Красный
