{
"meta":{"test_sets":[],"test_metrics":[],"learn_metrics":[{"best_value":"Min","name":"Logloss"}],"launch_mode":"Train","parameters":"","iteration_count":1000,"learn_sets":["learn"],"name":"experiment"},
"iterations":[
{"learn":[0.6802876613],"iteration":0,"passed_time":0.248185817,"remaining_time":247.9376312},
{"learn":[0.6732038259],"iteration":1,"passed_time":0.3417310124,"remaining_time":170.5237752},
{"learn":[0.6692747853],"iteration":2,"passed_time":0.4326347143,"remaining_time":143.7789367},
{"learn":[0.6656701476],"iteration":3,"passed_time":0.53145769,"remaining_time":132.3329648},
{"learn":[0.6641895995],"iteration":4,"passed_time":0.6180530062,"remaining_time":122.9925482},
{"learn":[0.6627851639],"iteration":5,"passed_time":0.706460373,"remaining_time":117.0369351},
{"learn":[0.6611058768],"iteration":6,"passed_time":0.7906069765,"remaining_time":112.1532468},
{"learn":[0.6605392377],"iteration":7,"passed_time":0.8788372088,"remaining_time":108.9758139},
{"learn":[0.6583464388],"iteration":8,"passed_time":0.9679956545,"remaining_time":106.5870771},
{"learn":[0.6574882074],"iteration":9,"passed_time":1.047063589,"remaining_time":103.6592954},
{"learn":[0.6562481095],"iteration":10,"passed_time":1.133972644,"remaining_time":101.9544496},
{"learn":[0.6559062654],"iteration":11,"passed_time":1.225316672,"remaining_time":100.884406},
{"learn":[0.655160257],"iteration":12,"passed_time":1.310711457,"remaining_time":99.5132468},
{"learn":[0.6547601518],"iteration":13,"passed_time":1.385287792,"remaining_time":97.56384022},
{"learn":[0.6545255134],"iteration":14,"passed_time":1.470414047,"remaining_time":96.55718911},
{"learn":[0.6539936862],"iteration":15,"passed_time":1.559992193,"remaining_time":95.93951988},
{"learn":[0.6538208509],"iteration":16,"passed_time":1.63690019,"remaining_time":94.65134631},
{"learn":[0.6533362873],"iteration":17,"passed_time":1.71417044,"remaining_time":93.51752067},
{"learn":[0.6530713533],"iteration":18,"passed_time":1.800856281,"remaining_time":92.98105326},
{"learn":[0.6524998846],"iteration":19,"passed_time":1.896198683,"remaining_time":92.91373547},
{"learn":[0.6522753469],"iteration":20,"passed_time":1.982333678,"remaining_time":92.41450815},
{"learn":[0.6518191295],"iteration":21,"passed_time":2.072253451,"remaining_time":92.12108524},
{"learn":[0.6512647096],"iteration":22,"passed_time":2.154267824,"remaining_time":91.50955061},
{"learn":[0.6508820424],"iteration":23,"passed_time":2.242992926,"remaining_time":91.21504567},
{"learn":[0.6507411077],"iteration":24,"passed_time":2.322587255,"remaining_time":90.58090294},
{"learn":[0.6504487542],"iteration":25,"passed_time":2.403966979,"remaining_time":90.05630144},
{"learn":[0.6503402231],"iteration":26,"passed_time":2.489004851,"remaining_time":89.69636},
{"learn":[0.6501630023],"iteration":27,"passed_time":2.569596471,"remaining_time":89.20170608},
{"learn":[0.6498835505],"iteration":28,"passed_time":2.647980222,"remaining_time":88.6616826},
{"learn":[0.649739991],"iteration":29,"passed_time":2.728809631,"remaining_time":88.23151139},
{"learn":[0.6494472376],"iteration":30,"passed_time":2.807879739,"remaining_time":87.76888605},
{"learn":[0.6493048957],"iteration":31,"passed_time":2.904208053,"remaining_time":87.8522936},
{"learn":[0.6492445392],"iteration":32,"passed_time":2.988914998,"remaining_time":87.58426675},
{"learn":[0.6492126574],"iteration":33,"passed_time":3.064691893,"remaining_time":87.07330497},
{"learn":[0.6489748592],"iteration":34,"passed_time":3.159749205,"remaining_time":87.11879952},
{"learn":[0.6488495336],"iteration":35,"passed_time":3.232637002,"remaining_time":86.56283526},
{"learn":[0.6486606711],"iteration":36,"passed_time":3.315414825,"remaining_time":86.29039125},
{"learn":[0.6483609644],"iteration":37,"passed_time":3.406333853,"remaining_time":86.2340307},
{"learn":[0.6483096298],"iteration":38,"passed_time":3.488381984,"remaining_time":85.9573099},
{"learn":[0.6479864139],"iteration":39,"passed_time":3.567500786,"remaining_time":85.62001886},
{"learn":[0.6477820059],"iteration":40,"passed_time":3.654215106,"remaining_time":85.47298261},
{"learn":[0.6476028027],"iteration":41,"passed_time":3.746569889,"remaining_time":85.45747509},
{"learn":[0.647557143],"iteration":42,"passed_time":3.823616444,"remaining_time":85.09769621},
{"learn":[0.6473279132],"iteration":43,"passed_time":3.917894369,"remaining_time":85.12515947},
{"learn":[0.6472265619],"iteration":44,"passed_time":4.0004208,"remaining_time":84.8978192},
{"learn":[0.6468590435],"iteration":45,"passed_time":4.08476363,"remaining_time":84.71444571},
{"learn":[0.6468284432],"iteration":46,"passed_time":4.167826843,"remaining_time":84.50934004},
{"learn":[0.6467019955],"iteration":47,"passed_time":4.25100298,"remaining_time":84.3115591},
{"learn":[0.6466415701],"iteration":48,"passed_time":4.33924362,"remaining_time":84.21674863},
{"learn":[0.6465542434],"iteration":49,"passed_time":4.420407633,"remaining_time":83.98774503},
{"learn":[0.6465165208],"iteration":50,"passed_time":4.505871798,"remaining_time":83.84455561},
{"learn":[0.6464799521],"iteration":51,"passed_time":4.590783364,"remaining_time":83.69351209},
{"learn":[0.6463307705],"iteration":52,"passed_time":4.668485564,"remaining_time":83.41614773},
{"learn":[0.6463069754],"iteration":53,"passed_time":4.749113248,"remaining_time":83.19742837},
{"learn":[0.6462865083],"iteration":54,"passed_time":4.845924569,"remaining_time":83.26179488},
{"learn":[0.6462645302],"iteration":55,"passed_time":4.91169606,"remaining_time":82.79716216},
{"learn":[0.6461909998],"iteration":56,"passed_time":5.002832181,"remaining_time":82.76615345},
{"learn":[0.6460687744],"iteration":57,"passed_time":5.085253252,"remaining_time":82.59152695},
{"learn":[0.6459715361],"iteration":58,"passed_time":5.164662182,"remaining_time":82.37198498},
{"learn":[0.645876234],"iteration":59,"passed_time":5.250948038,"remaining_time":82.2648526},
{"learn":[0.6456066912],"iteration":60,"passed_time":5.332074416,"remaining_time":82.07898158},
{"learn":[0.6455697962],"iteration":61,"passed_time":5.403859089,"remaining_time":81.75515847},
{"learn":[0.6454289919],"iteration":62,"passed_time":5.495474913,"remaining_time":81.73428561},
{"learn":[0.645369506],"iteration":63,"passed_time":5.58260686,"remaining_time":81.64562533},
{"learn":[0.6452666687],"iteration":64,"passed_time":5.672566652,"remaining_time":81.59768953},
{"learn":[0.6451747409],"iteration":65,"passed_time":5.766875359,"remaining_time":81.61002402},
{"learn":[0.6450608368],"iteration":66,"passed_time":5.842361285,"remaining_time":81.35706088},
{"learn":[0.6450191066],"iteration":67,"passed_time":5.918200457,"remaining_time":81.11415921},
{"learn":[0.6449193137],"iteration":68,"passed_time":6.000166397,"remaining_time":80.95876689},
{"learn":[0.6447759328],"iteration":69,"passed_time":6.085584913,"remaining_time":80.85134242},
{"learn":[0.6447046171],"iteration":70,"passed_time":6.175399827,"remaining_time":80.80206252},
{"learn":[0.6446614615],"iteration":71,"passed_time":6.267803483,"remaining_time":80.78502267},
{"learn":[0.6446353762],"iteration":72,"passed_time":6.348769095,"remaining_time":80.62067056},
{"learn":[0.6445745197],"iteration":73,"passed_time":6.438071529,"remaining_time":80.56289508},
{"learn":[0.6445457159],"iteration":74,"passed_time":6.53351895,"remaining_time":80.58006705},
{"learn":[0.6445057477],"iteration":75,"passed_time":6.612290717,"remaining_time":80.39153451},
{"learn":[0.6444577334],"iteration":76,"passed_time":6.68927773,"remaining_time":80.18445902},
{"learn":[0.6443738094],"iteration":77,"passed_time":6.776193636,"remaining_time":80.09808375},
{"learn":[0.6443264536],"iteration":78,"passed_time":6.863538479,"remaining_time":80.01669543},
{"learn":[0.6442893776],"iteration":79,"passed_time":6.949536711,"remaining_time":79.91967217},
{"learn":[0.6442195249],"iteration":80,"passed_time":7.030440557,"remaining_time":79.76512188},
{"learn":[0.6441765852],"iteration":81,"passed_time":7.120286082,"remaining_time":79.71247101},
{"learn":[0.6441394298],"iteration":82,"passed_time":7.202691716,"remaining_time":79.57672655},
{"learn":[0.6441160622],"iteration":83,"passed_time":7.283332942,"remaining_time":79.4230116},
{"learn":[0.644071314],"iteration":84,"passed_time":7.36643405,"remaining_time":79.29749595},
{"learn":[0.6440265001],"iteration":85,"passed_time":7.452940434,"remaining_time":79.20915763},
{"learn":[0.6439695996],"iteration":86,"passed_time":7.542631744,"remaining_time":79.15428486},
{"learn":[0.6439473585],"iteration":87,"passed_time":7.621345381,"remaining_time":78.98485213},
{"learn":[0.6439290287],"iteration":88,"passed_time":7.698600715,"remaining_time":78.80253091},
{"learn":[0.6439045538],"iteration":89,"passed_time":7.779403758,"remaining_time":78.65841578},
{"learn":[0.6438608996],"iteration":90,"passed_time":7.855688736,"remaining_time":78.47056111},
{"learn":[0.643782635],"iteration":91,"passed_time":7.941064198,"remaining_time":78.374851},
{"learn":[0.6437587571],"iteration":92,"passed_time":8.027864206,"remaining_time":78.29325629},
{"learn":[0.6437380013],"iteration":93,"passed_time":8.107523867,"remaining_time":78.14273003},
{"learn":[0.6437165682],"iteration":94,"passed_time":8.181954772,"remaining_time":77.94388493},
{"learn":[0.6436902893],"iteration":95,"passed_time":8.268001576,"remaining_time":77.85701485},
{"learn":[0.643654135],"iteration":96,"passed_time":8.346238836,"remaining_time":77.69746051},
{"learn":[0.6436244304],"iteration":97,"passed_time":8.442695761,"remaining_time":77.70726098},
{"learn":[0.643601747],"iteration":98,"passed_time":8.532984196,"remaining_time":77.65877536},
{"learn":[0.643558421],"iteration":99,"passed_time":8.617970931,"remaining_time":77.56173837},
{"learn":[0.6435313542],"iteration":100,"passed_time":8.696529101,"remaining_time":77.40771942},
{"learn":[0.6435075142],"iteration":101,"passed_time":8.780876157,"remaining_time":77.30614499},
{"learn":[0.6434822212],"iteration":102,"passed_time":8.862985895,"remaining_time":77.18542085},
{"learn":[0.6434476183],"iteration":103,"passed_time":8.946983741,"remaining_time":77.08170608},
{"learn":[0.6434269417],"iteration":104,"passed_time":9.028202999,"remaining_time":76.95468271},
{"learn":[0.6433908308],"iteration":105,"passed_time":9.109641073,"remaining_time":76.83036905},
{"learn":[0.64337336],"iteration":106,"passed_time":9.20716609,"remaining_time":76.84111513},
{"learn":[0.6433642816],"iteration":107,"passed_time":9.290619764,"remaining_time":76.73363731},
{"learn":[0.6433371316],"iteration":108,"passed_time":9.370343104,"remaining_time":76.59610739},
{"learn":[0.643323933],"iteration":109,"passed_time":9.45921012,"remaining_time":76.53360915},
{"learn":[0.6433129213],"iteration":110,"passed_time":9.534374334,"remaining_time":76.36088994},
{"learn":[0.6432706887],"iteration":111,"passed_time":9.627778197,"remaining_time":76.33452713},
{"learn":[0.6432420888],"iteration":112,"passed_time":9.713840929,"remaining_time":76.24935313},
{"learn":[0.6432320851],"iteration":113,"passed_time":9.796583442,"remaining_time":76.13835903},
{"learn":[0.6432095374],"iteration":114,"passed_time":9.876654459,"remaining_time":76.00729736},
{"learn":[0.6431835017],"iteration":115,"passed_time":9.972112568,"remaining_time":75.99437509},
{"learn":[0.6431760933],"iteration":116,"passed_time":10.05132952,"remaining_time":75.8574698},
{"learn":[0.6431532511],"iteration":117,"passed_time":10.13315862,"remaining_time":75.741067},
{"learn":[0.6431329883],"iteration":118,"passed_time":10.21621138,"remaining_time":75.63430442},
{"learn":[0.643110132],"iteration":119,"passed_time":10.30478926,"remaining_time":75.56845457},
{"learn":[0.6430942829],"iteration":120,"passed_time":10.38376394,"remaining_time":75.43246699},
{"learn":[0.6430775112],"iteration":121,"passed_time":10.4751426,"remaining_time":75.38668199},
{"learn":[0.6430602914],"iteration":122,"passed_time":10.56523635,"remaining_time":75.33099415},
{"learn":[0.6430520353],"iteration":123,"passed_time":10.6515542,"remaining_time":75.24807646},
{"learn":[0.6430309948],"iteration":124,"passed_time":10.74901936,"remaining_time":75.2431355},
{"learn":[0.6430201769],"iteration":125,"passed_time":10.83593149,"remaining_time":75.16352476},
{"learn":[0.6430000333],"iteration":126,"passed_time":10.92595293,"remaining_time":75.10517247},
{"learn":[0.642986138],"iteration":127,"passed_time":11.01323335,"remaining_time":75.02765217},
{"learn":[0.6429653434],"iteration":128,"passed_time":11.11229714,"remaining_time":75.02954113},
{"learn":[0.6429482098],"iteration":129,"passed_time":11.19500791,"remaining_time":74.92043758},
{"learn":[0.642932165],"iteration":130,"passed_time":11.27937347,"remaining_time":74.82271411},
{"learn":[0.6429211289],"iteration":131,"passed_time":11.35813734,"remaining_time":74.68835763},
{"learn":[0.6428982555],"iteration":132,"passed_time":11.44336382,"remaining_time":74.59696567},
{"learn":[0.6428796474],"iteration":133,"passed_time":11.5213873,"remaining_time":74.45911497},
{"learn":[0.6428572683],"iteration":134,"passed_time":11.59968521,"remaining_time":74.32390892},
{"learn":[0.6428389677],"iteration":135,"passed_time":11.6852718,"remaining_time":74.23584439},
{"learn":[0.6428269819],"iteration":136,"passed_time":11.78978209,"remaining_time":74.26702149},
{"learn":[0.6428122273],"iteration":137,"passed_time":11.87998587,"remaining_time":74.20686827},
{"learn":[0.6427741315],"iteration":138,"passed_time":11.97203889,"remaining_time":74.15773727},
{"learn":[0.6427652566],"iteration":139,"passed_time":12.06786944,"remaining_time":74.13119802},
{"learn":[0.6427416432],"iteration":140,"passed_time":12.15359223,"remaining_time":74.04209736},
{"learn":[0.6427048817],"iteration":141,"passed_time":12.2464322,"remaining_time":73.99604807},
{"learn":[0.6426955682],"iteration":142,"passed_time":12.32909062,"remaining_time":73.88832629},
{"learn":[0.6426940371],"iteration":143,"passed_time":12.41571253,"remaining_time":73.80451337},
{"learn":[0.6426701395],"iteration":144,"passed_time":12.51696513,"remaining_time":73.80693229},
{"learn":[0.6426495508],"iteration":145,"passed_time":12.61998736,"remaining_time":73.81828223},
{"learn":[0.6426355323],"iteration":146,"passed_time":12.70994262,"remaining_time":73.7522521},
{"learn":[0.6426138697],"iteration":147,"passed_time":12.79503254,"remaining_time":73.65789},
{"learn":[0.6426064395],"iteration":148,"passed_time":12.88324439,"remaining_time":73.58148304},
{"learn":[0.642600606],"iteration":149,"passed_time":12.97951577,"remaining_time":73.55058938},
{"learn":[0.6425892338],"iteration":150,"passed_time":13.06612179,"remaining_time":73.46448607},
{"learn":[0.6425647821],"iteration":151,"passed_time":13.14935044,"remaining_time":73.35953406},
{"learn":[0.6425474232],"iteration":152,"passed_time":13.24013752,"remaining_time":73.29670899},
{"learn":[0.642537974],"iteration":153,"passed_time":13.33293781,"remaining_time":73.24458045},
{"learn":[0.6425248702],"iteration":154,"passed_time":13.42441262,"remaining_time":73.18470103},
{"learn":[0.6425087594],"iteration":155,"passed_time":13.51287265,"remaining_time":73.10810589},
{"learn":[0.6425053706],"iteration":156,"passed_time":13.60729983,"remaining_time":73.06339974},
{"learn":[0.6424924624],"iteration":157,"passed_time":13.68847979,"remaining_time":72.94746826},
{"learn":[0.6424807098],"iteration":158,"passed_time":13.77850136,"remaining_time":72.8787399},
{"learn":[0.6424697102],"iteration":159,"passed_time":13.86623102,"remaining_time":72.79771288},
{"learn":[0.6424643679],"iteration":160,"passed_time":13.96162962,"remaining_time":72.75656678},
{"learn":[0.6424558772],"iteration":161,"passed_time":14.0560515,"remaining_time":72.70969852},
{"learn":[0.6424479453],"iteration":162,"passed_time":14.14442744,"remaining_time":72.631201},
{"learn":[0.6424342092],"iteration":163,"passed_time":14.24126855,"remaining_time":72.5957348},
{"learn":[0.6424026672],"iteration":164,"passed_time":14.328754,"remaining_time":72.51217935},
{"learn":[0.6423939553],"iteration":165,"passed_time":14.42176912,"remaining_time":72.45635811},
{"learn":[0.6423895832],"iteration":166,"passed_time":14.50499321,"remaining_time":72.35125355},
{"learn":[0.6423761098],"iteration":167,"passed_time":14.58453144,"remaining_time":72.22815571},
{"learn":[0.6423709953],"iteration":168,"passed_time":14.6672346,"remaining_time":72.12113579},
{"learn":[0.6423572752],"iteration":169,"passed_time":14.74661264,"remaining_time":71.99816761},
{"learn":[0.6423481915],"iteration":170,"passed_time":14.83098494,"remaining_time":71.89992116},
{"learn":[0.6423336374],"iteration":171,"passed_time":14.92513691,"remaining_time":71.8489149},
{"learn":[0.6423188996],"iteration":172,"passed_time":15.02564543,"remaining_time":71.82779637},
{"learn":[0.6423115651],"iteration":173,"passed_time":15.10813938,"remaining_time":71.72024785},
{"learn":[0.6422986984],"iteration":174,"passed_time":15.20208678,"remaining_time":71.66698055},
{"learn":[0.6422917192],"iteration":175,"passed_time":15.29338733,"remaining_time":71.60085885},
{"learn":[0.6422843257],"iteration":176,"passed_time":15.37569256,"remaining_time":71.49262698},
{"learn":[0.6422700874],"iteration":177,"passed_time":15.45635496,"remaining_time":71.37709987},
{"learn":[0.6422574668],"iteration":178,"passed_time":15.55677127,"remaining_time":71.35256544},
{"learn":[0.642243816],"iteration":179,"passed_time":15.64099817,"remaining_time":71.25343611},
{"learn":[0.6422325939],"iteration":180,"passed_time":15.7344349,"remaining_time":71.19614466},
{"learn":[0.6422213056],"iteration":181,"passed_time":15.83555835,"remaining_time":71.173004},
{"learn":[0.642213135],"iteration":182,"passed_time":15.93909899,"remaining_time":71.15980259},
{"learn":[0.6422017108],"iteration":183,"passed_time":16.01892937,"remaining_time":71.0404694},
{"learn":[0.6421893082],"iteration":184,"passed_time":16.10937555,"remaining_time":70.96833013},
{"learn":[0.6421748331],"iteration":185,"passed_time":16.20132093,"remaining_time":70.90255504},
{"learn":[0.6421646946],"iteration":186,"passed_time":16.28889622,"remaining_time":70.81750068},
{"learn":[0.6421585654],"iteration":187,"passed_time":16.38040854,"remaining_time":70.7494241},
{"learn":[0.6421463708],"iteration":188,"passed_time":16.47351481,"remaining_time":70.6879392},
{"learn":[0.6421459237],"iteration":189,"passed_time":16.55865881,"remaining_time":70.59217704},
{"learn":[0.6421318422],"iteration":190,"passed_time":16.64287118,"remaining_time":70.49258002},
{"learn":[0.642119071],"iteration":191,"passed_time":16.73204731,"remaining_time":70.41403241},
{"learn":[0.6421065],"iteration":192,"passed_time":16.82071576,"remaining_time":70.33325191},
{"learn":[0.642089478],"iteration":193,"passed_time":16.90283004,"remaining_time":70.22515987},
{"learn":[0.6420834973],"iteration":194,"passed_time":16.98441411,"remaining_time":70.11514542},
{"learn":[0.6420798138],"iteration":195,"passed_time":17.07879436,"remaining_time":70.05791155},
{"learn":[0.6420702042],"iteration":196,"passed_time":17.16018237,"remaining_time":69.94734233},
{"learn":[0.6420459346],"iteration":197,"passed_time":17.24987775,"remaining_time":69.87071696},
{"learn":[0.6420414978],"iteration":198,"passed_time":17.33444468,"remaining_time":69.77331752},
{"learn":[0.6420278597],"iteration":199,"passed_time":17.42393242,"remaining_time":69.69572967},
{"learn":[0.6420155707],"iteration":200,"passed_time":17.51661526,"remaining_time":69.63072436},
{"learn":[0.6420055338],"iteration":201,"passed_time":17.60704094,"remaining_time":69.55652805},
{"learn":[0.6419929036],"iteration":202,"passed_time":17.69112733,"remaining_time":69.45728314},
{"learn":[0.6419838948],"iteration":203,"passed_time":17.79379495,"remaining_time":69.4306901},
{"learn":[0.6419766409],"iteration":204,"passed_time":17.89100759,"remaining_time":69.38220017},
{"learn":[0.6419624136],"iteration":205,"passed_time":17.98253169,"remaining_time":69.31131146},
{"learn":[0.6419583181],"iteration":206,"passed_time":18.07410073,"remaining_time":69.24039556},
{"learn":[0.6419500126],"iteration":207,"passed_time":18.15797099,"remaining_time":69.13996647},
{"learn":[0.6419401265],"iteration":208,"passed_time":18.24138008,"remaining_time":69.03795044},
{"learn":[0.6419201268],"iteration":209,"passed_time":18.33177288,"remaining_time":68.9623837},
{"learn":[0.6419101828],"iteration":210,"passed_time":18.43862292,"remaining_time":68.94821555},
{"learn":[0.6419016685],"iteration":211,"passed_time":18.5154373,"remaining_time":68.82153111},
{"learn":[0.6418926477],"iteration":212,"passed_time":18.60339384,"remaining_time":68.73648333},
{"learn":[0.6418882156],"iteration":213,"passed_time":18.7058433,"remaining_time":68.7046394},
{"learn":[0.6418763308],"iteration":214,"passed_time":18.80480357,"remaining_time":68.65939908},
{"learn":[0.6418701702],"iteration":215,"passed_time":18.88639777,"remaining_time":68.55062895},
{"learn":[0.6418577797],"iteration":216,"passed_time":18.97030592,"remaining_time":68.4504587},
{"learn":[0.6418456872],"iteration":217,"passed_time":19.06202854,"remaining_time":68.37846936},
{"learn":[0.6418274445],"iteration":218,"passed_time":19.15676648,"remaining_time":68.31705305},
{"learn":[0.6418224756],"iteration":219,"passed_time":19.24875058,"remaining_time":68.24557025},
{"learn":[0.6418203832],"iteration":220,"passed_time":19.35040249,"remaining_time":68.20797983},
{"learn":[0.6418144344],"iteration":221,"passed_time":19.43671063,"remaining_time":68.11603994},
{"learn":[0.6418088365],"iteration":222,"passed_time":19.53413974,"remaining_time":68.06289946},
{"learn":[0.6417956719],"iteration":223,"passed_time":19.6186091,"remaining_time":67.96446723},
{"learn":[0.6417868364],"iteration":224,"passed_time":19.70486272,"remaining_time":67.87230491},
{"learn":[0.6417800557],"iteration":225,"passed_time":19.79306465,"remaining_time":67.78686743},
{"learn":[0.6417751727],"iteration":226,"passed_time":19.89120636,"remaining_time":67.73525337},
{"learn":[0.64176967],"iteration":227,"passed_time":19.97424469,"remaining_time":67.63209166},
{"learn":[0.6417612901],"iteration":228,"passed_time":20.05614285,"remaining_time":67.52526698},
{"learn":[0.6417504186],"iteration":229,"passed_time":20.15269357,"remaining_time":67.46771324},
{"learn":[0.6417462362],"iteration":230,"passed_time":20.24799951,"remaining_time":67.40567804},
{"learn":[0.6417358131],"iteration":231,"passed_time":20.34752642,"remaining_time":67.35732884},
{"learn":[0.6417273207],"iteration":232,"passed_time":20.44782749,"remaining_time":67.31108878},
{"learn":[0.641713786],"iteration":233,"passed_time":20.54481563,"remaining_time":67.25354176},
{"learn":[0.641702058],"iteration":234,"passed_time":20.63206215,"remaining_time":67.16394701},
{"learn":[0.6416925383],"iteration":235,"passed_time":20.73384116,"remaining_time":67.121418},
{"learn":[0.6416828102],"iteration":236,"passed_time":20.81604476,"remaining_time":67.01536773},
{"learn":[0.6416756128],"iteration":237,"passed_time":20.91469978,"remaining_time":66.96219004},
{"learn":[0.641665537],"iteration":238,"passed_time":20.99356931,"remaining_time":66.84563283},
{"learn":[0.6416588143],"iteration":239,"passed_time":21.08031998,"remaining_time":66.75434662},
{"learn":[0.6416494016],"iteration":240,"passed_time":21.16358455,"remaining_time":66.65211899},
{"learn":[0.6416399952],"iteration":241,"passed_time":21.24637716,"remaining_time":66.54856979},
{"learn":[0.6416369766],"iteration":242,"passed_time":21.32850589,"remaining_time":66.44312329},
{"learn":[0.6416310528],"iteration":243,"passed_time":21.42496392,"remaining_time":66.38226525},
{"learn":[0.6416297494],"iteration":244,"passed_time":21.5090828,"remaining_time":66.2830919},
{"learn":[0.6416197173],"iteration":245,"passed_time":21.60227271,"remaining_time":66.21184399},
{"learn":[0.6416079203],"iteration":246,"passed_time":21.68228655,"remaining_time":66.10025008},
{"learn":[0.6415996043],"iteration":247,"passed_time":21.77334104,"remaining_time":66.02238895},
{"learn":[0.6415816937],"iteration":248,"passed_time":21.85493938,"remaining_time":65.91590149},
{"learn":[0.6415682677],"iteration":249,"passed_time":21.95243839,"remaining_time":65.85731517},
{"learn":[0.6415661361],"iteration":250,"passed_time":22.03213371,"remaining_time":65.74529143},
{"learn":[0.6415550485],"iteration":251,"passed_time":22.13375049,"remaining_time":65.69859273},
{"learn":[0.6415486959],"iteration":252,"passed_time":22.23556483,"remaining_time":65.6520432},
{"learn":[0.6415439842],"iteration":253,"passed_time":22.32979441,"remaining_time":65.58278202},
{"learn":[0.641534188],"iteration":254,"passed_time":22.42010396,"remaining_time":65.50187234},
{"learn":[0.6415283845],"iteration":255,"passed_time":22.51838496,"remaining_time":65.44405629},
{"learn":[0.6415186403],"iteration":256,"passed_time":22.60278739,"remaining_time":65.34580169},
{"learn":[0.6415048951],"iteration":257,"passed_time":22.68139482,"remaining_time":65.2309882},
{"learn":[0.6415010923],"iteration":258,"passed_time":22.78185668,"remaining_time":65.17897991},
{"learn":[0.6414892588],"iteration":259,"passed_time":22.86734381,"remaining_time":65.08397854},
{"learn":[0.6414790163],"iteration":260,"passed_time":22.96669152,"remaining_time":65.02829514},
{"learn":[0.6414711516],"iteration":261,"passed_time":23.05742536,"remaining_time":64.94801494},
{"learn":[0.6414646156],"iteration":262,"passed_time":23.14005008,"remaining_time":64.84493121},
{"learn":[0.6414604208],"iteration":263,"passed_time":23.23695623,"remaining_time":64.78181738},
{"learn":[0.641449391],"iteration":264,"passed_time":23.31884419,"remaining_time":64.67679426},
{"learn":[0.6414463368],"iteration":265,"passed_time":23.41135057,"remaining_time":64.60124557},
{"learn":[0.6414398091],"iteration":266,"passed_time":23.49293629,"remaining_time":64.49558914},
{"learn":[0.6414298618],"iteration":267,"passed_time":23.57473565,"remaining_time":64.39069589},
{"learn":[0.6414255172],"iteration":268,"passed_time":23.66816227,"remaining_time":64.31757107},
{"learn":[0.64141934],"iteration":269,"passed_time":23.7627375,"remaining_time":64.24740139},
{"learn":[0.6414113965],"iteration":270,"passed_time":23.86472244,"remaining_time":64.19698399},
{"learn":[0.6414034803],"iteration":271,"passed_time":23.96927426,"remaining_time":64.15305759},
{"learn":[0.6414019344],"iteration":272,"passed_time":24.068747,"remaining_time":64.09516144},
{"learn":[0.6413917339],"iteration":273,"passed_time":24.16412448,"remaining_time":64.02611084},
{"learn":[0.6413852462],"iteration":274,"passed_time":24.25642626,"remaining_time":63.94876013},
{"learn":[0.6413802343],"iteration":275,"passed_time":24.35904327,"remaining_time":63.89835987},
{"learn":[0.6413725417],"iteration":276,"passed_time":24.45193058,"remaining_time":63.82218705},
{"learn":[0.6413624815],"iteration":277,"passed_time":24.54376111,"remaining_time":63.74314935},
{"learn":[0.6413602691],"iteration":278,"passed_time":24.63804617,"remaining_time":63.67036304},
{"learn":[0.6413515291],"iteration":279,"passed_time":24.73562578,"remaining_time":63.60589487},
{"learn":[0.6413475598],"iteration":280,"passed_time":24.83051998,"remaining_time":63.53431979},
{"learn":[0.6413417423],"iteration":281,"passed_time":24.91948187,"remaining_time":63.44747513},
{"learn":[0.6413370282],"iteration":282,"passed_time":25.01139342,"remaining_time":63.36808864},
{"learn":[0.6413306593],"iteration":283,"passed_time":25.09923554,"remaining_time":63.27835439},
{"learn":[0.6413250655],"iteration":284,"passed_time":25.18495922,"remaining_time":63.18331875},
{"learn":[0.6413105282],"iteration":285,"passed_time":25.27233594,"remaining_time":63.09247504},
{"learn":[0.6413005746],"iteration":286,"passed_time":25.35128565,"remaining_time":62.9807201},
{"learn":[0.6412954367],"iteration":287,"passed_time":25.43308385,"remaining_time":62.87623508},
{"learn":[0.641291573],"iteration":288,"passed_time":25.53046896,"remaining_time":62.81025409},
{"learn":[0.6412845748],"iteration":289,"passed_time":25.61342129,"remaining_time":62.7087211},
{"learn":[0.6412837411],"iteration":290,"passed_time":25.71283887,"remaining_time":62.64743216},
{"learn":[0.6412691682],"iteration":291,"passed_time":25.80731088,"remaining_time":62.57389076},
{"learn":[0.6412648395],"iteration":292,"passed_time":25.88463822,"remaining_time":62.45883694},
{"learn":[0.6412607013],"iteration":293,"passed_time":25.96338084,"remaining_time":62.34743834},
{"learn":[0.6412554066],"iteration":294,"passed_time":26.05866381,"remaining_time":62.27578978},
{"learn":[0.6412489982],"iteration":295,"passed_time":26.1543277,"remaining_time":62.20488751},
{"learn":[0.6412427883],"iteration":296,"passed_time":26.24521691,"remaining_time":62.12251679},
{"learn":[0.6412408506],"iteration":297,"passed_time":26.33720273,"remaining_time":62.0426722},
{"learn":[0.6412365942],"iteration":298,"passed_time":26.4298876,"remaining_time":61.9643853},
{"learn":[0.6412274184],"iteration":299,"passed_time":26.53180204,"remaining_time":61.9075381},
{"learn":[0.6412169107],"iteration":300,"passed_time":26.61522363,"remaining_time":61.80744623},
{"learn":[0.6412178223],"iteration":301,"passed_time":26.69893261,"remaining_time":61.70812902},
{"learn":[0.6412099402],"iteration":302,"passed_time":26.79390164,"remaining_time":61.63481665},
{"learn":[0.6411990149],"iteration":303,"passed_time":26.87866445,"remaining_time":61.53799493},
{"learn":[0.6411937529],"iteration":304,"passed_time":26.96146527,"remaining_time":61.43678153},
{"learn":[0.6411903025],"iteration":305,"passed_time":27.05559911,"remaining_time":61.36139145},
{"learn":[0.6411848579],"iteration":306,"passed_time":27.15099844,"remaining_time":61.28873589},
{"learn":[0.6411812242],"iteration":307,"passed_time":27.24830211,"remaining_time":61.22021123},
{"learn":[0.64117331],"iteration":308,"passed_time":27.33715759,"remaining_time":61.13260808},
{"learn":[0.6411707007],"iteration":309,"passed_time":27.43131007,"remaining_time":61.05678693},
{"learn":[0.6411624129],"iteration":310,"passed_time":27.52834692,"remaining_time":60.98723804},
{"learn":[0.6411585774],"iteration":311,"passed_time":27.60926554,"remaining_time":60.88197017},
{"learn":[0.6411533659],"iteration":312,"passed_time":27.69692065,"remaining_time":60.79164373},
{"learn":[0.6411485874],"iteration":313,"passed_time":27.79274528,"remaining_time":60.71918236},
{"learn":[0.6411412699],"iteration":314,"passed_time":27.88738806,"remaining_time":60.6440026},
{"learn":[0.6411372587],"iteration":315,"passed_time":27.9831245,"remaining_time":60.57106695},
{"learn":[0.6411356844],"iteration":316,"passed_time":28.06211007,"remaining_time":60.46189646},
{"learn":[0.6411293511],"iteration":317,"passed_time":28.1600594,"remaining_time":60.39358652},
{"learn":[0.6411259014],"iteration":318,"passed_time":28.24642207,"remaining_time":60.30035558},
{"learn":[0.6411173258],"iteration":319,"passed_time":28.34230916,"remaining_time":60.22740696},
{"learn":[0.6411077675],"iteration":320,"passed_time":28.43995251,"remaining_time":60.15803039},
{"learn":[0.641103502],"iteration":321,"passed_time":28.54068968,"remaining_time":60.09499256},
{"learn":[0.6410872826],"iteration":322,"passed_time":28.63917325,"remaining_time":60.02699781},
{"learn":[0.6410807259],"iteration":323,"passed_time":28.72401069,"remaining_time":59.9303433},
{"learn":[0.6410766358],"iteration":324,"passed_time":28.80288912,"remaining_time":59.8213851},
{"learn":[0.6410691837],"iteration":325,"passed_time":28.88256381,"remaining_time":59.71425769},
{"learn":[0.6410577751],"iteration":326,"passed_time":28.98569294,"remaining_time":59.65556987},
{"learn":[0.6410527834],"iteration":327,"passed_time":29.07503447,"remaining_time":59.5683633},
{"learn":[0.6410511772],"iteration":328,"passed_time":29.17467624,"remaining_time":59.50215123},
{"learn":[0.6410440495],"iteration":329,"passed_time":29.27454689,"remaining_time":59.43620127},
{"learn":[0.641033991],"iteration":330,"passed_time":29.35425116,"remaining_time":59.32928709},
{"learn":[0.641027364],"iteration":331,"passed_time":29.44765743,"remaining_time":59.25010591},
{"learn":[0.6410281225],"iteration":332,"passed_time":29.52852168,"remaining_time":59.14571759},
{"learn":[0.6410169838],"iteration":333,"passed_time":29.61137173,"remaining_time":59.04542986},
{"learn":[0.641014043],"iteration":334,"passed_time":29.70656071,"remaining_time":58.96973992},
{"learn":[0.6410053362],"iteration":335,"passed_time":29.80079767,"remaining_time":58.89205255},
{"learn":[0.6409967709],"iteration":336,"passed_time":29.88671429,"remaining_time":58.79789784},
{"learn":[0.6409890791],"iteration":337,"passed_time":29.96427838,"remaining_time":58.6874328},
{"learn":[0.64099187],"iteration":338,"passed_time":30.05807936,"remaining_time":58.60882141},
{"learn":[0.6409879914],"iteration":339,"passed_time":30.15333657,"remaining_time":58.53294746},
{"learn":[0.6409799099],"iteration":340,"passed_time":30.23420167,"remaining_time":58.42914633},
{"learn":[0.6409707134],"iteration":341,"passed_time":30.33102584,"remaining_time":58.35618422},
{"learn":[0.6409660279],"iteration":342,"passed_time":30.4300653,"remaining_time":58.28732625},
{"learn":[0.640958818],"iteration":343,"passed_time":30.52808953,"remaining_time":58.21635677},
{"learn":[0.640955754],"iteration":344,"passed_time":30.61478896,"remaining_time":58.12372977},
{"learn":[0.6409520926],"iteration":345,"passed_time":30.70815712,"remaining_time":58.04374208},
{"learn":[0.6409437662],"iteration":346,"passed_time":30.78972317,"remaining_time":57.94146751},
{"learn":[0.6409378591],"iteration":347,"passed_time":30.87418604,"remaining_time":57.84473936},
{"learn":[0.6409325157],"iteration":348,"passed_time":30.97127179,"remaining_time":57.77162731},
{"learn":[0.6409265375],"iteration":349,"passed_time":31.07213327,"remaining_time":57.70539036},
{"learn":[0.6409193122],"iteration":350,"passed_time":31.15825793,"remaining_time":57.61170768},
{"learn":[0.640913106],"iteration":351,"passed_time":31.25313741,"remaining_time":57.53418479},
{"learn":[0.6409103897],"iteration":352,"passed_time":31.35048484,"remaining_time":57.46108694},
{"learn":[0.6409014511],"iteration":353,"passed_time":31.44636757,"remaining_time":57.38517923},
{"learn":[0.6409003726],"iteration":354,"passed_time":31.52717348,"remaining_time":57.28176591},
{"learn":[0.6408947166],"iteration":355,"passed_time":31.61352796,"remaining_time":57.18851687},
{"learn":[0.6408879146],"iteration":356,"passed_time":31.71368292,"remaining_time":57.12016279},
{"learn":[0.6408857231],"iteration":357,"passed_time":31.8131895,"remaining_time":57.05046832},
{"learn":[0.6408808738],"iteration":358,"passed_time":31.91294932,"remaining_time":56.98105993},
{"learn":[0.6408727909],"iteration":359,"passed_time":32.0035778,"remaining_time":56.89524943},
{"learn":[0.6408715333],"iteration":360,"passed_time":32.09137915,"remaining_time":56.80440797},
{"learn":[0.6408643799],"iteration":361,"passed_time":32.17851376,"remaining_time":56.71240823},
{"learn":[0.6408561084],"iteration":362,"passed_time":32.27135789,"remaining_time":56.63045449},
{"learn":[0.640852676],"iteration":363,"passed_time":32.36870597,"remaining_time":56.55631043},
{"learn":[0.6408403482],"iteration":364,"passed_time":32.45250735,"remaining_time":56.45847169},
{"learn":[0.6408379664],"iteration":365,"passed_time":32.55987198,"remaining_time":56.40152687},
{"learn":[0.6408318906],"iteration":366,"passed_time":32.65349099,"remaining_time":56.3205989},
{"learn":[0.6408300735],"iteration":367,"passed_time":32.7342592,"remaining_time":56.21753211},
{"learn":[0.6408215039],"iteration":368,"passed_time":32.83085296,"remaining_time":56.14164829},
{"learn":[0.6408193306],"iteration":369,"passed_time":32.92792858,"remaining_time":56.06647298},
{"learn":[0.6408164879],"iteration":370,"passed_time":33.01731177,"remaining_time":55.97813774},
{"learn":[0.6408086053],"iteration":371,"passed_time":33.10548566,"remaining_time":55.88775535},
{"learn":[0.6408026418],"iteration":372,"passed_time":33.20338863,"remaining_time":55.81373907},
{"learn":[0.6407988067],"iteration":373,"passed_time":33.28857546,"remaining_time":55.7183108},
{"learn":[0.6407933976],"iteration":374,"passed_time":33.37913967,"remaining_time":55.63189945},
{"learn":[0.6407848179],"iteration":375,"passed_time":33.46157533,"remaining_time":55.53197607},
{"learn":[0.6407775271],"iteration":376,"passed_time":33.54949634,"remaining_time":55.44121013},
{"learn":[0.6407766423],"iteration":377,"passed_time":33.64681764,"remaining_time":55.36592743},
{"learn":[0.640778008],"iteration":378,"passed_time":33.73361033,"remaining_time":55.27327708},
{"learn":[0.6407661792],"iteration":379,"passed_time":33.81537611,"remaining_time":55.17245575},
{"learn":[0.6407605102],"iteration":380,"passed_time":33.91200265,"remaining_time":55.09587832},
{"learn":[0.6407573026],"iteration":381,"passed_time":34.00974544,"remaining_time":55.02100179},
{"learn":[0.640748352],"iteration":382,"passed_time":34.10693597,"remaining_time":54.94511617},
{"learn":[0.6407468367],"iteration":383,"passed_time":34.20439569,"remaining_time":54.86955142},
{"learn":[0.6407406846],"iteration":384,"passed_time":34.28726658,"remaining_time":54.77056869},
{"learn":[0.6407388886],"iteration":385,"passed_time":34.38002743,"remaining_time":54.68740114},
{"learn":[0.6407354156],"iteration":386,"passed_time":34.47705248,"remaining_time":54.61093843},
{"learn":[0.6407311729],"iteration":387,"passed_time":34.56610299,"remaining_time":54.52179131},
{"learn":[0.6407266067],"iteration":388,"passed_time":34.65247878,"remaining_time":54.42844354},
{"learn":[0.6407269069],"iteration":389,"passed_time":34.73929398,"remaining_time":54.33581879},
{"learn":[0.6407207492],"iteration":390,"passed_time":34.82130759,"remaining_time":54.23574507},
{"learn":[0.6407154933],"iteration":391,"passed_time":34.90892483,"remaining_time":54.14445484},
{"learn":[0.6407113277],"iteration":392,"passed_time":35.00235054,"remaining_time":54.06215465},
{"learn":[0.6407095497],"iteration":393,"passed_time":35.0965489,"remaining_time":53.98098638},
{"learn":[0.6407055708],"iteration":394,"passed_time":35.20047436,"remaining_time":53.91465061},
{"learn":[0.6407028318],"iteration":395,"passed_time":35.2957575,"remaining_time":53.83494326},
{"learn":[0.6406995563],"iteration":396,"passed_time":35.39585896,"remaining_time":53.76247596},
{"learn":[0.6406932426],"iteration":397,"passed_time":35.4779996,"remaining_time":53.66270292},
{"learn":[0.6406901188],"iteration":398,"passed_time":35.56634408,"remaining_time":53.57236289},
{"learn":[0.6406848908],"iteration":399,"passed_time":35.66354426,"remaining_time":53.49531639},
{"learn":[0.6406831758],"iteration":400,"passed_time":35.75855078,"remaining_time":53.41489256},
{"learn":[0.640677091],"iteration":401,"passed_time":35.83965713,"remaining_time":53.31371882},
{"learn":[0.6406742601],"iteration":402,"passed_time":35.93067355,"remaining_time":53.22732533},
{"learn":[0.6406715083],"iteration":403,"passed_time":36.02039582,"remaining_time":53.13899977},
{"learn":[0.6406645322],"iteration":404,"passed_time":36.11904924,"remaining_time":53.0637884},
{"learn":[0.6406600291],"iteration":405,"passed_time":36.20478811,"remaining_time":52.96956684},
{"learn":[0.6406518454],"iteration":406,"passed_time":36.29356143,"remaining_time":52.87980817},
{"learn":[0.6406455663],"iteration":407,"passed_time":36.38926076,"remaining_time":52.80010385},
{"learn":[0.64063873],"iteration":408,"passed_time":36.48905049,"remaining_time":52.72623189},
{"learn":[0.6406380623],"iteration":409,"passed_time":36.58460387,"remaining_time":52.64613727},
{"learn":[0.6406331353],"iteration":410,"passed_time":36.67021553,"remaining_time":52.55172007},
{"learn":[0.6406289263],"iteration":411,"passed_time":36.76586739,"remaining_time":52.47167481},
{"learn":[0.6406233019],"iteration":412,"passed_time":36.84684554,"remaining_time":52.37069814},
{"learn":[0.6406173228],"iteration":413,"passed_time":36.94847248,"remaining_time":52.29904559},
{"learn":[0.6406052845],"iteration":414,"passed_time":37.04701273,"remaining_time":52.22289746},
{"learn":[0.6406017261],"iteration":415,"passed_time":37.13415724,"remaining_time":52.13064382},
{"learn":[0.6406003316],"iteration":416,"passed_time":37.23029657,"remaining_time":52.05099017},
{"learn":[0.6405955961],"iteration":417,"passed_time":37.31593113,"remaining_time":51.95663138},
{"learn":[0.6405928192],"iteration":418,"passed_time":37.41403492,"remaining_time":51.8796045},
{"learn":[0.6405887509],"iteration":419,"passed_time":37.5075529,"remaining_time":51.79614448},
{"learn":[0.6405865365],"iteration":420,"passed_time":37.6018086,"remaining_time":51.71365126},
{"learn":[0.6405818415],"iteration":421,"passed_time":37.6944251,"remaining_time":51.62885713},
{"learn":[0.6405798083],"iteration":422,"passed_time":37.7900039,"remaining_time":51.54806679},
{"learn":[0.6405746771],"iteration":423,"passed_time":37.90864483,"remaining_time":51.49853637},
{"learn":[0.6405676857],"iteration":424,"passed_time":38.01008001,"remaining_time":51.42540236},
{"learn":[0.6405614479],"iteration":425,"passed_time":38.09400869,"remaining_time":51.32854693},
{"learn":[0.6405566478],"iteration":426,"passed_time":38.19766777,"remaining_time":51.25822865},
{"learn":[0.6405561711],"iteration":427,"passed_time":38.29033986,"remaining_time":51.17307103},
{"learn":[0.6405493809],"iteration":428,"passed_time":38.39037994,"remaining_time":51.09768519},
{"learn":[0.6405484633],"iteration":429,"passed_time":38.48325529,"remaining_time":51.01268724},
{"learn":[0.6405440406],"iteration":430,"passed_time":38.57211626,"remaining_time":50.92235301},
{"learn":[0.6405424184],"iteration":431,"passed_time":38.65928305,"remaining_time":50.82979809},
{"learn":[0.6405368018],"iteration":432,"passed_time":38.75212341,"remaining_time":50.7446974},
{"learn":[0.6405322673],"iteration":433,"passed_time":38.84793231,"remaining_time":50.66343246},
{"learn":[0.6405258139],"iteration":434,"passed_time":38.93744798,"remaining_time":50.57392669},
{"learn":[0.6405231084],"iteration":435,"passed_time":39.0405131,"remaining_time":50.50194813},
{"learn":[0.6405178755],"iteration":436,"passed_time":39.13796805,"remaining_time":50.42259958},
{"learn":[0.6405147238],"iteration":437,"passed_time":39.21801865,"remaining_time":50.32083671},
{"learn":[0.6405120075],"iteration":438,"passed_time":39.32840744,"remaining_time":50.25794208},
{"learn":[0.640506097],"iteration":439,"passed_time":39.41468939,"remaining_time":50.16415014},
{"learn":[0.6405030676],"iteration":440,"passed_time":39.51243229,"remaining_time":50.08491984},
{"learn":[0.6404951641],"iteration":441,"passed_time":39.61473749,"remaining_time":50.01136543},
{"learn":[0.6404850487],"iteration":442,"passed_time":39.69454929,"remaining_time":49.90939945},
{"learn":[0.6404822818],"iteration":443,"passed_time":39.78497056,"remaining_time":49.820819},
{"learn":[0.6404831489],"iteration":444,"passed_time":39.88400813,"remaining_time":49.74297643},
{"learn":[0.6404758691],"iteration":445,"passed_time":39.97051703,"remaining_time":49.64947631},
{"learn":[0.6404718223],"iteration":446,"passed_time":40.05419277,"remaining_time":49.55250247},
{"learn":[0.6404675912],"iteration":447,"passed_time":40.13871327,"remaining_time":49.45662885},
{"learn":[0.6404618569],"iteration":448,"passed_time":40.22323977,"remaining_time":49.36081317},
{"learn":[0.6404600472],"iteration":449,"passed_time":40.30381863,"remaining_time":49.26022277},
{"learn":[0.6404525607],"iteration":450,"passed_time":40.40063017,"remaining_time":49.17948107},
{"learn":[0.6404518396],"iteration":451,"passed_time":40.49534904,"remaining_time":49.09613114},
{"learn":[0.6404493018],"iteration":452,"passed_time":40.59296099,"remaining_time":49.01622442},
{"learn":[0.6404417953],"iteration":453,"passed_time":40.68915084,"remaining_time":48.93452942},
{"learn":[0.6404347109],"iteration":454,"passed_time":40.78602109,"remaining_time":48.8535857},
{"learn":[0.6404311196],"iteration":455,"passed_time":40.88440505,"remaining_time":48.77437796},
{"learn":[0.6404295358],"iteration":456,"passed_time":40.98138117,"remaining_time":48.69341351},
{"learn":[0.6404244429],"iteration":457,"passed_time":41.08008164,"remaining_time":48.61441976},
{"learn":[0.6404212201],"iteration":458,"passed_time":41.17475223,"remaining_time":48.53059032},
{"learn":[0.6404184428],"iteration":459,"passed_time":41.27046374,"remaining_time":48.44793569},
{"learn":[0.6404155506],"iteration":460,"passed_time":41.35710681,"remaining_time":48.35462163},
{"learn":[0.6404111505],"iteration":461,"passed_time":41.45375563,"remaining_time":48.27298816},
{"learn":[0.6404082213],"iteration":462,"passed_time":41.55481487,"remaining_time":48.19640515},
{"learn":[0.6404047334],"iteration":463,"passed_time":41.6470587,"remaining_time":48.10953333},
{"learn":[0.6404003773],"iteration":464,"passed_time":41.74085226,"remaining_time":48.02442141},
{"learn":[0.6403951535],"iteration":465,"passed_time":41.83068938,"remaining_time":47.93473847},
{"learn":[0.6403909416],"iteration":466,"passed_time":41.91117506,"remaining_time":47.83438181},
{"learn":[0.6403850181],"iteration":467,"passed_time":41.99065365,"remaining_time":47.73296526},
{"learn":[0.640382718],"iteration":468,"passed_time":42.08782743,"remaining_time":47.65167669},
{"learn":[0.6403821363],"iteration":469,"passed_time":42.182134,"remaining_time":47.56708728},
{"learn":[0.6403789358],"iteration":470,"passed_time":42.26727935,"remaining_time":47.47216725},
{"learn":[0.6403685043],"iteration":471,"passed_time":42.35307639,"remaining_time":47.37801765},
{"learn":[0.6403647557],"iteration":472,"passed_time":42.44040398,"remaining_time":47.28560866},
{"learn":[0.6403601099],"iteration":473,"passed_time":42.5245463,"remaining_time":47.1896864},
{"learn":[0.6403575818],"iteration":474,"passed_time":42.62485505,"remaining_time":47.1116819},
{"learn":[0.6403568062],"iteration":475,"passed_time":42.72239264,"remaining_time":47.03053308},
{"learn":[0.6403500263],"iteration":476,"passed_time":42.81260481,"remaining_time":46.94128368},
{"learn":[0.6403389675],"iteration":477,"passed_time":42.89621145,"remaining_time":46.84481669},
{"learn":[0.6403337219],"iteration":478,"passed_time":42.98560958,"remaining_time":46.7547027},
{"learn":[0.6403338604],"iteration":479,"passed_time":43.0625616,"remaining_time":46.6511084},
{"learn":[0.640331489],"iteration":480,"passed_time":43.15332253,"remaining_time":46.56252473},
{"learn":[0.6403274857],"iteration":481,"passed_time":43.24927346,"remaining_time":46.47950966},
{"learn":[0.6403228647],"iteration":482,"passed_time":43.33122709,"remaining_time":46.3814584},
{"learn":[0.6403174287],"iteration":483,"passed_time":43.42618927,"remaining_time":46.29734228},
{"learn":[0.6403142718],"iteration":484,"passed_time":43.51315873,"remaining_time":46.20469432},
{"learn":[0.6403106319],"iteration":485,"passed_time":43.61190641,"remaining_time":46.12452653},
{"learn":[0.6403071763],"iteration":486,"passed_time":43.69311958,"remaining_time":46.0258118},
{"learn":[0.6403041889],"iteration":487,"passed_time":43.77231542,"remaining_time":45.92505224},
{"learn":[0.6403010103],"iteration":488,"passed_time":43.87231679,"remaining_time":45.84612245},
{"learn":[0.6403009325],"iteration":489,"passed_time":43.95695782,"remaining_time":45.75111936},
{"learn":[0.6402942498],"iteration":490,"passed_time":44.03824539,"remaining_time":45.65268209},
{"learn":[0.6402904033],"iteration":491,"passed_time":44.12091191,"remaining_time":45.55573831},
{"learn":[0.6402910001],"iteration":492,"passed_time":44.21555814,"remaining_time":45.47117237},
{"learn":[0.6402827707],"iteration":493,"passed_time":44.31313524,"remaining_time":45.38956767},
{"learn":[0.6402799059],"iteration":494,"passed_time":44.41151885,"remaining_time":45.30872125},
{"learn":[0.6402772428],"iteration":495,"passed_time":44.51012539,"remaining_time":45.22803063},
{"learn":[0.6402723468],"iteration":496,"passed_time":44.58820189,"remaining_time":45.12649004},
{"learn":[0.6402670203],"iteration":497,"passed_time":44.67030259,"remaining_time":45.0291002},
{"learn":[0.6402585513],"iteration":498,"passed_time":44.77349714,"remaining_time":44.95295003},
{"learn":[0.6402569252],"iteration":499,"passed_time":44.86307801,"remaining_time":44.86307801},
{"learn":[0.6402497683],"iteration":500,"passed_time":44.96168472,"remaining_time":44.78219696},
{"learn":[0.6402485638],"iteration":501,"passed_time":45.05597859,"remaining_time":44.69696681},
{"learn":[0.6402445119],"iteration":502,"passed_time":45.15107843,"remaining_time":44.61249698},
{"learn":[0.6402409365],"iteration":503,"passed_time":45.23994419,"remaining_time":44.52184983},
{"learn":[0.6402399677],"iteration":504,"passed_time":45.33205944,"remaining_time":44.43439489},
{"learn":[0.6402374655],"iteration":505,"passed_time":45.42523791,"remaining_time":44.34795954},
{"learn":[0.6402312702],"iteration":506,"passed_time":45.50867448,"remaining_time":44.25202469},
{"learn":[0.640227631],"iteration":507,"passed_time":45.5940406,"remaining_time":44.15800783},
{"learn":[0.6402225698],"iteration":508,"passed_time":45.68792502,"remaining_time":44.07224201},
{"learn":[0.6402186084],"iteration":509,"passed_time":45.78944612,"remaining_time":43.99378156},
{"learn":[0.6402184516],"iteration":510,"passed_time":45.88396975,"remaining_time":43.90853466},
{"learn":[0.6402141477],"iteration":511,"passed_time":45.97809776,"remaining_time":43.82287443},
{"learn":[0.6402074297],"iteration":512,"passed_time":46.07074624,"remaining_time":43.73577664},
{"learn":[0.6402003173],"iteration":513,"passed_time":46.14644273,"remaining_time":43.63262872},
{"learn":[0.6401996438],"iteration":514,"passed_time":46.23733812,"remaining_time":43.54390095},
{"learn":[0.6401928796],"iteration":515,"passed_time":46.33005566,"remaining_time":43.45687391},
{"learn":[0.6401886661],"iteration":516,"passed_time":46.42823176,"remaining_time":43.37492445},
{"learn":[0.6401840547],"iteration":517,"passed_time":46.51158366,"remaining_time":43.27911839},
{"learn":[0.6401815424],"iteration":518,"passed_time":46.60920931,"remaining_time":43.19658898},
{"learn":[0.6401783235],"iteration":519,"passed_time":46.6978779,"remaining_time":43.10573344},
{"learn":[0.6401721051],"iteration":520,"passed_time":46.78470342,"remaining_time":43.01319182},
{"learn":[0.6401745996],"iteration":521,"passed_time":46.8783384,"remaining_time":42.92690758},
{"learn":[0.6401697506],"iteration":522,"passed_time":46.97552355,"remaining_time":42.84383315},
{"learn":[0.6401644186],"iteration":523,"passed_time":47.05914884,"remaining_time":42.74838712},
{"learn":[0.6401644454],"iteration":524,"passed_time":47.15349419,"remaining_time":42.66268522},
{"learn":[0.6401633893],"iteration":525,"passed_time":47.23919317,"remaining_time":42.56915886},
{"learn":[0.640159354],"iteration":526,"passed_time":47.33139951,"remaining_time":42.48150278},
{"learn":[0.6401543089],"iteration":527,"passed_time":47.42959288,"remaining_time":42.39918152},
{"learn":[0.6401528326],"iteration":528,"passed_time":47.52511581,"remaining_time":42.31442259},
{"learn":[0.6401457259],"iteration":529,"passed_time":47.62450795,"remaining_time":42.23305422},
{"learn":[0.6401432176],"iteration":530,"passed_time":47.71643461,"remaining_time":42.14502417},
{"learn":[0.6401381408],"iteration":531,"passed_time":47.80386353,"remaining_time":42.05302281},
{"learn":[0.6401416101],"iteration":532,"passed_time":47.88727696,"remaining_time":41.95752034},
{"learn":[0.6401355101],"iteration":533,"passed_time":47.98252796,"remaining_time":41.87239331},
{"learn":[0.6401321467],"iteration":534,"passed_time":48.07873848,"remaining_time":41.78806242},
{"learn":[0.6401294394],"iteration":535,"passed_time":48.15249571,"remaining_time":41.68425002},
{"learn":[0.6401276242],"iteration":536,"passed_time":48.25120391,"remaining_time":41.60206222},
{"learn":[0.6401244346],"iteration":537,"passed_time":48.34359956,"remaining_time":41.51439219},
{"learn":[0.6401216844],"iteration":538,"passed_time":48.43400206,"remaining_time":41.42499991},
{"learn":[0.6401163508],"iteration":539,"passed_time":48.53198562,"remaining_time":41.34206182},
{"learn":[0.6401149406],"iteration":540,"passed_time":48.60873523,"remaining_time":41.24105263},
{"learn":[0.6401127166],"iteration":541,"passed_time":48.70500294,"remaining_time":41.1566261},
{"learn":[0.6401088699],"iteration":542,"passed_time":48.78794039,"remaining_time":41.06093694},
{"learn":[0.6401065972],"iteration":543,"passed_time":48.8813177,"remaining_time":40.97404572},
{"learn":[0.6401014146],"iteration":544,"passed_time":48.96501791,"remaining_time":40.87905165},
{"learn":[0.640095941],"iteration":545,"passed_time":49.0592173,"remaining_time":40.79282904},
{"learn":[0.6400913238],"iteration":546,"passed_time":49.1567261,"remaining_time":40.70931796},
{"learn":[0.6400896995],"iteration":547,"passed_time":49.25371126,"remaining_time":40.62532389},
{"learn":[0.640084274],"iteration":548,"passed_time":49.3497113,"remaining_time":40.54047322},
{"learn":[0.640085629],"iteration":549,"passed_time":49.44228868,"remaining_time":40.45278165},
{"learn":[0.6400878438],"iteration":550,"passed_time":49.54448102,"remaining_time":40.3729074},
{"learn":[0.640078791],"iteration":551,"passed_time":49.63730022,"remaining_time":40.2853451},
{"learn":[0.6400750761],"iteration":552,"passed_time":49.73206875,"remaining_time":40.19933948},
{"learn":[0.6400689789],"iteration":553,"passed_time":49.83058016,"remaining_time":40.11631543},
{"learn":[0.6400730054],"iteration":554,"passed_time":49.92410059,"remaining_time":40.02923381},
{"learn":[0.6400602901],"iteration":555,"passed_time":50.01784603,"remaining_time":39.9423087},
{"learn":[0.6400550074],"iteration":556,"passed_time":50.11628496,"remaining_time":39.85909198},
{"learn":[0.6400527123],"iteration":557,"passed_time":50.20388239,"remaining_time":39.76723301},
{"learn":[0.640051476],"iteration":558,"passed_time":50.29293045,"remaining_time":39.67653368},
{"learn":[0.6400493174],"iteration":559,"passed_time":50.38800158,"remaining_time":39.59057267},
{"learn":[0.6400431333],"iteration":560,"passed_time":50.49225719,"remaining_time":39.51176632},
{"learn":[0.6400413153],"iteration":561,"passed_time":50.58681082,"remaining_time":39.42530808},
{"learn":[0.6400406587],"iteration":562,"passed_time":50.66970538,"remaining_time":39.32977131},
{"learn":[0.6400361458],"iteration":563,"passed_time":50.76525712,"remaining_time":39.24406401},
{"learn":[0.6400374702],"iteration":564,"passed_time":50.85871481,"remaining_time":39.15670963},
{"learn":[0.6400316999],"iteration":565,"passed_time":50.95178942,"remaining_time":39.06903994},
{"learn":[0.640030832],"iteration":566,"passed_time":51.04264135,"remaining_time":38.9796538},
{"learn":[0.6400248724],"iteration":567,"passed_time":51.12782608,"remaining_time":38.88595223},
{"learn":[0.6400209329],"iteration":568,"passed_time":51.22166703,"remaining_time":38.79883742},
{"learn":[0.6400161816],"iteration":569,"passed_time":51.30545072,"remaining_time":38.70411195},
{"learn":[0.6400135557],"iteration":570,"passed_time":51.39607935,"remaining_time":38.6145675},
{"learn":[0.6400080417],"iteration":571,"passed_time":51.49081605,"remaining_time":38.52809313},
{"learn":[0.640001034],"iteration":572,"passed_time":51.57538824,"remaining_time":38.43401532},
{"learn":[0.6399986635],"iteration":573,"passed_time":51.66441127,"remaining_time":38.34327387},
{"learn":[0.6399986571],"iteration":574,"passed_time":51.75760017,"remaining_time":38.25561752},
{"learn":[0.6399980368],"iteration":575,"passed_time":51.84344485,"remaining_time":38.16253579},
{"learn":[0.6399973974],"iteration":576,"passed_time":51.93981952,"remaining_time":38.07719871},
{"learn":[0.6399922659],"iteration":577,"passed_time":52.03330083,"remaining_time":37.98971099},
{"learn":[0.639992201],"iteration":578,"passed_time":52.11385435,"remaining_time":37.89280256},
{"learn":[0.6399872315],"iteration":579,"passed_time":52.20432894,"remaining_time":37.80313475},
{"learn":[0.6399864394],"iteration":580,"passed_time":52.30138795,"remaining_time":37.71821265},
{"learn":[0.6399834287],"iteration":581,"passed_time":52.39453181,"remaining_time":37.63043693},
{"learn":[0.6399826584],"iteration":582,"passed_time":52.49278445,"remaining_time":37.54629694},
{"learn":[0.6399750397],"iteration":583,"passed_time":52.57682037,"remaining_time":37.45198163},
{"learn":[0.6399715517],"iteration":584,"passed_time":52.6720645,"remaining_time":37.36565259},
{"learn":[0.6399630564],"iteration":585,"passed_time":52.76528329,"remaining_time":37.27786226},
{"learn":[0.6399617098],"iteration":586,"passed_time":52.85855219,"remaining_time":37.19008868},
{"learn":[0.6399587101],"iteration":587,"passed_time":52.95340973,"remaining_time":37.10340954},
{"learn":[0.6399534848],"iteration":588,"passed_time":53.03737406,"remaining_time":37.00910142},
{"learn":[0.6399467252],"iteration":589,"passed_time":53.12506683,"remaining_time":36.91741932},
{"learn":[0.6399434213],"iteration":590,"passed_time":53.21755303,"remaining_time":36.829068},
{"learn":[0.6399413711],"iteration":591,"passed_time":53.31254656,"remaining_time":36.74243073},
{"learn":[0.639939949],"iteration":592,"passed_time":53.40178989,"remaining_time":36.65181869},
{"learn":[0.6399375675],"iteration":593,"passed_time":53.49313933,"remaining_time":36.56265079},
{"learn":[0.6399358266],"iteration":594,"passed_time":53.58693289,"remaining_time":36.47513919},
{"learn":[0.6399270822],"iteration":595,"passed_time":53.66744005,"remaining_time":36.3786003},
{"learn":[0.6399256817],"iteration":596,"passed_time":53.76170339,"remaining_time":36.29140112},
{"learn":[0.6399252111],"iteration":597,"passed_time":53.85710044,"remaining_time":36.20494043},
{"learn":[0.6399231453],"iteration":598,"passed_time":53.95714888,"remaining_time":36.12156377},
{"learn":[0.6399193981],"iteration":599,"passed_time":54.05453347,"remaining_time":36.03635565},
{"learn":[0.6399171198],"iteration":600,"passed_time":54.14732816,"remaining_time":35.94805979},
{"learn":[0.6399146519],"iteration":601,"passed_time":54.24717074,"remaining_time":35.86440856},
{"learn":[0.63990888],"iteration":602,"passed_time":54.3323031,"remaining_time":35.77101879},
{"learn":[0.6399079563],"iteration":603,"passed_time":54.42838065,"remaining_time":35.68483234},
{"learn":[0.6399044941],"iteration":604,"passed_time":54.51016127,"remaining_time":35.58927884},
{"learn":[0.6398974967],"iteration":605,"passed_time":54.61014904,"remaining_time":35.50560845},
{"learn":[0.6398932875],"iteration":606,"passed_time":54.70304225,"remaining_time":35.41729095},
{"learn":[0.6398924233],"iteration":607,"passed_time":54.79681058,"remaining_time":35.32952261},
{"learn":[0.6398900041],"iteration":608,"passed_time":54.89425896,"remaining_time":35.2440973},
{"learn":[0.639883305],"iteration":609,"passed_time":54.9943047,"remaining_time":35.16029317},
{"learn":[0.6398780775],"iteration":610,"passed_time":55.09230921,"remaining_time":35.07513631},
{"learn":[0.6398734768],"iteration":611,"passed_time":55.1808579,"remaining_time":34.98394259},
{"learn":[0.6398703096],"iteration":612,"passed_time":55.28035045,"remaining_time":34.8996666},
{"learn":[0.6398690019],"iteration":613,"passed_time":55.37307001,"remaining_time":34.8110831},
{"learn":[0.6398664163],"iteration":614,"passed_time":55.46305569,"remaining_time":34.7207747},
{"learn":[0.6398660387],"iteration":615,"passed_time":55.56703448,"remaining_time":34.63919033},
{"learn":[0.6398583974],"iteration":616,"passed_time":55.67739111,"remaining_time":34.56149237},
{"learn":[0.6398555847],"iteration":617,"passed_time":55.7880091,"remaining_time":34.48385029},
{"learn":[0.6398541787],"iteration":618,"passed_time":55.89900489,"remaining_time":34.40633419},
{"learn":[0.639851814],"iteration":619,"passed_time":56.00596743,"remaining_time":34.3262381},
{"learn":[0.6398451074],"iteration":620,"passed_time":56.10122353,"remaining_time":34.23891098},
{"learn":[0.6398412026],"iteration":621,"passed_time":56.18408485,"remaining_time":34.14402584},
{"learn":[0.6398387875],"iteration":622,"passed_time":56.28509962,"remaining_time":34.06016462},
{"learn":[0.6398328368],"iteration":623,"passed_time":56.38138342,"remaining_time":33.9733977},
{"learn":[0.6398289361],"iteration":624,"passed_time":56.48268461,"remaining_time":33.88961077},
{"learn":[0.6398303531],"iteration":625,"passed_time":56.57878382,"remaining_time":33.80265998},
{"learn":[0.6398245552],"iteration":626,"passed_time":56.66783126,"remaining_time":33.71148494},
{"learn":[0.6398212905],"iteration":627,"passed_time":56.77263016,"remaining_time":33.62964717},
{"learn":[0.6398199504],"iteration":628,"passed_time":56.87119699,"remaining_time":33.54406055},
{"learn":[0.6398125397],"iteration":629,"passed_time":56.95992008,"remaining_time":33.45265147},
{"learn":[0.639809024],"iteration":630,"passed_time":57.05439319,"remaining_time":33.36461345},
{"learn":[0.6398052857],"iteration":631,"passed_time":57.15533893,"remaining_time":33.28032393},
{"learn":[0.6398004796],"iteration":632,"passed_time":57.25977077,"remaining_time":33.19800296},
{"learn":[0.6397976258],"iteration":633,"passed_time":57.34724498,"remaining_time":33.10582281},
{"learn":[0.6397923638],"iteration":634,"passed_time":57.44225796,"remaining_time":33.0179908},
{"learn":[0.6397925476],"iteration":635,"passed_time":57.53035849,"remaining_time":32.92618002},
{"learn":[0.6397900034],"iteration":636,"passed_time":57.61983187,"remaining_time":32.83516322},
{"learn":[0.6397847925],"iteration":637,"passed_time":57.7082083,"remaining_time":32.74352885},
{"learn":[0.6397843101],"iteration":638,"passed_time":57.78822016,"remaining_time":32.64717915},
{"learn":[0.6397794511],"iteration":639,"passed_time":57.87076218,"remaining_time":32.55230372},
{"learn":[0.6397794852],"iteration":640,"passed_time":57.9738714,"remaining_time":32.4689857},
{"learn":[0.639775449],"iteration":641,"passed_time":58.07921209,"remaining_time":32.38685036},
{"learn":[0.6397730405],"iteration":642,"passed_time":58.16626638,"remaining_time":32.29449004},
{"learn":[0.6397720739],"iteration":643,"passed_time":58.25497876,"remaining_time":32.20306279},
{"learn":[0.6397659872],"iteration":644,"passed_time":58.33137722,"remaining_time":32.10486653},
{"learn":[0.6397629501],"iteration":645,"passed_time":58.42688599,"remaining_time":32.01720997},
{"learn":[0.6397606334],"iteration":646,"passed_time":58.52200733,"remaining_time":31.92931775},
{"learn":[0.6397569562],"iteration":647,"passed_time":58.61877074,"remaining_time":31.84229522},
{"learn":[0.6397570426],"iteration":648,"passed_time":58.71539124,"remaining_time":31.75516537},
{"learn":[0.6397526961],"iteration":649,"passed_time":58.81361956,"remaining_time":31.66887207},
{"learn":[0.6397512909],"iteration":650,"passed_time":58.90705466,"remaining_time":31.57997247},
{"learn":[0.6397482914],"iteration":651,"passed_time":59.00558895,"remaining_time":31.4937806},
{"learn":[0.6397441692],"iteration":652,"passed_time":59.09771604,"remaining_time":31.40414619},
{"learn":[0.6397402186],"iteration":653,"passed_time":59.18125894,"remaining_time":31.30996268},
{"learn":[0.6397381749],"iteration":654,"passed_time":59.28076626,"remaining_time":31.22422039},
{"learn":[0.6397331348],"iteration":655,"passed_time":59.38153073,"remaining_time":31.13909538},
{"learn":[0.6397304982],"iteration":656,"passed_time":59.47364106,"remaining_time":31.04940469},
{"learn":[0.6397262233],"iteration":657,"passed_time":59.56412436,"remaining_time":30.95886099},
{"learn":[0.639720526],"iteration":658,"passed_time":59.64959394,"remaining_time":30.86572312},
{"learn":[0.6397184707],"iteration":659,"passed_time":59.74225178,"remaining_time":30.77631152},
{"learn":[0.6397098835],"iteration":660,"passed_time":59.82519017,"remaining_time":30.6819054},
{"learn":[0.6397072575],"iteration":661,"passed_time":59.91160054,"remaining_time":30.58930662},
{"learn":[0.639702307],"iteration":662,"passed_time":59.99919218,"remaining_time":30.49732694},
{"learn":[0.6396994164],"iteration":663,"passed_time":60.08794635,"remaining_time":30.40594876},
{"learn":[0.6396997251],"iteration":664,"passed_time":60.18364979,"remaining_time":30.31807922},
{"learn":[0.6396961989],"iteration":665,"passed_time":60.28723601,"remaining_time":30.23413938},
{"learn":[0.6396951948],"iteration":666,"passed_time":60.37483454,"remaining_time":30.14215877},
{"learn":[0.6396911317],"iteration":667,"passed_time":60.4620877,"remaining_time":30.05001963},
{"learn":[0.6396886471],"iteration":668,"passed_time":60.55680646,"remaining_time":29.96158884},
{"learn":[0.6396832884],"iteration":669,"passed_time":60.64783703,"remaining_time":29.87132271},
{"learn":[0.6396770697],"iteration":670,"passed_time":60.72640036,"remaining_time":29.77494146},
{"learn":[0.63967527],"iteration":671,"passed_time":60.8182714,"remaining_time":29.68510866},
{"learn":[0.6396733932],"iteration":672,"passed_time":60.91084457,"remaining_time":29.59561096},
{"learn":[0.6396708618],"iteration":673,"passed_time":61.00544739,"remaining_time":29.50708583},
{"learn":[0.6396682632],"iteration":674,"passed_time":61.10387397,"remaining_time":29.42038376},
{"learn":[0.6396638422],"iteration":675,"passed_time":61.18202338,"remaining_time":29.32392837},
{"learn":[0.6396618627],"iteration":676,"passed_time":61.26382845,"remaining_time":29.22927118},
{"learn":[0.63966179],"iteration":677,"passed_time":61.35211852,"remaining_time":29.1377318},
{"learn":[0.6396591537],"iteration":678,"passed_time":61.44945944,"remaining_time":29.05048083},
{"learn":[0.6396552699],"iteration":679,"passed_time":61.53019187,"remaining_time":28.95538441},
{"learn":[0.639650708],"iteration":680,"passed_time":61.62323762,"remaining_time":28.86609809},
{"learn":[0.6396510646],"iteration":681,"passed_time":61.7210083,"remaining_time":28.77900387},
{"learn":[0.6396467581],"iteration":682,"passed_time":61.80904941,"remaining_time":28.68736261},
{"learn":[0.6396452726],"iteration":683,"passed_time":61.90178657,"remaining_time":28.5979014},
{"learn":[0.6396383008],"iteration":684,"passed_time":61.99719804,"remaining_time":28.50966041},
{"learn":[0.6396316186],"iteration":685,"passed_time":62.08454463,"remaining_time":28.41770702},
{"learn":[0.6396315755],"iteration":686,"passed_time":62.1765717,"remaining_time":28.32789948},
{"learn":[0.6396269601],"iteration":687,"passed_time":62.25824033,"remaining_time":28.23338806},
{"learn":[0.6396247197],"iteration":688,"passed_time":62.3594128,"remaining_time":28.14771753},
{"learn":[0.6396213776],"iteration":689,"passed_time":62.45363226,"remaining_time":28.05887826},
{"learn":[0.639614959],"iteration":690,"passed_time":62.5421554,"remaining_time":27.96747615},
{"learn":[0.639610728],"iteration":691,"passed_time":62.63986101,"remaining_time":27.88016935},
{"learn":[0.6396050631],"iteration":692,"passed_time":62.73825603,"remaining_time":27.79313795},
{"learn":[0.6396045094],"iteration":693,"passed_time":62.82895985,"remaining_time":27.70268258},
{"learn":[0.6396028881],"iteration":694,"passed_time":62.92016616,"remaining_time":27.61244702},
{"learn":[0.6395970777],"iteration":695,"passed_time":63.01275725,"remaining_time":27.52281351},
{"learn":[0.639596583],"iteration":696,"passed_time":63.10278436,"remaining_time":27.4320569},
{"learn":[0.6395909948],"iteration":697,"passed_time":63.20149064,"remaining_time":27.34505756},
{"learn":[0.6395910927],"iteration":698,"passed_time":63.29316188,"remaining_time":27.25499532},
{"learn":[0.6395863994],"iteration":699,"passed_time":63.37451429,"remaining_time":27.16050612},
{"learn":[0.6395847927],"iteration":700,"passed_time":63.47315988,"remaining_time":27.07343053},
{"learn":[0.6395841202],"iteration":701,"passed_time":63.56954934,"remaining_time":26.98536425},
{"learn":[0.6395808706],"iteration":702,"passed_time":63.6579372,"remaining_time":26.89389381},
{"learn":[0.6395818895],"iteration":703,"passed_time":63.75522508,"remaining_time":26.80617418},
{"learn":[0.6395720505],"iteration":704,"passed_time":63.82949054,"remaining_time":26.70879391},
{"learn":[0.6395713128],"iteration":705,"passed_time":63.9161287,"remaining_time":26.6166315},
{"learn":[0.6395639524],"iteration":706,"passed_time":64.00668631,"remaining_time":26.52610904},
{"learn":[0.6395638715],"iteration":707,"passed_time":64.10364213,"remaining_time":26.43822529},
{"learn":[0.6395617181],"iteration":708,"passed_time":64.20053924,"remaining_time":26.35029185},
{"learn":[0.6395605353],"iteration":709,"passed_time":64.29022947,"remaining_time":26.2593895},
{"learn":[0.6395538238],"iteration":710,"passed_time":64.37246466,"remaining_time":26.16546032},
{"learn":[0.6395502535],"iteration":711,"passed_time":64.45931577,"remaining_time":26.0734311},
{"learn":[0.6395488038],"iteration":712,"passed_time":64.55595103,"remaining_time":25.98535476},
{"learn":[0.639545965],"iteration":713,"passed_time":64.64375327,"remaining_time":25.8937163},
{"learn":[0.6395427487],"iteration":714,"passed_time":64.73899381,"remaining_time":25.80505348},
{"learn":[0.6395421736],"iteration":715,"passed_time":64.82714668,"remaining_time":25.71356097},
{"learn":[0.6395417609],"iteration":716,"passed_time":64.91680959,"remaining_time":25.6226738},
{"learn":[0.6395383488],"iteration":717,"passed_time":64.99872962,"remaining_time":25.52874896},
{"learn":[0.6395358737],"iteration":718,"passed_time":65.08489722,"remaining_time":25.43651755},
{"learn":[0.6395314441],"iteration":719,"passed_time":65.18570095,"remaining_time":25.34999481},
{"learn":[0.6395297193],"iteration":720,"passed_time":65.29145859,"remaining_time":25.26534944},
{"learn":[0.6395229588],"iteration":721,"passed_time":65.38315211,"remaining_time":25.17523031},
{"learn":[0.6395233174],"iteration":722,"passed_time":65.4765244,"remaining_time":25.08575001},
{"learn":[0.6395149161],"iteration":723,"passed_time":65.56155636,"remaining_time":24.9930795},
{"learn":[0.6395118953],"iteration":724,"passed_time":65.6441686,"remaining_time":24.89951223},
{"learn":[0.6395111788],"iteration":725,"passed_time":65.73664847,"remaining_time":24.80969928},
{"learn":[0.6395069379],"iteration":726,"passed_time":65.82726438,"remaining_time":24.71917906},
{"learn":[0.6395077943],"iteration":727,"passed_time":65.92002744,"remaining_time":24.6294608},
{"learn":[0.6395059544],"iteration":728,"passed_time":65.99522448,"remaining_time":24.53320416},
{"learn":[0.6395068608],"iteration":729,"passed_time":66.07958714,"remaining_time":24.44039524},
{"learn":[0.6395034322],"iteration":730,"passed_time":66.15821591,"remaining_time":24.34549943},
{"learn":[0.6395039891],"iteration":731,"passed_time":66.25203089,"remaining_time":24.25620803},
{"learn":[0.6395000235],"iteration":732,"passed_time":66.33497221,"remaining_time":24.16294349},
{"learn":[0.6394991979],"iteration":733,"passed_time":66.41588396,"remaining_time":24.06897157},
{"learn":[0.6394943547],"iteration":734,"passed_time":66.50726469,"remaining_time":23.97880972},
{"learn":[0.6394928302],"iteration":735,"passed_time":66.5946182,"remaining_time":23.88720001},
{"learn":[0.6394894617],"iteration":736,"passed_time":66.68253003,"remaining_time":23.79580108},
{"learn":[0.6394870705],"iteration":737,"passed_time":66.78397918,"remaining_time":23.70921754},
{"learn":[0.6394839192],"iteration":738,"passed_time":66.86788101,"remaining_time":23.6163964},
{"learn":[0.6394830005],"iteration":739,"passed_time":66.96318565,"remaining_time":23.52760577},
{"learn":[0.6394787887],"iteration":740,"passed_time":67.05563165,"remaining_time":23.43779838},
{"learn":[0.6394772643],"iteration":741,"passed_time":67.1429689,"remaining_time":23.34620752},
{"learn":[0.6394756258],"iteration":742,"passed_time":67.23696569,"remaining_time":23.25693161},
{"learn":[0.6394768867],"iteration":743,"passed_time":67.32733939,"remaining_time":23.16639635},
{"learn":[0.6394704338],"iteration":744,"passed_time":67.42292357,"remaining_time":23.07764498},
{"learn":[0.6394711126],"iteration":745,"passed_time":67.52455408,"remaining_time":22.99093396},
{"learn":[0.6394692592],"iteration":746,"passed_time":67.60813608,"remaining_time":22.89807019},
{"learn":[0.6394634496],"iteration":747,"passed_time":67.70196013,"remaining_time":22.80868175},
{"learn":[0.6394613959],"iteration":748,"passed_time":67.79215636,"remaining_time":22.71806575},
{"learn":[0.6394577398],"iteration":749,"passed_time":67.87764687,"remaining_time":22.62588229},
{"learn":[0.6394543057],"iteration":750,"passed_time":67.97933578,"remaining_time":22.53908736},
{"learn":[0.639450585],"iteration":751,"passed_time":68.06115252,"remaining_time":22.44569924},
{"learn":[0.6394517195],"iteration":752,"passed_time":68.16051897,"remaining_time":22.35809852},
{"learn":[0.6394449661],"iteration":753,"passed_time":68.24821934,"remaining_time":22.26666042},
{"learn":[0.6394431926],"iteration":754,"passed_time":68.34179252,"remaining_time":22.17713797},
{"learn":[0.639438468],"iteration":755,"passed_time":68.4380118,"remaining_time":22.08845884},
{"learn":[0.6394345307],"iteration":756,"passed_time":68.53238525,"remaining_time":21.99916726},
{"learn":[0.6394339733],"iteration":757,"passed_time":68.62693758,"remaining_time":21.90991938},
{"learn":[0.639426565],"iteration":758,"passed_time":68.7076595,"remaining_time":21.81626606},
{"learn":[0.6394185847],"iteration":759,"passed_time":68.80292778,"remaining_time":21.72724035},
{"learn":[0.6394158021],"iteration":760,"passed_time":68.8906976,"remaining_time":21.63584327},
{"learn":[0.6394140265],"iteration":761,"passed_time":68.9861627,"remaining_time":21.54685922},
{"learn":[0.6394100771],"iteration":762,"passed_time":69.08026901,"remaining_time":21.45743611},
{"learn":[0.6394045443],"iteration":763,"passed_time":69.17000998,"remaining_time":21.3666523},
{"learn":[0.6394011322],"iteration":764,"passed_time":69.26125047,"remaining_time":21.27633184},
{"learn":[0.639402016],"iteration":765,"passed_time":69.35980065,"remaining_time":21.18824197},
{"learn":[0.6393941325],"iteration":766,"passed_time":69.44573195,"remaining_time":21.09629145},
{"learn":[0.6393958824],"iteration":767,"passed_time":69.52806909,"remaining_time":21.00327087},
{"learn":[0.6393903926],"iteration":768,"passed_time":69.63056751,"remaining_time":20.91633432},
{"learn":[0.6393866387],"iteration":769,"passed_time":69.7235561,"remaining_time":20.82651676},
{"learn":[0.639384393],"iteration":770,"passed_time":69.79689057,"remaining_time":20.73085336},
{"learn":[0.6393791206],"iteration":771,"passed_time":69.89582363,"remaining_time":20.64280801},
{"learn":[0.6393777167],"iteration":772,"passed_time":69.98555892,"remaining_time":20.55203347},
{"learn":[0.6393737459],"iteration":773,"passed_time":70.08358054,"remaining_time":20.46368114},
{"learn":[0.6393744727],"iteration":774,"passed_time":70.17578846,"remaining_time":20.37361601},
{"learn":[0.6393685786],"iteration":775,"passed_time":70.25521409,"remaining_time":20.27985561},
{"learn":[0.6393673308],"iteration":776,"passed_time":70.34764867,"remaining_time":20.18986571},
{"learn":[0.6393628285],"iteration":777,"passed_time":70.4426,"remaining_time":20.10058766},
{"learn":[0.6393616136],"iteration":778,"passed_time":70.53462311,"remaining_time":20.01046432},
{"learn":[0.6393609623],"iteration":779,"passed_time":70.63252107,"remaining_time":19.92199312},
{"learn":[0.639356318],"iteration":780,"passed_time":70.72693103,"remaining_time":19.83251971},
{"learn":[0.639350346],"iteration":781,"passed_time":70.82052966,"remaining_time":19.7428075},
{"learn":[0.6393455069],"iteration":782,"passed_time":70.91495962,"remaining_time":19.65331576},
{"learn":[0.6393412486],"iteration":783,"passed_time":71.00366106,"remaining_time":19.56223315},
{"learn":[0.6393409447],"iteration":784,"passed_time":71.09821327,"remaining_time":19.47275905},
{"learn":[0.6393360589],"iteration":785,"passed_time":71.18715563,"remaining_time":19.38174466},
{"learn":[0.6393343934],"iteration":786,"passed_time":71.26635394,"remaining_time":19.28809833},
{"learn":[0.6393297451],"iteration":787,"passed_time":71.34493483,"remaining_time":19.19432257},
{"learn":[0.6393284208],"iteration":788,"passed_time":71.44160663,"remaining_time":19.10542332},
{"learn":[0.6393250204],"iteration":789,"passed_time":71.53630977,"remaining_time":19.01598108},
{"learn":[0.6393214018],"iteration":790,"passed_time":71.63116643,"remaining_time":18.9265661},
{"learn":[0.6393203013],"iteration":791,"passed_time":71.72758478,"remaining_time":18.83754752},
{"learn":[0.639311732],"iteration":792,"passed_time":71.82568617,"remaining_time":18.7489496},
{"learn":[0.6393115909],"iteration":793,"passed_time":71.92386289,"remaining_time":18.6603473},
{"learn":[0.6393086997],"iteration":794,"passed_time":72.02544505,"remaining_time":18.57259904},
{"learn":[0.6393085915],"iteration":795,"passed_time":72.12643046,"remaining_time":18.48466308},
{"learn":[0.6393035965],"iteration":796,"passed_time":72.22478837,"remaining_time":18.39602514},
{"learn":[0.6393049297],"iteration":797,"passed_time":72.33055035,"remaining_time":18.30923706},
{"learn":[0.6393014527],"iteration":798,"passed_time":72.41694984,"remaining_time":18.21753056},
{"learn":[0.639298805],"iteration":799,"passed_time":72.51986104,"remaining_time":18.12996526},
{"learn":[0.6392969276],"iteration":800,"passed_time":72.61177793,"remaining_time":18.03963022},
{"learn":[0.6392930548],"iteration":801,"passed_time":72.70566742,"remaining_time":17.94977824},
{"learn":[0.6392944327],"iteration":802,"passed_time":72.79584366,"remaining_time":17.85900523},
{"learn":[0.6392908914],"iteration":803,"passed_time":72.88879094,"remaining_time":17.76890923},
{"learn":[0.6392873378],"iteration":804,"passed_time":72.97994431,"remaining_time":17.6783716},
{"learn":[0.6392830747],"iteration":805,"passed_time":73.06293061,"remaining_time":17.58586667},
{"learn":[0.639286999],"iteration":806,"passed_time":73.16101062,"remaining_time":17.49699511},
{"learn":[0.639284254],"iteration":807,"passed_time":73.25011103,"remaining_time":17.40596698},
{"learn":[0.6392805167],"iteration":808,"passed_time":73.35266185,"remaining_time":17.31811918},
{"learn":[0.6392780517],"iteration":809,"passed_time":73.45826067,"remaining_time":17.23095003},
{"learn":[0.6392735757],"iteration":810,"passed_time":73.55838186,"remaining_time":17.1424589},
{"learn":[0.6392711244],"iteration":811,"passed_time":73.65900822,"remaining_time":17.05405609},
{"learn":[0.6392721327],"iteration":812,"passed_time":73.75514859,"remaining_time":16.96459137},
{"learn":[0.6392649154],"iteration":813,"passed_time":73.8438796,"remaining_time":16.87341721},
{"learn":[0.6392638745],"iteration":814,"passed_time":73.94197807,"remaining_time":16.78437539},
{"learn":[0.6392615095],"iteration":815,"passed_time":74.03585324,"remaining_time":16.69435906},
{"learn":[0.6392548914],"iteration":816,"passed_time":74.14300767,"remaining_time":16.60730772},
{"learn":[0.639251229],"iteration":817,"passed_time":74.24487971,"remaining_time":16.51903192},
{"learn":[0.6392506],"iteration":818,"passed_time":74.34779494,"remaining_time":16.43095346},
{"learn":[0.639248571],"iteration":819,"passed_time":74.44304947,"remaining_time":16.3411572},
{"learn":[0.6392459735],"iteration":820,"passed_time":74.53628826,"remaining_time":16.25090816},
{"learn":[0.6392422386],"iteration":821,"passed_time":74.63668476,"remaining_time":16.16220181},
{"learn":[0.6392397433],"iteration":822,"passed_time":74.7345666,"remaining_time":16.07292623},
{"learn":[0.6392386647],"iteration":823,"passed_time":74.83568685,"remaining_time":15.98432146},
{"learn":[0.6392342593],"iteration":824,"passed_time":74.93569334,"remaining_time":15.8954501},
{"learn":[0.6392316871],"iteration":825,"passed_time":75.04214859,"remaining_time":15.80791024},
{"learn":[0.6392316058],"iteration":826,"passed_time":75.14028377,"remaining_time":15.71858415},
{"learn":[0.6392307021],"iteration":827,"passed_time":75.23756693,"remaining_time":15.6290598},
{"learn":[0.6392257983],"iteration":828,"passed_time":75.33623427,"remaining_time":15.53980224},
{"learn":[0.6392266106],"iteration":829,"passed_time":75.4432502,"remaining_time":15.45223197},
{"learn":[0.6392329336],"iteration":830,"passed_time":75.54229578,"remaining_time":15.36299397},
{"learn":[0.6392294081],"iteration":831,"passed_time":75.64782804,"remaining_time":15.2750422},
{"learn":[0.6392245153],"iteration":832,"passed_time":75.74762549,"remaining_time":15.18589851},
{"learn":[0.6392240862],"iteration":833,"passed_time":75.84266031,"remaining_time":15.09578131},
{"learn":[0.6392180929],"iteration":834,"passed_time":75.9362045,"remaining_time":15.00535777},
{"learn":[0.6392170409],"iteration":835,"passed_time":76.03207222,"remaining_time":14.91538259},
{"learn":[0.6392169773],"iteration":836,"passed_time":76.12957795,"remaining_time":14.82571231},
{"learn":[0.6392143452],"iteration":837,"passed_time":76.22652799,"remaining_time":14.73591591},
{"learn":[0.6392136073],"iteration":838,"passed_time":76.33321508,"remaining_time":14.64797095},
{"learn":[0.6392064796],"iteration":839,"passed_time":76.43985812,"remaining_time":14.55997297},
{"learn":[0.6392049452],"iteration":840,"passed_time":76.53637873,"remaining_time":14.47001691},
{"learn":[0.6392010342],"iteration":841,"passed_time":76.63608773,"remaining_time":14.38064354},
{"learn":[0.6391956735],"iteration":842,"passed_time":76.73439074,"remaining_time":14.2909838},
{"learn":[0.6391919523],"iteration":843,"passed_time":76.82807815,"remaining_time":14.20045046},
{"learn":[0.6391920062],"iteration":844,"passed_time":76.91379676,"remaining_time":14.10844793},
{"learn":[0.639188974],"iteration":845,"passed_time":76.99746329,"remaining_time":14.0160867},
{"learn":[0.6391839454],"iteration":846,"passed_time":77.10092609,"remaining_time":13.92732195},
{"learn":[0.6391800499],"iteration":847,"passed_time":77.19513089,"remaining_time":13.83686308},
{"learn":[0.6391775495],"iteration":848,"passed_time":77.29791788,"remaining_time":13.74792179},
{"learn":[0.6391751052],"iteration":849,"passed_time":77.3932838,"remaining_time":13.65763832},
{"learn":[0.6391756666],"iteration":850,"passed_time":77.49208326,"remaining_time":13.56794407},
{"learn":[0.6391738651],"iteration":851,"passed_time":77.58689057,"remaining_time":13.47753498},
{"learn":[0.6391690437],"iteration":852,"passed_time":77.68040867,"remaining_time":13.38689341},
{"learn":[0.6391674381],"iteration":853,"passed_time":77.77579255,"remaining_time":13.29656407},
{"learn":[0.6391679757],"iteration":854,"passed_time":77.87369972,"remaining_time":13.20665083},
{"learn":[0.6391624265],"iteration":855,"passed_time":77.9593772,"remaining_time":13.11466158},
{"learn":[0.6391597142],"iteration":856,"passed_time":78.05675585,"remaining_time":13.02463954},
{"learn":[0.6391575373],"iteration":857,"passed_time":78.16399674,"remaining_time":12.93623256},
{"learn":[0.6391573147],"iteration":858,"passed_time":78.27512023,"remaining_time":12.84841904},
{"learn":[0.6391558996],"iteration":859,"passed_time":78.37638167,"remaining_time":12.75894585},
{"learn":[0.6391501277],"iteration":860,"passed_time":78.46528139,"remaining_time":12.66744961},
{"learn":[0.6391486469],"iteration":861,"passed_time":78.56556779,"remaining_time":12.57778231},
{"learn":[0.6391435204],"iteration":862,"passed_time":78.653937,"remaining_time":12.48619857},
{"learn":[0.6391431293],"iteration":863,"passed_time":78.7618513,"remaining_time":12.39769882},
{"learn":[0.6391394569],"iteration":864,"passed_time":78.86454932,"remaining_time":12.30834007},
{"learn":[0.6391351168],"iteration":865,"passed_time":78.96180503,"remaining_time":12.2181084},
{"learn":[0.6391306361],"iteration":866,"passed_time":79.05735636,"remaining_time":12.12759907},
{"learn":[0.6391282949],"iteration":867,"passed_time":79.15042354,"remaining_time":12.03670035},
{"learn":[0.6391254308],"iteration":868,"passed_time":79.24866996,"remaining_time":11.9465774},
{"learn":[0.6391206804],"iteration":869,"passed_time":79.35174389,"remaining_time":11.85715713},
{"learn":[0.639118739],"iteration":870,"passed_time":79.44333166,"remaining_time":11.76600434},
{"learn":[0.6391131931],"iteration":871,"passed_time":79.53348969,"remaining_time":11.67464069},
{"learn":[0.6391130973],"iteration":872,"passed_time":79.63285743,"remaining_time":11.58461958},
{"learn":[0.6391125502],"iteration":873,"passed_time":79.71911367,"remaining_time":11.49268687},
{"learn":[0.6391108092],"iteration":874,"passed_time":79.81649189,"remaining_time":11.40235598},
{"learn":[0.6391076246],"iteration":875,"passed_time":79.91552344,"remaining_time":11.31224304},
{"learn":[0.6391063932],"iteration":876,"passed_time":79.99184571,"remaining_time":11.21892477},
{"learn":[0.6391040668],"iteration":877,"passed_time":80.07756943,"remaining_time":11.12695156},
{"learn":[0.6390991574],"iteration":878,"passed_time":80.16778968,"remaining_time":11.03561155},
{"learn":[0.6390949755],"iteration":879,"passed_time":80.25368985,"remaining_time":10.94368498},
{"learn":[0.6390928158],"iteration":880,"passed_time":80.34711657,"remaining_time":10.85278873},
{"learn":[0.6390929516],"iteration":881,"passed_time":80.4419057,"remaining_time":10.76206902},
{"learn":[0.6390911618],"iteration":882,"passed_time":80.53549807,"remaining_time":10.67118151},
{"learn":[0.6390886832],"iteration":883,"passed_time":80.62714648,"remaining_time":10.5800328},
{"learn":[0.6390853646],"iteration":884,"passed_time":80.71921655,"remaining_time":10.48893774},
{"learn":[0.6390831515],"iteration":885,"passed_time":80.81495751,"remaining_time":10.39831282},
{"learn":[0.6390799398],"iteration":886,"passed_time":80.90531443,"remaining_time":10.30699045},
{"learn":[0.6390775334],"iteration":887,"passed_time":80.99989965,"remaining_time":10.21620356},
{"learn":[0.6390711365],"iteration":888,"passed_time":81.08868576,"remaining_time":10.12468405},
{"learn":[0.6390694758],"iteration":889,"passed_time":81.17182521,"remaining_time":10.03247278},
{"learn":[0.639067192],"iteration":890,"passed_time":81.26626798,"remaining_time":9.941664657},
{"learn":[0.6390596235],"iteration":891,"passed_time":81.34881716,"remaining_time":9.849408356},
{"learn":[0.6390599213],"iteration":892,"passed_time":81.44021463,"remaining_time":9.758234004},
{"learn":[0.6390550115],"iteration":893,"passed_time":81.53210852,"remaining_time":9.667118013},
{"learn":[0.6390561174],"iteration":894,"passed_time":81.62670432,"remaining_time":9.576317267},
{"learn":[0.6390530314],"iteration":895,"passed_time":81.73010966,"remaining_time":9.486530586},
{"learn":[0.6390527348],"iteration":896,"passed_time":81.82525883,"remaining_time":9.395765507},
{"learn":[0.6390514586],"iteration":897,"passed_time":81.9243896,"remaining_time":9.305442916},
{"learn":[0.6390488374],"iteration":898,"passed_time":82.01226873,"remaining_time":9.213836642},
{"learn":[0.6390481313],"iteration":899,"passed_time":82.10969315,"remaining_time":9.123299239},
{"learn":[0.6390457801],"iteration":900,"passed_time":82.18739682,"remaining_time":9.030579673},
{"learn":[0.6390424173],"iteration":901,"passed_time":82.27229144,"remaining_time":8.93867468},
{"learn":[0.6390382127],"iteration":902,"passed_time":82.35093174,"remaining_time":8.846113376},
{"learn":[0.6390357023],"iteration":903,"passed_time":82.43085561,"remaining_time":8.753719179},
{"learn":[0.6390311484],"iteration":904,"passed_time":82.51067802,"remaining_time":8.661341891},
{"learn":[0.639031273],"iteration":905,"passed_time":82.58634705,"remaining_time":8.568561393},
{"learn":[0.63903845],"iteration":906,"passed_time":82.66053575,"remaining_time":8.475666841},
{"learn":[0.6390349998],"iteration":907,"passed_time":82.75531387,"remaining_time":8.384899643},
{"learn":[0.6390317559],"iteration":908,"passed_time":82.84214394,"remaining_time":8.293327941},
{"learn":[0.6390307747],"iteration":909,"passed_time":82.93296354,"remaining_time":8.202161229},
{"learn":[0.639030021],"iteration":910,"passed_time":83.00909515,"remaining_time":8.109560338},
{"learn":[0.6390307146],"iteration":911,"passed_time":83.09981956,"remaining_time":8.018403642},
{"learn":[0.6390293144],"iteration":912,"passed_time":83.18977291,"remaining_time":7.927174418},
{"learn":[0.6390273682],"iteration":913,"passed_time":83.28382179,"remaining_time":7.836333341},
{"learn":[0.6390232836],"iteration":914,"passed_time":83.37023573,"remaining_time":7.744775997},
{"learn":[0.6390175707],"iteration":915,"passed_time":83.46215328,"remaining_time":7.65373458},
{"learn":[0.6390125301],"iteration":916,"passed_time":83.56164284,"remaining_time":7.563376615},
{"learn":[0.6390085422],"iteration":917,"passed_time":83.65459648,"remaining_time":7.472414936},
{"learn":[0.639006728],"iteration":918,"passed_time":83.74173356,"remaining_time":7.380936255},
{"learn":[0.6390027579],"iteration":919,"passed_time":83.82046902,"remaining_time":7.288736437},
{"learn":[0.6389998478],"iteration":920,"passed_time":83.91258386,"remaining_time":7.197713491},
{"learn":[0.6389993054],"iteration":921,"passed_time":84.00245049,"remaining_time":7.10649798},
{"learn":[0.6390022798],"iteration":922,"passed_time":84.09633114,"remaining_time":7.015620257},
{"learn":[0.6389980922],"iteration":923,"passed_time":84.19409076,"remaining_time":6.925055084},
{"learn":[0.638996151],"iteration":924,"passed_time":84.29334781,"remaining_time":6.834595768},
{"learn":[0.6389984669],"iteration":925,"passed_time":84.38924684,"remaining_time":6.7438491},
{"learn":[0.638992166],"iteration":926,"passed_time":84.47219784,"remaining_time":6.652071674},
{"learn":[0.6389892526],"iteration":927,"passed_time":84.55572018,"remaining_time":6.5603576},
{"learn":[0.6389903488],"iteration":928,"passed_time":84.65178863,"remaining_time":6.469620014},
{"learn":[0.6389868013],"iteration":929,"passed_time":84.74176559,"remaining_time":6.378412463},
{"learn":[0.6389847348],"iteration":930,"passed_time":84.83645004,"remaining_time":6.287556447},
{"learn":[0.6389817403],"iteration":931,"passed_time":84.9238767,"remaining_time":6.196162678},
{"learn":[0.6389797113],"iteration":932,"passed_time":85.00917651,"remaining_time":6.10462468},
{"learn":[0.6389763971],"iteration":933,"passed_time":85.08770433,"remaining_time":6.012621505},
{"learn":[0.6389769235],"iteration":934,"passed_time":85.17336752,"remaining_time":5.921143196},
{"learn":[0.6389729432],"iteration":935,"passed_time":85.25410582,"remaining_time":5.829340569},
{"learn":[0.6389692045],"iteration":936,"passed_time":85.35202,"remaining_time":5.738716392},
{"learn":[0.638964446],"iteration":937,"passed_time":85.4386367,"remaining_time":5.647329931},
{"learn":[0.6389658414],"iteration":938,"passed_time":85.5363986,"remaining_time":5.556677651},
{"learn":[0.6389629738],"iteration":939,"passed_time":85.61976447,"remaining_time":5.465091349},
{"learn":[0.6389569422],"iteration":940,"passed_time":85.72835228,"remaining_time":5.375103916},
{"learn":[0.6389533992],"iteration":941,"passed_time":85.8168187,"remaining_time":5.283838094},
{"learn":[0.6389511537],"iteration":942,"passed_time":85.91060378,"remaining_time":5.192899698},
{"learn":[0.6389441139],"iteration":943,"passed_time":85.99469793,"remaining_time":5.101380386},
{"learn":[0.6389400442],"iteration":944,"passed_time":86.08623695,"remaining_time":5.010310087},
{"learn":[0.6389375498],"iteration":945,"passed_time":86.18295166,"remaining_time":4.919534239},
{"learn":[0.6389363134],"iteration":946,"passed_time":86.27713685,"remaining_time":4.82860428},
{"learn":[0.638933943],"iteration":947,"passed_time":86.37279228,"remaining_time":4.7377481},
{"learn":[0.6389322339],"iteration":948,"passed_time":86.45864841,"remaining_time":4.646355183},
{"learn":[0.6389276835],"iteration":949,"passed_time":86.5478172,"remaining_time":4.555148274},
{"learn":[0.6389269023],"iteration":950,"passed_time":86.6408032,"remaining_time":4.464142331},
{"learn":[0.6389265987],"iteration":951,"passed_time":86.74085671,"remaining_time":4.373488574},
{"learn":[0.6389264901],"iteration":952,"passed_time":86.83702484,"remaining_time":4.28262347},
{"learn":[0.6389205076],"iteration":953,"passed_time":86.93640629,"remaining_time":4.19190219},
{"learn":[0.6389195582],"iteration":954,"passed_time":87.03152929,"remaining_time":4.100962113},
{"learn":[0.6389173343],"iteration":955,"passed_time":87.12803885,"remaining_time":4.010077102},
{"learn":[0.6389172255],"iteration":956,"passed_time":87.22742152,"remaining_time":3.919309431},
{"learn":[0.6389154938],"iteration":957,"passed_time":87.31275849,"remaining_time":3.827907992},
{"learn":[0.6389169422],"iteration":958,"passed_time":87.41162436,"remaining_time":3.737097601},
{"learn":[0.6389153852],"iteration":959,"passed_time":87.5041463,"remaining_time":3.646006096},
{"learn":[0.6389145951],"iteration":960,"passed_time":87.60218892,"remaining_time":3.555135659},
{"learn":[0.6389112813],"iteration":961,"passed_time":87.68105695,"remaining_time":3.463492894},
{"learn":[0.6389094568],"iteration":962,"passed_time":87.78020645,"remaining_time":3.372655907},
{"learn":[0.638904966],"iteration":963,"passed_time":87.85863624,"remaining_time":3.281027909},
{"learn":[0.6389031055],"iteration":964,"passed_time":87.95199096,"remaining_time":3.189968584},
{"learn":[0.6388986094],"iteration":965,"passed_time":88.04516754,"remaining_time":3.098898236},
{"learn":[0.6388947138],"iteration":966,"passed_time":88.13044833,"remaining_time":3.007554079},
{"learn":[0.6388945616],"iteration":967,"passed_time":88.22193691,"remaining_time":2.916427667},
{"learn":[0.638893721],"iteration":968,"passed_time":88.31335702,"remaining_time":2.825298316},
{"learn":[0.6388910251],"iteration":969,"passed_time":88.40902238,"remaining_time":2.734299661},
{"learn":[0.6388891392],"iteration":970,"passed_time":88.49005396,"remaining_time":2.642854341},
{"learn":[0.6388884169],"iteration":971,"passed_time":88.58346496,"remaining_time":2.551787056},
{"learn":[0.6388853437],"iteration":972,"passed_time":88.67153356,"remaining_time":2.460566707},
{"learn":[0.6388808589],"iteration":973,"passed_time":88.76672052,"remaining_time":2.369542848},
{"learn":[0.6388845159],"iteration":974,"passed_time":88.84546546,"remaining_time":2.278088858},
{"learn":[0.6388772656],"iteration":975,"passed_time":88.92966986,"remaining_time":2.186795161},
{"learn":[0.638875035],"iteration":976,"passed_time":89.01811115,"remaining_time":2.095615718},
{"learn":[0.6388717616],"iteration":977,"passed_time":89.10711824,"remaining_time":2.004454603},
{"learn":[0.6388697046],"iteration":978,"passed_time":89.21617708,"remaining_time":1.913728007},
{"learn":[0.638865555],"iteration":979,"passed_time":89.30786081,"remaining_time":1.822609404},
{"learn":[0.638860146],"iteration":980,"passed_time":89.41069418,"remaining_time":1.731705596},
{"learn":[0.6388607172],"iteration":981,"passed_time":89.50631172,"remaining_time":1.640645225},
{"learn":[0.6388562807],"iteration":982,"passed_time":89.60425524,"remaining_time":1.549615808},
{"learn":[0.6388552473],"iteration":983,"passed_time":89.70616613,"remaining_time":1.458636848},
{"learn":[0.6388531588],"iteration":984,"passed_time":89.81180267,"remaining_time":1.367692426},
{"learn":[0.6388498608],"iteration":985,"passed_time":89.90992328,"remaining_time":1.276611487},
{"learn":[0.6388468775],"iteration":986,"passed_time":90.00554971,"remaining_time":1.185483431},
{"learn":[0.6388457875],"iteration":987,"passed_time":90.08812276,"remaining_time":1.094187726},
{"learn":[0.6388421701],"iteration":988,"passed_time":90.18222932,"remaining_time":1.00303794},
{"learn":[0.6388432006],"iteration":989,"passed_time":90.25611002,"remaining_time":0.911677879},
{"learn":[0.6388428913],"iteration":990,"passed_time":90.33824242,"remaining_time":0.8204280341},
{"learn":[0.6388382259],"iteration":991,"passed_time":90.44011006,"remaining_time":0.7293557263},
{"learn":[0.638835035],"iteration":992,"passed_time":90.51842728,"remaining_time":0.6380956606},
{"learn":[0.6388338742],"iteration":993,"passed_time":90.6108057,"remaining_time":0.5469465133},
{"learn":[0.6388329416],"iteration":994,"passed_time":90.71169588,"remaining_time":0.4558376677},
{"learn":[0.6388347361],"iteration":995,"passed_time":90.80885695,"remaining_time":0.3646942046},
{"learn":[0.6388324728],"iteration":996,"passed_time":90.90403986,"remaining_time":0.2735327177},
{"learn":[0.6388307207],"iteration":997,"passed_time":90.98528159,"remaining_time":0.1823352336},
{"learn":[0.6388309323],"iteration":998,"passed_time":91.07966783,"remaining_time":0.09117083867},
{"learn":[0.6388245152],"iteration":999,"passed_time":91.17871156,"remaining_time":0}
]}